t,I0,I1,S
0.0,1.0,0.0,999.0
0.02,1.0000017657704916,0.01997774164161825,999.1798162708574
0.04,1.000047013344052,0.039911611918285406,999.3596245521234
0.06,1.000135669866973,0.059802576142677394,999.5394240460704
0.08,1.0002676648171789,0.0796515960527808,999.7192139539133
0.1,1.000442929997281,0.09945962986633829,999.8989934757695
0.12000000000000001,1.000661399527769,0.11922763233503572,1000.0787618106194
0.14,1.0009230098403383,0.13895655479843444,1000.2585181562663
0.16,1.001227699671355,0.15864734523765178,1000.4382617092963
0.18,1.0015754100554524,0.17830094832879334,1000.617991665039
0.19999999999999998,1.001966084319265,0.19791830549614006,1000.7977072175272
0.21999999999999997,1.0023996680752951,0.2175003549650933,1000.9774075594572
0.23999999999999996,1.0028761092159126,0.23704803181488132,1001.1570918821486
0.25999999999999995,1.0033953579074888,0.25656226803103027,1001.3367593755047
0.27999999999999997,1.003957366584661,0.2760439925576027,1001.5164092279723
0.3,1.0045620899447307,0.2954941313492069,1001.6960406265016
0.32,1.0052094849421909,0.3149136074227803,1001.8756527565065
0.34,1.0058995107833864,0.3343033409091499,1002.0552448018243
0.36000000000000004,1.0066321289213025,0.3536642491043729,1002.2348159446757
0.38000000000000006,1.007407303050485,0.3729972465208602,1002.4143653656246
0.4000000000000001,1.0082249991020888,0.3923032449382869,1002.5938922435379
0.4200000000000001,1.0090851852390543,0.41158315345429153,1002.7733957555455
0.4400000000000001,1.0099878318514142,0.43083787853496824,1002.9528750769998
0.46000000000000013,1.010932911551727,0.45006832406515396,1003.1323293814356
0.48000000000000015,1.0119203991706374,0.46927539139851415,1003.3117578405297
0.5000000000000001,1.0129502717525651,0.48845997940743013,1003.4911596240605
0.5200000000000001,1.0140225085515187,0.5076229845326906,1003.6705338998676
0.5400000000000001,1.0151370910270363,0.5267653008329907,1003.8498798338111
0.5600000000000002,1.016294002840252,0.545887820034241,1004.0291965897316
0.5800000000000002,1.0174932298500872,0.5649914315786903,1004.208483329409
0.6000000000000002,1.0187347601095664,0.5840770226738639,1004.3877392125223
0.6200000000000002,1.0200185838622584,0.6031454783413214,1004.5669633966087
0.6400000000000002,1.0213446935388404,0.6221976814652362,1004.7461550370226
0.6600000000000003,1.022713083753786,0.6412345128407999,1004.9253132868953
0.6800000000000003,1.0241237513021764,0.6602568512224539,1005.1044372970935
0.7000000000000003,1.025576695156635,0.6792655733719524,1005.2835262161788
0.7200000000000003,1.0270719164643833,0.6982615541062572,1005.4625791903665
0.7400000000000003,1.0286094185444192,0.7172456663452706,1005.6415953634844
0.7600000000000003,1.0301892068848175,0.7362187811594055,1005.8205738769317
0.7800000000000004,1.0318112891401512,0.7551817678169976,1005.9995138696377
0.8000000000000004,1.0334756751290333,0.7741354938315628,1006.1784144780203
0.8200000000000004,1.0351823768317798,0.7930808250089008,1006.357274835945
0.8400000000000004,1.0369314083881935,0.8120186254940496,1006.536094074683
0.8600000000000004,1.0387227860954662,0.830949757818092,1006.7148713228697
0.8800000000000004,1.040556528406201,0.8498750829448178,1006.8936057064631
0.9000000000000005,1.0424326559265549,0.868795460317244,1007.0722963487019
0.9200000000000005,1.0443511914144985,0.8877117479039957,1007.2509423700639
0.9400000000000005,1.046312159778196,0.9066248022455512,1007.4295428882234
0.9600000000000005,1.0483155880745019,0.9255354785003522,1007.6080970180103
0.9800000000000005,1.0503615055075768,0.9444446304907838,1007.7866038713667
1.0000000000000004,1.0524499434276204,0.963353110749025,1007.9650625573054
1.0200000000000005,1.0545809353297222,0.9822617705627743,1008.1434721818674
1.0400000000000005,1.0567545168528283,1.0011714600208512,1008.3218318480795
1.0600000000000005,1.0589707257788263,1.0200830280586775,1008.5001406559113
1.0800000000000005,1.061229602031746,1.0389973225036402,1008.6783977022333
1.1000000000000005,1.0635311876770763,1.0579151901203392,1008.8566020807733
1.1200000000000006,1.0658755269211981,1.076837476655722,1009.0347528820743
1.1400000000000006,1.0682626661109331,1.0957650268841084,1009.2128491934508
1.1600000000000006,1.0706926537332082,1.1146986846521059,1009.3908900989462
1.1800000000000006,1.0731655404148344,1.133639292923422,1009.5688746792894
1.2000000000000006,1.075681378922401,1.1525876938235726,1009.7468020118512
1.2200000000000006,1.078240224162285,1.17154472868449,1009.9246711706011
1.2400000000000007,1.0808421331807745,1.1905112380890337,1010.1024812260636
1.2600000000000007,1.0834871651643057,1.2094880619154058,1010.2802312452744
1.2800000000000007,1.0861753814398152,1.2284760393814744,1010.457920291737
1.3000000000000007,1.0889068454752053,1.2474760090890051,1010.6355474253778
1.3200000000000007,1.0916816228799229,1.266488809067807,1010.8131117025029
1.3400000000000007,1.0944997814056516,1.2855152768197913,1010.9906121757532
1.3600000000000008,1.0973613909471176,1.3045562493629483,1011.1680478940605
1.3800000000000008,1.1002665235430076,1.3236125632752442,1011.3454179026023
1.4000000000000008,1.1032152533770003,1.3426850547384386,1011.5227212427582
1.4200000000000008,1.1062076567789099,1.3617745595818282,1011.6999569520638
1.4400000000000008,1.1092438122259418,1.3808819133259163,1011.8771240641665
1.4600000000000009,1.1123238003440612,1.400007951226011,1012.0542216087806
1.4800000000000009,1.1154477039094732,1.4191535083157576,1012.2312486116414
1.5000000000000009,1.118615607850214,1.4383194194506013,1012.40820409446
1.520000000000001,1.1218275992478555,1.45750651935119,1012.585087074878
1.540000000000001,1.125083767339319,1.4767156426467136,1012.7618965664215
1.560000000000001,1.1283842035188028,1.4959476239181855,1012.9386315784552
1.580000000000001,1.1317290013398185,1.5152032977416672,1013.1152911161367
1.600000000000001,1.13511825651734,1.5344834987314386,1013.29187418037
1.620000000000001,1.1385520669300626,1.5537890615831174,1013.468379767759
1.640000000000001,1.1420305326227722,1.573120821116728,1013.6448068705613
1.660000000000001,1.1455537558088265,1.5924796123197242,1013.8211544766415
1.680000000000001,1.149121840872745,1.611866270389966,1013.997421569424
1.700000000000001,1.1527348943729108,1.6312816307786544,1014.1736071278461
1.720000000000001,1.1563930250443808,1.6507265292332267,1014.3497101263112
1.740000000000001,1.1600963438018073,1.6702018018402125,1014.5257295346405
1.7600000000000011,1.1638449637424686,1.689708285068055,1014.7016643180264
1.7800000000000011,1.1676390001494101,1.7092468158098983,1014.877513436984
1.8000000000000012,1.1714785704946944,1.7288182314263447,1015.0532758473039
1.8200000000000012,1.1753637944427602,1.748423369788181,1015.2289505000031
1.8400000000000012,1.1792947938538925,1.7680630693190802,1015.4045363412775
1.8600000000000012,1.1832716927878006,1.7877381690382783,1015.5800323124533
1.8800000000000012,1.1872946175073058,1.8074495086032283,1015.7554373499379
1.9000000000000012,1.1913636964821372,1.8271979283522348,1015.9307503851712
1.9200000000000013,1.195479060392839,1.8469842693470713,1016.1059703445769
1.9400000000000013,1.1996408421347826,1.8668093734155808,1016.2810961495127
1.9600000000000013,1.2038491768222923,1.8866740831942646,1016.4561267162209
1.9800000000000013,1.2081042017928756,1.9065792421708585,1016.6310609557789
2.0000000000000013,1.212406056611564,1.926525694726902,1016.8058977740495
2.0200000000000014,1.216754883075362,1.9465142861802993,1016.9806360716303
2.0400000000000014,1.2211508252178054,1.9665458628278758,1017.1552747438038
2.0600000000000014,1.2255940293136256,1.9866212719879337,1017.3298126804866
2.0800000000000014,1.2300846438835251,2.0067413620428054,1017.504248766179
2.1000000000000014,1.2346228196990587,2.0269069824814108,1017.6785818799137
2.1200000000000014,1.239208709787625,2.047118983941818,1017.852810895205
2.1400000000000015,1.2438424694375638,2.06737821825381,1018.0269346799972
2.1600000000000015,1.2485242562033634,2.0876855384814594,1018.200952096613
2.1800000000000015,1.2532542299109741,2.108041798965716,1018.3748620017018
2.2000000000000015,1.2580325526632319,2.128447855367004,1018.5486632461875
2.2200000000000015,1.262859388845387,2.148904564707837,1018.7223546752166
2.2400000000000015,1.267734905130743,2.169412785415447,1018.8959351281051
2.2600000000000016,1.2726592704864015,2.189973377364436,1019.0694034382861
2.2800000000000016,1.277632656179116,2.210587201919445,1019.2427584332571
2.3000000000000016,1.2826552357812522,2.231255121977849,1019.4159989345262
2.3200000000000016,1.2877271851768566,2.2519780020124776,1019.5891237575593
2.3400000000000016,1.2928486825678323,2.2727567081143594,1019.7621317117256
2.3600000000000017,1.2980199084802224,2.2935921080355013,1019.9350216002446
2.3800000000000017,1.303241045770601,2.3144850712316956,1020.1077922201312
2.4000000000000017,1.3085122796325703,2.3354364689053613,1020.2804423621417
2.4200000000000017,1.3138337976033676,2.356447174048424,1020.4529708107189
2.4400000000000017,1.3192057895705764,2.3775180614852287,1020.6253763439373
2.4600000000000017,1.3246284477789478,2.398650007915499,1020.797657733448
2.4800000000000018,1.3301019668373264,2.419843891957331,1020.969813744423
2.5000000000000018,1.335626543725686,2.441100594190237,1021.1418431354999
2.520000000000002,1.34120237780227,2.4624209971982336,1021.3137446587255
2.540000000000002,1.3468296708108405,2.4838059856129755,1021.4855170594997
2.560000000000002,1.3525086268880346,2.5052564461569435,1021.6571590765195
2.580000000000002,1.3582394525708261,2.5267732676866816,1021.8286694417218
2.600000000000002,1.3640223568040961,2.548357341236089,1022.0000468802264
2.620000000000002,1.3698575509483095,2.5700095600597685,1022.1712901102788
2.640000000000002,1.3757452487872988,2.591730819676435,1022.3423978431929
2.660000000000002,1.3816856665361548,2.61352201791238,1022.5133687832924
2.680000000000002,1.387679022849224,2.635384054945003,1022.6842016278539
2.700000000000002,1.3937255388282135,2.6573178333464025,1022.8548950670473
2.720000000000002,1.399825438030402,2.6793242581270382,1023.025447783878
2.740000000000002,1.4059789464769583,2.701404236779457,1023.1958584541275
2.760000000000002,1.4121862926613655,2.7235586793220916,1023.3661257462941
2.780000000000002,1.4184477075579538,2.7457884983431304,1023.5362483215339
2.800000000000002,1.4247634246305376,2.768094609044463,1023.7062248336005
2.820000000000002,1.431133679841162,2.7904779292856987,1023.8760539287848
2.840000000000002,1.4375587116589537,2.812939379628267,1024.0457342458553
2.860000000000002,1.4440387610690801,2.835479883379595,1024.2152644159964
2.880000000000002,1.450574071581814,2.858100366637368,1024.3846430627484
2.900000000000002,1.457164889241706,2.880801758333873,1024.5538688019453
2.920000000000002,1.4638114626368617,2.9035849902804323,1024.7229402416542
2.940000000000002,1.4705140429083274,2.926450997211918,1024.8918559821122
2.960000000000002,1.4772728837595814,2.949400716831361,1025.0606146156651
2.980000000000002,1.4840882414661316,2.972435089854652,1025.2292147267044
3.000000000000002,1.4909603748852194,2.9955550600553327,1025.397654891605
3.0200000000000022,1.4978895454656311,3.0187615743094853,1025.5659336786614
3.0400000000000023,1.5048760172576148,3.0420555826407187,1025.7340496480242
3.0600000000000023,1.511920056922903,3.0654380382652535,1025.9020013516374
3.0800000000000023,1.5190219337448432,3.0889098976371088,1026.0697873331728
3.1000000000000023,1.5261819196386333,3.1124721204933925,1026.2374061279668
3.1200000000000023,1.5334002891616636,3.1361256698996955,1026.4048562629548
3.1400000000000023,1.5406773195239654,3.1598715122955934,1026.5721362566064
3.1600000000000024,1.5480132905987651,3.183710617540257,1026.7392446188605
3.1800000000000024,1.5554084849331453,3.207643958958175,1026.9061798510586
3.2000000000000024,1.56286318775881,3.2316725133849853,1027.0729404458793
3.2200000000000024,1.5703776870029582,3.2557972612134245,1027.239524887272
3.2400000000000024,1.5779522732992617,3.2800191864393926,1027.4059316503894
3.2600000000000025,1.585587239998949,3.3043392767081357,1027.572159201522
3.2800000000000025,1.593282883181996,3.328758523360547,1027.7382059980287
3.3000000000000025,1.6010395016684213,3.353277921479594,1027.9040704882702
3.3200000000000025,1.6088573970296873,3.3778984699368637,1028.0697511115407
3.3400000000000025,1.616736873600207,3.4026211714392383,1028.2352462979993
3.3600000000000025,1.624678238488957,3.427447032575695,1028.4005544686015
3.3800000000000026,1.632681801591195,3.4523770638642373,1028.5656740350294
3.4000000000000026,1.640747875600283,3.4774122797989544,1028.7306033996224
3.4200000000000026,1.6488767760196152,3.502553698897217,1028.895340955308
3.4400000000000026,1.657068821174653,3.5278023437470036,1029.0598850855308
3.4600000000000026,1.665324332225062,3.553159241054369,1029.2242341641818
3.4800000000000026,1.6736436331769569,3.578625421691043,1029.388386555528
3.5000000000000027,1.6820270508952495,3.6042019207421774,1029.552340614141
3.5200000000000027,1.6904749151161023,3.629889777554228,1029.7160946848244
3.5400000000000027,1.6989875584594862,3.6556900357829853,1029.879647102543
3.5600000000000027,1.7075653164418434,3.681603743441747,1030.0429961923498
3.5800000000000027,1.7162085274888539,3.7076319529496384,1030.206140269313
3.6000000000000028,1.724917532948307,3.733775721180084,1030.369077638443
3.6200000000000028,1.7336926771030774,3.760036109509427,1030.531806594619
3.640000000000003,1.7425343071842032,3.7864141838656997,1030.6943254225143
3.660000000000003,1.7514427733840707,3.812911014777555,1030.8566323965233
3.680000000000003,1.760418428869701,3.839527677423344,1031.0187257806856
3.700000000000003,1.76946162979614,3.86626525168036,1031.1806038286115
3.720000000000003,1.7785727353199543,3.893124822174235,1031.3422647834063
3.740000000000003,1.7877521076128264,3.920107478328503,1031.5037068775944
3.760000000000003,1.7970001118752572,3.947214314414319,1031.6649283330432
3.780000000000003,1.8063171163503682,3.9744464296003503,1031.8259273608867
3.800000000000003,1.815703492337808,4.001804928002828,1031.9867021614475
3.820000000000003,1.8251596142077608,4.02929091873577,1032.1472509241603
3.840000000000003,1.8346858594150584,4.0569055159613665,1032.3075718274936
3.860000000000003,1.8442826085133917,4.08464983894055,1032.4676630388717
3.880000000000003,1.8539502451696273,4.112525012083722,1032.6275227145961
3.900000000000003,1.8636891561782232,4.140532165001667,1032.7871489997658
3.920000000000003,1.8734997314757476,4.168672432556633,1032.9465400281986
3.940000000000003,1.883382364155498,4.196946954913599,1033.1056939223508
3.960000000000003,1.8933374504822222,4.225356877591714,1033.2646087932371
3.980000000000003,1.9033653899069385,4.253903351515917,1033.42328274035
4.000000000000003,1.9134665850818577,4.2825875330687495,1033.5817138515783
4.020000000000002,1.9236414418754053,4.3114105841423385,1033.739900203126
4.040000000000002,1.9338903693873426,4.340373672190575,1033.8978398594297
4.060000000000001,1.9442137799639878,4.369477970281473,1034.0555308730775
4.080000000000001,1.954612089213537,4.398724657149725,1034.2129712847247
4.1000000000000005,1.9650857160214834,4.428114917249442,1034.3701591230117
4.12,1.9756350825661355,4.457649940807085,1034.52709240448
4.14,1.9862606143342338,4.487330923874595,1034.683769133488
4.159999999999999,1.996962740136665,4.517159068382713,1034.8401873021269
4.179999999999999,2.0077418921242742,4.547135582194502,1034.996344890135
4.199999999999998,2.0185985058037743,4.577261679159061,1035.1522398648137
4.219999999999998,2.0295330200537522,4.60753857916544,1035.3078701809402
4.2399999999999975,2.040545877140772,4.637967508196763,1035.463233780682
4.259999999999997,2.0516375227355725,4.668549698384541,1035.6183285935108
4.279999999999997,2.0628084059293634,4.699286388063204,1035.7731525361144
4.299999999999996,2.074058979250214,4.730178821824822,1035.9277035123098
4.319999999999996,2.0853896986795384,4.761228250574049,1036.081979412955
4.339999999999995,2.0968010236686734,4.792435931583261,1036.2359781158607
4.359999999999995,2.108293417155552,4.823803128547919,1036.3896974857014
4.379999999999995,2.119867345581471,4.855331111642123,1036.5431353739261
4.399999999999994,2.131523278907948,4.887021157574401,1036.6962896186683
4.419999999999994,2.1432616906336737,4.9188745496436965,1036.8491580446562
4.439999999999993,2.1550830578115563,4.950892577795575,1037.0017384631221
4.459999999999993,2.166987861065856,4.98307653867865,1037.1540286717109
4.479999999999992,2.1789765846094107,5.015427735701224,1037.3060264543885
4.499999999999992,2.191049716260951,5.047947479088152,1037.4577295813506
4.519999999999992,2.2032077474625074,5.080637085937919,1037.609135808929
4.539999999999991,2.215451173296905,5.11349788027995,1037.7602428795
4.559999999999991,2.2277804925053455,5.146531193132131,1037.9110485213903
4.57999999999999,2.2401962075050794,5.179738362558567,1038.0615504487826
4.59999999999999,2.2526988244071644,5.2131207337275525,1038.2117463616225
4.6199999999999894,2.265288853034309,5.246679658969781,1038.3616339455234
4.639999999999989,2.2779668069388044,5.280416497836777,1038.5112108716705
4.659999999999989,2.29073320342054,5.314332617159554,1038.6604747967262
4.679999999999988,2.303588563545104,5.348429391107511,1038.8094233627332
4.699999999999988,2.316533412161967,5.382708201247556,1038.958054197018
4.719999999999987,2.3295682779227493,5.417170436603459,1039.1063649120943
4.739999999999987,2.3426936932995703,5.451817493715449,1039.2543531055649
4.7599999999999865,2.355910194603479,5.486650776700038,1039.4020163600237
4.779999999999986,2.3692183220029643,5.521671697310079,1039.5493522429579
4.799999999999986,2.3826186195425483,5.556881674995073,1039.696358306648
4.819999999999985,2.396111635161454,5.592282136961702,1039.8430320880695
4.839999999999985,2.4096979207123543,5.627874518234609,1039.989371108792
4.859999999999984,2.423378031980197,5.663660261717413,1040.1353728748795
4.879999999999984,2.4371525287011067,5.699640818253971,1040.281034876789
4.8999999999999835,2.45102197458136,5.7358176466898785,1040.4263545892695
4.919999999999983,2.464986937316439,5.772192213934216,1040.5713294712605
4.939999999999983,2.4790479886101537,5.808765995021536,1040.715956965789
4.959999999999982,2.49320570419384,5.845540473174098,1040.8602344998676
4.979999999999982,2.5074606638456265,5.882517139864351,1041.0041594843906
4.999999999999981,2.5218134514097756,5.91969749487766,1041.1477293140306
5.019999999999981,2.5362646548160885,5.95708304637528,1041.290941367134
5.0399999999999805,2.5508148660993823,5.994675310957582,1041.4337930056172
5.05999999999998,2.5654646814190336,6.032475813727526,1041.57628157486
5.07999999999998,2.5802147010785856,6.070486088354383,1041.7184044036017
5.099999999999979,2.5950655295454226,6.108707677137712,1041.8601588038334
5.119999999999979,2.6100177754705065,6.147142131071585,1042.001542070693
5.139999999999978,2.6250720517081763,6.185791009909066,1042.1425514823566
5.159999999999978,2.640228975336008,6.2246558822269416,1042.2831842999321
5.1799999999999775,2.6554891676747348,6.263738325490709,1042.4234377673508
5.199999999999977,2.670853254308225,6.303039926119813,1042.5633091112586
5.219999999999977,2.686321865103517,6.342562279553142,1042.7027955409078
5.239999999999976,2.701895634230911,6.382306990314777,1042.8418942480469
5.259999999999976,2.7175752001841142,6.422275672079998,1042.980602406811
5.279999999999975,2.73336120580044,6.462469947741548,1043.1189171736112
5.299999999999975,2.7492542982810555,6.50289144947615,1043.2568356870245
5.3199999999999745,2.7652551292112824,6.543541818811285,1043.394355067681
5.339999999999974,2.781364354580945,6.584422706692227,1043.531472418154
5.359999999999974,2.797582634804765,6.625535773549338,1043.6681848228452
5.379999999999973,2.8139106347428013,6.666882689365612,1043.8044893478746
5.399999999999973,2.8303490237209346,6.708465133744494,1043.9403830409651
5.419999999999972,2.8468984755513915,6.750284795977945,1044.07586293133
5.439999999999972,2.8635596685533122,6.79234337511477,1044.2109260295583
5.4599999999999715,2.8803332855733554,6.83464258002921,1044.3455693275
5.479999999999971,2.8972200140063378,6.877184129489787,1044.4797897981512
5.499999999999971,2.914220545815913,6.919969752228412,1044.613584395538
5.51999999999997,2.9313355775552803,6.9630011870097555,1044.7469500546015
5.53999999999997,2.9485658103879255,7.006280182700874,1044.8798836910794
5.559999999999969,2.965911950108393,7.049808498341099,1045.0123822013907
5.579999999999969,2.9833747071630827,7.093587903212184,1045.1444424625174
5.599999999999969,3.0009547966710746,7.137620176908714,1045.2760613318865
5.619999999999968,3.0186529384449754,7.181907109408777,1045.4072356472518
5.639999999999968,3.036469857011788,7.2264505011448845,1045.537962226575
5.659999999999967,3.0544062816338,7.271252163075168,1045.668237867906
5.679999999999967,3.072462946329489,7.316313916754821,1045.798059349264
5.699999999999966,3.0906405898944422,7.3616375944078065,1045.9274234285153
5.719999999999966,3.108939955922292,7.407225038998827,1046.0563268432552
5.739999999999966,3.127361792825658,7.453078104305542,1046.1847663106848
5.759999999999965,3.145906853857102,7.499198654991055,1046.3127385274902
5.779999999999965,3.1645758971300832,7.545588566676653,1046.44024016972
5.799999999999964,3.1833696856399234,7.5922497260148,1046.5672678926633
5.819999999999964,3.202288987284769,7.639184030762399,1046.6938183307263
5.839999999999963,3.2213345748865514,7.686393389854295,1046.819888097309
5.859999999999963,3.2405072262119483,7.733879723477045,1046.9454737846818
5.879999999999963,3.2598077239933327,7.781644963142938,1047.0705719638602
5.899999999999962,3.279236855949717,7.829691051764269,1047.1951791844808
5.919999999999962,3.2987954148076826,7.878019943727869,1047.3192919746764
5.939999999999961,3.3184841983222984,7.926633604969887,1047.4429068409493
5.959999999999961,3.3383040092980183,7.9755340130508205,1047.5660202680465
5.9799999999999605,3.358255655609562,8.024723157230799,1047.6886287188327
5.99999999999996,3.3783399502227702,8.074203038545122,1047.8107286341633
6.01999999999996,3.398557711215437,8.123975669880034,1047.9323164327575
6.039999999999959,3.418909761798111,8.17404307604876,1048.0533885110701
6.059999999999959,3.439396930334865,8.224407293867781,1048.173941243164
6.079999999999958,3.460020050364033,8.275070372233353,1048.2939709805814
6.099999999999958,3.4807799606189067,8.326034372198277,1048.4134740522147
6.1199999999999575,3.501677505048392,8.377301367048904,1048.5324467641776
6.139999999999957,3.5227135328376216,8.428873442382384,1048.6508853996752
6.159999999999957,3.5438888984285186,8.48075269618416,1048.7687862188736
6.179999999999956,3.56520446154031,8.532941238905693,1048.8861454587702
6.199999999999956,3.5866610871899867,8.585441193542424,1049.0029593330623
6.219999999999955,3.608259645712703,8.638254695711982,1049.1192240320156
6.239999999999955,3.630001012782118,8.691383893732608,1049.2349357223331
6.2599999999999545,3.6518860694306676,8.744830948701827,1049.3500905470232
6.279999999999954,3.6739157020697735,8.798598034575335,1049.464684625267
6.299999999999954,3.6960908025099743,8.852687338246131,1049.5787140522855
6.319999999999953,3.718412267980985,8.907101059623857,1049.692174899207
6.339999999999953,3.740881001151673,8.961841411714374,1049.8050632129336
6.359999999999952,3.763497910149953,9.016910620699557,1049.9173750160073
6.379999999999952,3.7862639085825918,9.072310926017302,1050.0291063064758
6.3999999999999515,3.8091799155549233,9.128044580441761,1050.1402530577584
6.419999999999951,3.8322468556904656,9.184113850163792,1050.2508112185114
6.439999999999951,3.85546565915044,9.240521014871605,1050.3607767124925
6.45999999999995,3.8788372616531843,9.297268367831641,1050.4701454384258
6.47999999999995,3.9023626044934567,9.354358215969636,1050.5789132698665
6.499999999999949,3.92604263456163,9.41179287995191,1050.6870760550642
6.519999999999949,3.9498783043627648,9.469574694266843,1050.7946296168268
6.5399999999999485,3.973870572035562,9.527706007306554,1050.9015697523846
6.559999999999948,3.99802040137119,9.58618918144878,1051.007892233253
6.579999999999948,4.02232876183198,9.645026593138947,1051.113592805095
6.599999999999947,4.046796628569982,9.704220632972424,1051.218667187585
6.619999999999947,4.0714249824453885,9.763773705776973,1051.3231110742697
6.639999999999946,4.096214810044803,9.82368823069538,1051.4269201324319
6.659999999999946,4.121167103699364,9.883966641268259,1051.5300900029506
6.6799999999999455,4.146282861502711,9.944611385517042,1051.6326163001645
6.699999999999945,4.171563087328795,10.005624926027142,1051.7344946117319
6.719999999999945,4.197008790849511,10.067009740031276,1051.835720498493
6.739999999999944,4.222620987552173,10.128768319492963,1051.9362894943301
6.759999999999944,4.248400698756807,10.190903171190179,1052.036197106029
6.779999999999943,4.274348951633259,10.253416816799177,1052.1354388131397
6.799999999999943,4.30046677921812,10.316311792978448,1052.2340100678362
6.8199999999999426,4.326755220431457,10.379590651452846,1052.3319062947774
6.839999999999942,4.353215320093345,10.443255959097849,1052.4291228909667
6.859999999999942,4.379848128940194,10.507310298023967,1052.5256552256126
6.879999999999941,4.406654703640865,10.571756265661277,1052.6214986399882
6.899999999999941,4.433636106812575,10.636596474844108,1052.7166484472905
6.91999999999994,4.460793407036571,10.701833553895833,1052.8110999325006
6.93999999999994,4.488127678873587,10.7674701467138,1052.9048483522427
6.95999999999994,4.515640002879052,10.833508912854372,1052.997888934644
6.979999999999939,4.543331465618072,10.899952527618082,1053.0902168791931
6.999999999999939,4.571203159680156,10.966803682134897,1053.1818273566
7.019999999999938,4.599256183693688,11.03406508344958,1053.272715508655
7.039999999999938,4.627491642340147,11.10173945460716,1053.3628764480875
7.059999999999937,4.6559106463680475,11.169829534738476,1053.4523052584252
7.079999999999937,4.684514312606617,11.238338079145826,1053.5409969938535
7.099999999999937,4.713303763979191,11.307267859388686,1053.6289466790734
7.119999999999936,4.742280129516313,11.376621663369496,1053.7161493091617
7.139999999999936,4.771444544368553,11.446402295419537,1053.8025998494293
7.159999999999935,4.80079814981901,11.516612576384846,1053.8882932352801
7.179999999999935,4.830342093295518,11.587255343712204,1053.9732243720705
7.1999999999999345,4.860077528382529,11.658333451535164,1054.0573881349683
7.219999999999934,4.890005614832673,11.72984977076013,1054.1407793688113
7.239999999999934,4.920127518577989,11.801807189152461,1054.2233928879677
7.259999999999933,4.950444411740815,11.874208611422622,1054.3052234761942
7.279999999999933,4.980957472644331,11.947056959312341,1054.386265886496
7.299999999999932,5.011667885822752,12.020355171680793,1054.466514840986
7.319999999999932,5.042576842031154,12.094106204590785,1054.5459650307453
7.3399999999999315,5.073685538254927,12.168313031394954,1054.6246111156815
7.359999999999931,5.104995177718859,12.242978642821939,1054.7024477243906
7.379999999999931,5.136506969895823,12.31810604706256,1054.7794694540155
7.39999999999993,5.1682221305150735,12.39369826985597,1054.855670870107
7.41999999999993,5.200141881570139,12.46975835457576,1054.9310465064843
7.439999999999929,5.232267451326301,12.546289362316054,1055.005590865096
7.459999999999929,5.26460007432765,12.62329437197754,1055.0792984158813
7.4799999999999285,5.297140991403718,12.70077648035345,1055.1521635966305
7.499999999999928,5.329891449675659,12.778738802215484,1055.2241808128474
7.519999999999928,5.362852702561999,12.857184470399648,1055.2953444376108
7.539999999999927,5.396026009783912,12.936116635892029,1055.3656488114366
7.559999999999927,5.429412637370041,13.01553846791447,1055.435088242141
7.579999999999926,5.463013857660836,13.095453154010144,1055.503657004703
7.599999999999926,5.496830949312407,13.175863900129034,1055.5713493411272
7.6199999999999255,5.530865197299888,13.256773930713278,1055.6381594603083
7.639999999999925,5.56511789292029,13.338186488782396,1055.704081537895
7.659999999999925,5.599590333794836,13.42010483601838,1055.7691097161542
7.679999999999924,5.634283823870783,13.502532252850635,1055.8332381038358
7.699999999999924,5.669199673422692,13.58547203854076,1055.8964607760395
7.719999999999923,5.704339199053169,13.668927511267164,1055.958771774079
7.739999999999923,5.739703723693039,13.752902008209507,1056.0201651053496
7.7599999999999225,5.77529457660096,13.83739888563294,1056.080634743195
7.779999999999922,5.811113093362453,13.922421518972158,1056.140174626775
7.799999999999922,5.8471606158883525,14.007973302915227,1056.198778660933
7.819999999999921,5.883438492412653,14.094057651487205,1056.2564407160658
7.839999999999921,5.919948077489746,14.180677998133513,1056.3131546279924
7.85999999999992,5.956690731991039,14.267837795803066,1056.368914197824
7.87999999999992,5.993667823100939,14.35554051703115,1056.4237131918355
7.8999999999999195,6.0308807243121905,14.443789654022016,1056.477545341336
7.919999999999919,6.068330815420569,14.532588718731208,1056.5304043425415
7.939999999999919,6.106019482518893,14.62194124294758,1056.582283856448
7.959999999999918,6.143948117990369,14.71185077837501,1056.6331775087044
7.979999999999918,6.182118120501238,14.8023208967138,1056.6830788894886
7.999999999999917,6.2205308949927245,14.89335518974173,1056.731981553381
8.019999999999918,6.259187852672267,14.98495726939477,1056.7798790192423
8.039999999999917,6.298090411004024,15.07713076784743,1056.8267647700895
8.059999999999917,6.337239993698638,15.16987933759274,1056.8726322529744
8.079999999999917,6.37663803070225,15.26320665152182,1056.9174748788628
8.099999999999916,6.416285958184744,15.357116403003081,1056.9612860225138
8.119999999999916,6.456185218527218,15.451612305960971,1057.0040590223616
8.139999999999915,6.496337260308661,15.546698094954314,1057.0457871803962
8.159999999999915,6.536743538291829,15.642377525254188,1057.086463762048
8.179999999999914,6.5774055134083,15.738654372921346,1057.12608199607
8.199999999999914,6.618324652742697,15.835532434883152,1057.164635074425
8.219999999999914,6.659502429516072,15.933015529010031,1057.2021161521702
8.239999999999913,6.700940323068431,16.031107494191403,1057.2385183473464
8.259999999999913,6.742639818840375,16.129812190411087,1057.273834740865
8.279999999999912,6.784602408353871,16.229133498822176,1057.3080583763992
8.299999999999912,6.8268295891921165,16.329075321821332,1057.341182260275
8.319999999999911,6.869322864978483,16.42964158312253,1057.3731993613635
8.339999999999911,6.912083745354541,16.530836227830193,1057.4041026109749
8.35999999999991,6.9551137459571315,16.6326632225117,1057.433884902754
8.37999999999991,6.99841438839449,16.7351265552693,1057.4625390925764
8.39999999999991,7.041987200221387,16.838230235811366,1057.4900579984471
8.41999999999991,7.085833714913285,16.941978295522972,1057.5164344003997
8.439999999999909,7.1299554718394935,17.0463747875358,1057.541661040398
8.459999999999908,7.174354016235304,17.151423786797345,1057.5657306222377
8.479999999999908,7.219030899173088,17.257129390139387,1057.5886358114517
8.499999999999908,7.263987677532354,17.363495716345746,1057.6103692352153
8.519999999999907,7.309225913968728,17.470526906219252,1057.630923482254
8.539999999999907,7.354747176881863,17.578227122647956,1057.6502911027526
8.559999999999906,7.4005530403822455,17.686600550670533,1057.6684646082658
8.579999999999906,7.446645084256892,17.795651397540865,1057.6854364716314
8.599999999999905,7.493024893933915,17.905383892791786,1057.7011991268844
8.619999999999905,7.539694060445941,18.01580228829797,1057.7157449691738
8.639999999999905,7.586654180392372,18.12691085833793,1057.7290663546803
8.659999999999904,7.633906855900465,18.238713899655114,1057.7411556005368
8.679999999999904,7.681453694585211,18.351215731518085,1057.7520049847508
8.699999999999903,7.729296309508013,18.464420695779744,1057.7616067461277
8.719999999999903,7.777436319134122,18.578333156935585,1057.769953084198
8.739999999999903,7.825875347288834,18.69295750218097,1057.7770361591452
8.759999999999902,7.874615023112422,18.80829814146737,1057.7828480917356
8.779999999999902,7.92365698101378,18.924359507557575,1057.7873809632522
8.799999999999901,7.9730028606227785,19.041146056079864,1057.7906268154284
8.8199999999999,8.022654306741295,19.158662265581043,1057.7925776503857
8.8399999999999,8.072612969292909,19.276912637578423,1057.7932254305733
8.8599999999999,8.12288050327125,19.395901696610636,1057.7925620787091
8.8799999999999,8.173458568686973,19.515633990287295,1057.7905794777248
8.899999999999899,8.224348830513339,19.636114089337482,1057.7872694707119
8.919999999999899,8.275552958630396,19.757346587657015,1057.7826238608714
8.939999999999898,8.327072627767729,19.87933610235449,1057.7766344114648
8.959999999999898,8.378909517445766,20.00208727379605,1057.7692928457693
8.979999999999897,8.431065311915622,20.125604765648887,1057.760590847034
8.999999999999897,8.483541700097458,20.249893264923415,1057.75052005844
9.019999999999897,8.536340375517344,20.374957482014107,1057.7390720830622
9.039999999999896,8.589463036242595,20.500802150738963,1057.7262384838348
9.059999999999896,8.642911384815571,20.627432028377587,1057.7120107835196
9.079999999999895,8.69668712818592,20.75485189570785,1057.6963804646766
9.099999999999895,8.750791977641237,20.88306655704108,1057.6793389696377
9.119999999999894,8.805227648736132,21.012080840255788,1057.6608777004838
9.139999999999894,8.859995861219673,21.141899596829887,1057.6409880190242
9.159999999999894,8.915098338961197,21.27252770187137,1057.6196612467807
9.179999999999893,8.970536809874464,21.40397005414741,1057.5968886649723
9.199999999999893,9.026313005840128,21.5362315761119,1057.5726615145054
9.219999999999892,9.082428662626523,21.669317213931304,1057.5469709959666
9.239999999999892,9.138885519808712,21.803231937508922,1057.519808269618
9.259999999999891,9.195685320685818,21.93798074050741,1057.4911644553965
9.279999999999891,9.252829812196591,22.07356864036961,1057.4610306329175
9.29999999999989,9.310320744833186,22.21000067833763,1057.4293978414798
9.31999999999989,9.368159872553159,22.347281919470113,1057.3962570800763
9.33999999999989,9.426348952689628,22.485417452657742,1057.3615993074072
9.35999999999989,9.484889745859608,22.624412390636834,1057.3254154418964
9.379999999999889,9.543784015870472,22.764271870001117,1057.287696361713
9.399999999999888,9.603033529624541,22.905001051211542,1057.2484329047954
9.419999999999888,9.662640057021768,23.046605118604177,1057.2076158688799
9.439999999999888,9.722605370860489,23.18908928039612,1057.1652360115324
9.459999999999887,9.782931246736245,23.33245876868939,1057.1212840501857
9.479999999999887,9.843619462938634,23.476718839472742,1057.0757506621783
9.499999999999886,9.904671800346163,23.621874772621464,1057.0286264847998
9.519999999999886,9.966090042319113,23.767931871894984,1056.9799021153387
9.539999999999885,10.027875974590355,23.91489546493236,1056.9295681111353
9.559999999999885,10.090031385154134,24.06277090324557,1056.8776149896387
9.579999999999885,10.15255806415277,24.211563562210582,1056.8240332284677
9.599999999999884,10.21545780376126,24.361278841056134,1056.7688132654766
9.619999999999884,10.278732398069785,24.51192216285024,1056.7119454988253
9.639999999999883,10.34238364296407,24.663498974484348,1056.6534202870541
9.659999999999883,10.406413336003576,24.81601474665512,1056.5932279491624
9.679999999999882,10.470823276297539,24.969474973843795,1056.5313587646926
9.699999999999882,10.535615264378787,25.123885174293104,1056.4678029738193
9.719999999999882,10.600791102075346,25.279250889981693,1056.4025507774418
9.739999999999881,10.6663525923798,25.43557768659601,1056.3355923372828
9.75999999999988,10.732301539316389,25.59287115349963,1056.2669177759917
9.77999999999988,10.79863974780582,25.751136903699962,1056.196517177252
9.79999999999988,10.865369023527776,25.910380573812315,1056.1243805858949
9.81999999999988,10.932491172781086,26.070607824021263,1056.0504980080175
9.839999999999879,11.000008002341557,26.231824338039292,1055.9748594111065
9.859999999999879,11.067921319317431,26.39403582306266,1055.8974547241667
9.879999999999878,11.136232931002446,26.557248009724454,1055.8182738378548
9.899999999999878,11.204944644726494,26.72146665204479,1055.7373066046193
9.919999999999877,11.27405826770383,26.886697527378114,1055.6545428388456
9.939999999999877,11.343575606878845,27.052946436357562,1055.569972317006
9.959999999999877,11.413498468769346,27.220219202836343,1055.4835847778158
9.979999999999876,11.483828659307344,27.388521673826084,1055.3953699223957
9.999999999999876,11.554567983677334,27.55785971943212,1055.3053174144388
10.019999999999875,11.625718246152019,27.72823923278567,1055.2134168803839
10.039999999999875,11.69728124992549,27.89966612997284,1055.1196579095954
10.059999999999874,11.769258796943824,28.07214634996045,1055.0240300545481
10.079999999999874,11.841652687733067,28.245685854518598,1054.9265228310187
10.099999999999874,11.914464721224622,28.42029062813993,1054.827125718283
10.119999999999873,11.987696694577979,28.595966677955595,1054.7258281593197
10.139999999999873,12.061350403000786,28.772720033647794,1054.6226195610207
10.159999999999872,12.135427639566249,28.950556747358924,1054.5174892944067
10.179999999999872,12.209930195027827,29.12948289359723,1054.4104266948502
10.199999999999871,12.284859857631204,29.30950456913895,1054.301421062305
10.219999999999871,12.360218412923532,29.490627892926888,1054.1904616615413
10.23999999999987,12.436007643559908,29.67285900596537,1054.0775377223886
10.25999999999987,12.512229329107079,29.856204071211554,1053.9626384399846
10.27999999999987,12.588885245844358,30.040669273463013,1053.8457529750317
10.29999999999987,12.665977166561708,30.226260819241574,1053.7268704540586
10.319999999999869,12.74350686035502,30.41298493667335,1053.6059799696914
10.339999999999868,12.821476092418512,30.60084787536492,1053.4830705809293
10.359999999999868,12.899886623834298,30.789855906275605,1053.3581313134293
10.379999999999868,12.978740211359032,30.9800153215858,1053.2311511597968
10.399999999999867,13.058038607207674,31.171332434561304,1053.102119079884
10.419999999999867,13.137783558834341,31.3638135794136,1052.9710240010957
10.439999999999866,13.217976808710201,31.557465111156034,1052.8378548187022
10.459999999999866,13.298620094098434,31.75229340545587,1052.70260039616
10.479999999999865,13.37971514682622,31.948304858482114,1052.56524956544
10.499999999999865,13.461263693053738,32.14550588674911,1052.4257911273626
10.519999999999865,13.543267453040173,32.34390292695585,1052.2842138519425
10.539999999999864,13.625728140906705,32.54350243582089,1052.1405064787384
10.559999999999864,13.708647464396476,32.74431088991294,1051.9946577172132
10.579999999999863,13.7920271246315,32.946334785476914,1051.8466562471008
10.599999999999863,13.875868815866536,33.14958063825558,1051.6964907187812
10.619999999999862,13.960174225239875,33.35405498330657,1051.5441497536635
10.639999999999862,14.044945032521051,33.55976437481483,1051.3896219445778
10.659999999999862,14.130182909855458,33.766715385900426,1051.232895856174
10.679999999999861,14.215889521505852,33.97491460842159,1051.073960025331
10.69999999999986,14.302066523590746,34.18436865277308,1050.9128029615715
10.71999999999986,14.388715563819657,34.39508414767967,1050.7494131474884
10.73999999999986,14.47583828122523,34.607067739984814,1050.583779039177
10.75999999999986,14.563436305892196,34.82032609443438,1050.4158890666777
10.779999999999859,14.651511258683184,35.034865893455404,1050.2457316344262
10.799999999999859,14.740064750961341,35.25069383692988,1050.073295121714
10.819999999999858,14.829098384309795,35.467816641963395,1049.8985678831552
10.839999999999858,14.918613750247914,35.68624104264873,1049.7215382491654
10.859999999999857,15.008612429944385,35.905973789824216,1049.5421945264468
10.879999999999857,15.09909599392708,36.12702165082689,1049.3605249984842
10.899999999999856,15.190066001789713,36.34939140924038,1049.176517926049
10.919999999999856,15.281524001895303,36.57308986463746,1048.9901615477133
10.939999999999856,15.373471531076387,36.79812383231717,1048.801444080373
10.959999999999855,15.46591011433204,37.024500143036555,1048.6103537197791
10.979999999999855,15.558841264521648,37.25222564273691,1048.4168786410814
10.999999999999854,15.652266482055461,37.48130719226444,1048.221006999378
11.019999999999854,15.746187254581914,37.71175166708536,1048.0227269302768
11.039999999999853,15.840605056671704,37.94356595699536,1047.822026550466
11.059999999999853,15.935521349498648,38.17675696582333,1047.6188939582942
11.079999999999853,16.030937580517296,38.41133161112936,1047.4133172343602
11.099999999999852,16.12685518313731,38.64729682389695,1047.205284442113
11.119999999999852,16.223275576394606,38.88465954821932,1046.9947836284614
11.139999999999851,16.32020016461929,39.12342674097987,1046.7818028243935
11.159999999999851,16.417630337100334,39.36360537152666,1046.5663300456065
11.17999999999985,16.515567467747047,39.60520242134085,1046.3483532931464
11.19999999999985,16.614012914747317,39.84822488369913,1046.1278605540579
11.21999999999985,16.71296802022265,40.09267976333002,1045.904839802044
11.23999999999985,16.812434109880005,40.33857407606399,1045.6792789981378
11.259999999999849,16.91241249266041,40.585914848477415,1045.4511660913813
11.279999999999848,17.0129044603844,40.834709117530195,1045.220489019518
11.299999999999848,17.113911287394288,41.08496393019716,1044.9872357096938
11.319999999999848,17.215434230193228,41.33668634309304,1044.751394079169
11.339999999999847,17.317474527081153,41.58988342209104,1044.512952036041
11.359999999999847,17.42003339778754,41.84456224193499,1044.2718974799777
11.379999999999846,17.52311204310107,42.10072988584492,1044.0282183029608
11.399999999999846,17.626711644496115,42.358393445116185,1043.781902390041
11.419999999999845,17.73083336375619,42.617560018711885,1043.5329376201032
11.439999999999845,17.835478342594254,42.87823671284869,1043.2813118666422
11.459999999999845,17.94064770226997,43.14043064057595,1043.02701299855
11.479999999999844,18.046342543203917,43.404148921348074,1042.7700288809135
11.499999999999844,18.15256394458875,43.66939868059011,1042.5103473758238
11.519999999999843,18.259312963997353,43.9361870492565,1042.2479563431953
11.539999999999843,18.366590636988022,44.20452116338294,1041.9828436415971
11.559999999999842,18.474397976706655,44.47440816363135,1041.7149971290944
11.579999999999842,18.582735973486013,44.74585519482784,1041.444404664102
11.599999999999842,18.69160559444206,45.018869405493675,1041.1710541062478
11.619999999999841,18.80100778306742,45.29345794736922,1040.8949333172486
11.63999999999984,18.910943458821965,45.56962797493075,1040.6160301617965
11.65999999999984,19.021413516720585,45.84738664490013,1040.334332508456
11.67999999999984,19.13241882691813,46.12674111574738,1040.0498282305741
11.69999999999984,19.24396023429161,46.4076985471859,1039.7625052071992
11.719999999999839,19.35603855801965,46.69026609966059,1039.4723513240133
11.739999999999839,19.468654591159247,46.97445093382855,1039.1793544742754
11.759999999999838,19.58180910021985,47.26026021003254,1038.8835025597748
11.779999999999838,19.695502824734834,47.54770108776703,1038.584783491797
11.799999999999837,19.809736476830366,47.83678072513684,1038.2831851921007
11.819999999999837,19.924510740791746,48.127506278308374,1037.9786955939064
11.839999999999836,20.039826272627213,48.41988490095338,1037.6713026428954
11.859999999999836,20.15568369962932,48.713923743685164,1037.3609942982216
11.879999999999836,20.272083619933873,49.00962995348733,1037.047758533534
11.899999999999835,20.3890266020765,49.30701067313489,1036.7315833380108
11.919999999999835,20.5065131845469,49.606073040607846,1036.4124567174038
11.939999999999834,20.624543875340837,49.906824188497076,1036.0903666950967
11.959999999999834,20.74311915150987,50.20927124340261,1035.7653013131728
11.979999999999833,20.86223945870895,50.513421325324224,1035.4372486334942
11.999999999999833,20.98190521074188,50.8192815470443,1035.1061967387932
12.019999999999833,21.102116789104734,51.12685901350296,1034.772133733775
12.039999999999832,21.22287454252725,51.436160821165494,1034.4350477462315
12.059999999999832,21.3441787865123,51.74719405738193,1034.0949269281657
12.079999999999831,21.466029802873454,52.05996579973889,1033.7517594569297
12.099999999999831,21.588427839270757,52.374483115403535,1033.4055335363712
12.11999999999983,21.711373108744706,52.69075306045978,1033.0562373979933
12.13999999999983,21.83486578924857,53.00878267923655,1032.7038593021248
12.15999999999983,21.958906023179082,53.32857900362827,1032.3483875391016
12.17999999999983,22.083493916905546,53.65014905240737,1031.9898104304602
12.199999999999829,22.208629540297498,53.97349983052898,1031.6281163301408
12.219999999999828,22.334312926250934,54.29863832842766,1031.263293625703
12.239999999999828,22.460544070213214,54.625571521306235,1030.8953307395516
12.259999999999827,22.587322929706684,54.95430636841673,1030.5242161301744
12.279999999999827,22.71464942385114,55.284849812333306,1030.1499382933896
12.299999999999827,22.842523432885162,55.61720877821732,1029.7724857636051
12.319999999999826,22.97094479768646,55.95139017307441,1029.3918471150891
12.339999999999826,23.09991331929124,56.28740088500366,1029.0080109632497
12.359999999999825,23.22942875841275,56.62524778243881,1028.6209659659273
12.379999999999825,23.359490834959058,56.96493771338151,1028.2307008246964
12.399999999999824,23.490099227550107,57.30647750462664,1027.8372042861783
12.419999999999824,23.621253573034252,57.64987396097973,1027.4404651433645
12.439999999999824,23.75295346600425,57.99513386446642,1027.0404722369497
12.459999999999823,23.885198458312868,58.34226397353396,1026.6372144566767
12.479999999999823,24.017988058588188,58.69127102224493,1026.2306807426903
12.499999999999822,24.1513217317487,59.04216171946293,1025.820860086902
12.519999999999822,24.285198898518292,59.394942748030445,1025.407741534364
12.539999999999822,24.419618934941244,59.74962076393885,1024.9913141846544
12.559999999999821,24.5545811718973,60.10620239549057,1024.5715671932708
12.57999999999982,24.690084894616962,60.4646942424534,1024.1484897730354
12.59999999999982,24.826129342197095,60.82510287520701,1023.7220711955081
12.61999999999982,24.962713707116947,61.18743483388171,1023.2923007924103
12.63999999999982,25.09983713475471,61.55169662748943,1022.8591679570575
12.659999999999819,25.237498722904725,61.917894733046985,1022.4226621458015
12.679999999999819,25.375697521295436,62.28603559469166,1021.9827728794817
12.699999999999818,25.514432531108238,62.65612562278911,1021.5394897448851
12.719999999999818,25.65370270449732,63.028171193033685,1021.0928023962163
12.739999999999817,25.793506944110618,63.40217864554109,1020.6427005565746
12.759999999999817,25.933844102612007,63.77815428393362,1020.1891740194413
12.779999999999816,26.074712982204872,64.15610437441774,1019.7322126501747
12.799999999999816,26.21611233415715,64.53603514485437,1019.271806387513
12.819999999999816,26.358040858328007,64.91795278382163,1018.8079452450869
12.839999999999815,26.500497202696252,65.30186343967033,1018.3406193129382
12.859999999999815,26.643479962890638,65.68777321957202,1017.8698187590478
12.879999999999814,26.786987681722177,66.07568818856,1017.3955338308707
12.899999999999814,26.931018848718598,66.46561436856287,1016.9177548568786
12.919999999999813,27.075571899661092,66.8575577374312,1016.4364722481097
12.939999999999813,27.220645216123497,67.25152422795693,1015.951676499726
12.959999999999813,27.366237125014024,67.64751972688595,1015.4633581925771
12.979999999999812,27.512345898119708,68.04555007392352,1014.9715079947707
12.999999999999812,27.658969751653714,68.44562106073307,1014.4761166632505
13.019999999999811,27.806106845805626,68.84773842992801,1013.9771750453791
13.03999999999981,27.95375528429489,69.25190787405694,1013.4746740805281
13.05999999999981,28.101913113927555,69.65813503458216,1012.9686048016737
13.07999999999981,28.25057832415645,70.06642550085166,1012.4589583369982
13.09999999999981,28.39974884664497,70.47678480906468,1011.9457259114967
13.11999999999981,28.549422554834607,70.88921844123078,1011.4288988485891
13.139999999999809,28.699597263516377,71.30373182412269,1010.9084685717377
13.159999999999808,28.850270728406343,71.720330328223,1010.3844266060685
13.179999999999808,29.001440645725324,72.13901926666465,1009.8567645799982
13.199999999999807,29.153104651783014,72.55980389416548,1009.3254742268648
13.219999999999807,29.305260322566628,72.98268940595695,1008.7905473865623
13.239999999999807,29.45790517333426,73.40768093670685,1008.2519760071795
13.259999999999806,29.61103665821313,73.8347835594366,1007.709752146642
13.279999999999806,29.76465216980283,74.26400228443276,1007.1638679743581
13.299999999999805,29.918749038783808,74.6953420581532,1006.6143157728669
13.319999999999805,30.07332453353121,75.1288077621279,1006.0610879394894
13.339999999999804,30.228375859734264,75.5644042118545,1005.5041769879824
13.359999999999804,30.383900160021376,76.00213615568877,1004.9435755501942
13.379999999999804,30.53989451359111,76.44200827373018,1004.3792763777225
13.399999999999803,30.696355935849226,76.8840251767025,1003.8112723435735
13.419999999999803,30.85328137805194,77.32819140482978,1003.2395564438227
13.439999999999802,31.010667726955596,77.77451142670783,1002.6641217992764
13.459999999999802,31.168511804472928,78.22298963817107,1002.0849616571339
13.479999999999801,31.326810367336048,78.67363036115529,1001.5020693926506
13.499999999999801,31.485560106766407,79.12643784255617,1000.9154385108001
13.5199999999998,31.64475764815184,79.58141625308386,1000.3250626479374
13.5399999999998,31.804399550730913,80.03856968611366,999.7309355734606
13.5599999999998,31.96448230728475,80.49790215653309,999.1330511914715
13.5799999999998,32.12500234383649,80.9594175995854,998.5314035424361
13.599999999999799,32.285956019358615,81.42311986970971,997.9259868048424
13.619999999999798,32.44733962548823,81.889012739378,997.3167952968568
13.639999999999798,32.60914938625063,82.35709989792906,996.703823477978
13.659999999999798,32.77138145779112,82.82738495039953,996.0870659506891
13.679999999999797,32.93403192811555,83.29987141635235,995.4665174621053
13.699999999999797,33.09709681683945,83.77456272870265,994.8421729056199
13.719999999999796,33.2605720749462,84.25146223254139,994.2140273225451
13.739999999999796,33.42445358455421,84.73057318395678,993.5820759037499
13.759999999999796,33.588737158693505,85.21189874885383,992.9463139912932
13.779999999999795,33.7534185410917,85.69544200177212,992.3067370800519
13.799999999999795,33.91849340596966,86.18120592470203,991.6633408193444
13.819999999999794,34.08395735784704,86.66919340589959,991.016121014548
13.839999999999794,34.24980593135777,87.1594072387002,990.3650736287107
13.859999999999793,34.416034591075835,87.65185012033137,989.7101947841563
13.879999999999793,34.58263873135137,88.1465246507248,989.051480764084
13.899999999999793,34.7496136761574,88.64343333132776,988.3889280141591
13.919999999999792,34.91695467894727,89.14257856391434,987.7225331440977
13.939999999999792,35.08465692252302,89.64396264939649,987.0522929292431
13.959999999999791,35.252715518914904,90.14758778663519,986.3782043121333
13.97999999999979,35.42112550927219,90.65345607125202,985.7002644040609
13.99999999999979,35.589881863765385,91.16156949444124,985.0184704866232
14.01999999999979,35.75897948150016,91.67192994178265,984.3328200132628
14.03999999999979,35.928413190443095,92.18453919205561,983.6433106107985
14.059999999999789,36.09817774735935,92.69939891605418,982.9499400809461
14.079999999999789,36.26826783776262,93.21651067540384,982.2527064018279
14.099999999999788,36.43867807587734,93.73587592137996,981.5516077294715
14.119999999999788,36.60940300461344,94.25749599372823,980.8466423992965
14.139999999999787,36.780437095553786,94.78137211948736,980.13780892759
14.159999999999787,36.95177474895445,95.30750541181429,979.425106012969
14.179999999999787,37.123410293758035,95.83589686881207,978.7085325378299
14.199999999999786,37.29533798762014,96.3665473723608,977.9880875697853
14.219999999999786,37.467552016949185,96.8994576869518,977.2637703630866
14.239999999999785,37.64004649695976,97.43462845852535,976.5355803600323
14.259999999999785,37.812815471739604,97.97206021331209,975.8035171923626
14.279999999999784,37.985852914330415,98.5117533566786,975.0675806826378
14.299999999999784,38.15915272682264,99.05370817197725,974.3277708456018
14.319999999999784,38.33270874046437,99.5979248194006,973.5840878895303
14.339999999999783,38.50651471578454,100.14440333484072,972.8365322175617
14.359999999999783,38.68056434273051,100.69314362875357,972.0851044290114
14.379999999999782,38.854851240820246,101.2441454850289,971.3298053206696
14.399999999999782,39.02936895930917,101.79740855986572,970.5706358880807
14.419999999999781,39.204110977371876,102.35293238065388,969.8075973268052
14.439999999999781,39.37907070429883,102.91071634486183,969.0406910336625
14.45999999999978,39.55424147970817,103.47075971893089,968.2699186079551
14.47999999999978,39.7296165737727,104.03306163717649,967.4952818526738
14.49999999999978,39.905189187462376,104.5976211006964,966.7167827756821
14.51999999999978,40.08095245280211,105.1644369762865,965.9344235908814
14.539999999999779,40.25689943314532,105.73350799536412,965.1482067193543
14.559999999999778,40.433023123463144,106.30483275289959,964.3581347904886
14.579999999999778,40.60931645064947,106.87840970635587,963.5642106430776
14.599999999999778,40.785772273841964,107.45423717463696,962.7664373263998
14.619999999999777,40.96238338475907,108.03231333704515,961.9648181012763
14.639999999999777,41.13914250805323,108.61263623224751,961.159356441104
14.659999999999776,41.3160423016803,109.19520375725179,960.3500560328675
14.679999999999776,41.49307535728529,109.78001366639229,959.5369207781254
14.699999999999775,41.670234200604604,110.36706357032577,958.7199547939734
14.719999999999775,41.847511291884665,110.95635093503773,957.8991624139837
14.739999999999775,42.02489902631722,111.54787308085957,957.0745481891175
14.759999999999774,42.20238973449127,112.14162718149666,956.246116888614
14.779999999999774,42.37997568286171,112.73761026306782,955.4138735008523
14.799999999999773,42.5576490742348,113.3358192031565,954.5778232341884
14.819999999999773,42.73540204827045,113.93625072987386,953.7379715177642
14.839999999999772,42.91322668200144,114.53890142093414,952.894324002291
14.859999999999772,43.09111499036957,115.14376770274268,952.0468865608043
14.879999999999772,43.26905892677887,115.75084584949681,951.1956652893919
14.899999999999771,43.447050383665776,116.36013198229998,950.3406665078933
14.91999999999977,43.625081193086444,116.97162206828934,949.4818967605707
14.93999999999977,43.803143127321135,117.58531191977728,948.6193628167515
14.95999999999977,43.98122789949576,118.20119719340704,947.7530716714405
14.97999999999977,44.159327164220535,118.81927338932279,946.8830305459035
14.999999999999769,44.337432518245855,119.4395358503545,946.0092468882208
15.019999999999769,44.515535501135275,120.06197976121791,945.1317283738098
15.039999999999768,44.693627595955704,120.68660014772983,944.2504829059172
15.059999999999768,44.87170022998475,121.31339187603925,943.3655186160804
15.079999999999767,45.049744775435215,121.94234965187428,942.4768438645568
15.099999999999767,45.22775255019675,122.57346801980566,941.5844672407223
15.119999999999767,45.40571481859459,123.20674136252663,940.6883975634373
15.139999999999766,45.583622792165414,123.84216390014991,939.7886438813799
15.159999999999766,45.761467630450255,124.47972968952185,938.8852154733473
15.179999999999765,45.93924044180439,125.11943262355408,937.9781218485238
15.199999999999765,46.11693228422421,125.76126643057303,937.0673727467149
15.219999999999764,46.294534166191056,126.4052246736876,936.1529781385494
15.239999999999764,46.472037047531806,127.05130075017523,935.2349482256459
15.259999999999764,46.64943184029635,127.69948789088669,934.313293440746
15.279999999999763,46.82670940965169,128.34977915966988,933.3880244478133
15.299999999999763,47.00386057479275,129.00216745281298,932.4591521420974
15.319999999999762,47.18087610986969,129.6566454985072,931.5266876501629
15.339999999999762,47.357746744931674,130.31320585632932,930.5906423298833
15.359999999999761,47.53446316688702,130.9718409167445,929.6510277703999
15.379999999999761,47.71101602047959,131.6325429006295,928.7078557920443
15.39999999999976,47.88739590928131,132.2953038588166,927.7611384462259
15.41999999999976,48.063593396700725,132.9601156716586,926.8108880152828
15.43999999999976,48.23959900700744,133.62697004861496,925.8571170122963
15.45999999999976,48.41540322637232,134.29585852785968,924.8998381808696
15.479999999999759,48.59099650392331,134.9667724759107,923.9390644948693
15.499999999999758,48.766369252816745,135.6397030872817,922.9748091581304
15.519999999999758,48.94151185132397,136.314641384156,922.0070856041241
15.539999999999758,49.11641464393313,136.9915782160831,921.0359074955887
15.559999999999757,49.29106794246595,137.67050425969808,920.0612887241233
15.579999999999757,49.46546202720934,138.3514100184641,919.0832434097435
15.599999999999756,49.63958714806165,139.03428582243814,918.1017859004006
15.619999999999756,49.81343352569337,139.7191218280604,917.1169307714622
15.639999999999755,49.9869913527221,140.40590801796742,916.1286928251557
15.659999999999755,50.16025079490159,141.09463420082935,915.1370870899736
15.679999999999755,50.33320199232462,141.78529001121126,914.1421288200415
15.699999999999754,50.50583506063949,142.47786490945919,913.1438334944471
15.719999999999754,50.678140092280046,143.17234818161063,912.1422168165323
15.739999999999753,50.85010715770874,143.86872893933017,911.1372947131462
15.759999999999753,51.02172630667279,144.56699611986997,910.1290833338612
15.779999999999752,51.19298756947295,145.2671384860558,909.1175990501498
15.799999999999752,51.36388095824483,145.96914462629843,908.1028584545238
15.819999999999752,51.534396468252396,146.6730029546307,907.0848783596354
15.839999999999751,51.70452407919346,147.37870171077066,906.0636757973397
15.85999999999975,51.87425375651681,148.0862289602105,905.0392680177201
15.87999999999975,52.0435754527508,148.79557259433187,904.0116724880747
15.89999999999975,52.21247910884311,149.5067203305477,902.9809068918646
15.91999999999975,52.380954655511296,150.21965971247022,901.946989127625
15.939999999999749,52.54899201460394,150.93437811010614,900.9099373078376
15.959999999999749,52.71658110047208,151.65086272007835,899.869769757766
15.979999999999748,52.883711821350595,152.3691005658748,898.8265050142526
15.999999999999748,53.050374080749265,153.08907849812448,897.780161824478
16.019999999999747,53.21655777885314,153.81078319490064,896.7307591446836
16.039999999999747,53.38225281393194,154.5342011620515,895.6783161388556
16.059999999999746,53.547449083758224,155.25931873355827,894.6228521773731
16.079999999999746,53.71213648703381,155.98612207192107,893.5643868356182
16.099999999999746,53.87630492482432,156.7145971685723,892.502939892549
16.119999999999745,54.039944302001366,157.4447298443181,891.438531329237
16.139999999999745,54.203044528692104,158.17650574980735,890.3711813273668
16.159999999999744,54.36559552173576,158.90991036602912,889.3009102677
16.179999999999744,54.52758720614681,159.64492900483776,888.2277387285028
16.199999999999743,54.689009516584406,160.3815468095064,887.1516874839375
16.219999999999743,54.84985239882773,161.11974875530845,886.0727775024191
16.239999999999743,55.01010581125689,161.8595196501275,884.9910299449351
16.259999999999742,55.16975972633897,162.6008441350954,883.9064661633317
16.279999999999742,55.32880413211882,163.34370668525867,882.819107698564
16.29999999999974,55.48722903371435,164.08809161027327,881.7289762789117
16.31999999999974,55.645024454815704,164.83398305512782,880.6360938181607
16.33999999999974,55.80218043918817,165.581365000895,879.5404824137514
16.35999999999974,55.95868705217823,166.33022126551163,878.4421643448918
16.37999999999974,56.114534382222494,167.0805355045868,877.3411620706383
16.39999999999974,56.26971254235906,167.8322912122387,876.2374982279434
16.41999999999974,56.42421167174082,168.58547172195955,875.1311956296702
16.43999999999974,56.5780219371505,169.34006020750905,874.0222772625751
16.459999999999738,56.7311335345168,170.09603968383598,872.9107662852589
16.479999999999738,56.88353669043137,170.85339300802815,871.796686026085
16.499999999999737,57.03522166366618,171.61210288029048,870.6800599810683
16.519999999999737,57.186178746690786,172.37215184495133,869.5609118117318
16.539999999999736,57.336398267189196,173.1335222914968,868.4392653429336
16.559999999999736,57.485870589575796,173.896196455633,867.3151445606643
16.579999999999735,57.63458611651003,174.66015642037644,866.1885736098142
16.599999999999735,57.78253529040926,175.42538411717194,865.0595767919121
16.619999999999735,57.929708594959536,176.19186132703857,863.9281785628358
16.639999999999734,58.07609655662375,176.95956968174295,862.794403530493
16.659999999999734,58.221689746146765,177.7284906650002,861.6582764524769
16.679999999999733,58.36647878005708,178.49860561370227,860.519822233693
16.699999999999733,58.510454322164655,179.2698957191733,859.3790659239602
16.719999999999732,58.653607085054375,180.04234202845237,858.2360327155848
16.739999999999732,58.79592783157481,180.81592544560297,857.0907479409103
16.75999999999973,58.93740737632176,181.59062673304933,855.9432370698414
16.77999999999973,59.07803658711623,182.36642651293943,854.7935257073432
16.79999999999973,59.217806386476354,183.1433052685343,853.6416395909171
16.81999999999973,59.356707753082816,183.92124334562374,852.4876045880528
16.83999999999973,59.49473172323741,184.70022095396797,851.3314466936581
16.85999999999973,59.63186939231426,185.4802181687653,850.1731920274655
16.87999999999973,59.768111916203274,186.26121493214524,849.0128668314173
16.89999999999973,59.903450512745415,187.04319105468727,847.8504974670309
16.919999999999728,60.03787646315936,187.82612621696475,846.6861104127413
16.939999999999728,60.17138111345911,188.60999997111372,845.5197322612254
16.959999999999727,60.30395587586222,189.3947917424266,844.3513897167065
16.979999999999727,60.435592230188014,190.18048083097028,843.1811095922397
16.999999999999726,60.56628172524563,190.96704641322845,842.0089188069798
17.019999999999726,60.6960159802113,191.75446754376804,840.8348443834308
17.039999999999726,60.82478668599452,192.54272315692916,839.6589134446797
17.059999999999725,60.95258560659267,193.33179206853865,838.4811532116131
17.079999999999725,61.079404580433746,194.12165297764668,837.3015910001188
17.099999999999724,61.205235521706676,194.91228446828617,836.1202542182722
17.119999999999724,61.33007042167896,195.70366501125488,834.9371703635081
17.139999999999723,61.45390135000116,196.4957729659196,833.7523670197796
17.159999999999723,61.57672045599782,197.28858658204229,832.5658718547035
17.179999999999723,61.69851996994452,198.08208400162792,831.377712616693
17.199999999999722,61.819292204330594,198.87624326079347,830.1879171320797
17.21999999999972,61.93902955510718,199.6710422916579,828.9965133022241
17.23999999999972,62.05772450292023,200.46645892425266,827.8035291006152
17.25999999999972,62.17536961432803,201.2624708884526,826.6089925699613
17.27999999999972,62.291957543003,202.05905581592654,825.4129318192716
17.29999999999972,62.407481030917324,202.85619124210749,824.2153750209293
17.31999999999972,62.521932909512024,203.65385460818203,823.0163504077568
17.33999999999972,62.63530610084923,204.45202326309837,821.8158862700751
17.35999999999972,62.7475936187472,205.2506744655929,820.6140109527553
17.37999999999972,62.858788569897875,206.04978538623473,819.410752852266
17.399999999999718,62.96888415496646,206.84933310948767,818.2061404137149
17.419999999999717,63.07787366967288,207.64929463578974,817.0002021278866
17.439999999999717,63.1857505058547,208.44964688364917,815.7929665282766
17.459999999999717,63.29250815251116,209.250366691757,814.5844621881229
17.479999999999716,63.39814019682817,210.05143082111556,813.374717717435
17.499999999999716,63.502640325183776,210.85281595718254,812.1637617600219
17.519999999999715,63.6060023241339,211.6544987120302,810.9516229905186
17.539999999999715,63.7082200813781,212.45645562651927,809.7383301114133
17.559999999999715,63.809287586705025,213.25866317248705,808.5239118500753
17.579999999999714,63.909198932917235,214.0610977549495,807.3083969557827
17.599999999999714,64.00794831673525,214.86373571431653,806.091814196754
17.619999999999713,64.10553003968047,215.66655332862038,804.874192357181
17.639999999999713,64.20193850893676,216.46952681575632,803.6555602342657
17.659999999999712,64.29716823819042,217.27263233573555,802.4359466352611
17.679999999999712,64.39121384844837,218.0758459929495,801.2153803745156
17.69999999999971,64.48407006883426,218.87914383844532,799.9938902705246
17.71999999999971,64.57573173736229,219.68250187221201,798.7715051429867
17.73999999999971,64.66619380168864,220.48589604547666,797.5482538098668
17.75999999999971,64.75545131984006,221.2893022630104,796.3241650844667
17.77999999999971,64.84349946091979,222.0926963854436,795.0992677725037
17.79999999999971,64.93033350579019,222.89605423158966,793.8735906691975
17.81999999999971,65.01594884773235,223.69935158077732,792.6471625563663
17.83999999999971,65.10034099308211,224.50256417519046,791.4200121995335
17.859999999999708,65.18350556184265,225.30566772221528,790.1921683450438
17.879999999999708,65.26543828827323,226.1086378967943,788.9636597171913
17.899999999999707,65.34613502145423,226.91145034378673,787.734515015359
17.919999999999707,65.42559172582801,227.7140806803344,786.5047629111706
17.939999999999706,65.5038044817158,228.5165044982333,785.2744320456555
17.959999999999706,65.58076948581028,229.31869736630972,784.0435510264274
17.979999999999706,65.65648305164378,230.12063483280085,782.8121484248765
17.999999999999705,65.73094161003212,230.92229242773908,781.5802527733773
18.019999999999705,65.80414170949388,231.72364566533977,780.3478925625113
18.039999999999704,65.87608001664499,232.52467004639178,779.1150962383056
18.059999999999704,65.94675331656876,233.3253410606503,777.8818921994879
18.079999999999703,66.016158513161,234.12563418923156,776.6483087947591
18.099999999999703,66.08429262945052,234.92552490700888,775.4143743200831
18.119999999999703,66.15115280789458,235.7249886850095,774.1801170159941
18.139999999999702,66.21673631064962,236.52400099281178,772.9455650649243
18.1599999999997,66.28104051981701,237.3225373009423,771.7107465885489
18.1799999999997,66.3440629376638,238.12057308327215,770.4756896451522
18.1999999999997,66.40580118681865,238.91808381941223,769.2404222270134
18.2199999999997,66.46625301044277,239.71504499710676,768.004972257813
18.2399999999997,66.52541627237589,240.51143211462477,766.7693675900613
18.2599999999997,66.58328895725735,241.30722068314878,765.5336360025469
18.2799999999997,66.63986917062232,242.10238622916057,764.2978051978096
18.2999999999997,66.6951551389731,242.89690429682312,763.0619027996343
18.3199999999997,66.7491452098257,243.6907504503586,761.8259563505687
18.339999999999698,66.80183785173155,244.48390027642156,760.5899933094648
18.359999999999697,66.85323165427462,245.27632938646738,759.3540410490438
18.379999999999697,66.90332532804385,246.06801341911475,758.1181268534856
18.399999999999697,66.95211770458104,246.85892804250247,756.8822779160439
18.419999999999696,66.99960773630431,247.64904895663946,755.6465213366857
18.439999999999696,67.04579449640711,248.43835189574796,754.4108841197567
18.459999999999695,67.09067717873307,249.22681263059923,753.175393171673
18.479999999999695,67.13425509762662,250.0144069708412,751.940075298639
18.499999999999694,67.17652768775959,250.80111076731797,750.7049572043924
18.519999999999694,67.21749450393393,251.58689991438015,749.4700654879757
18.539999999999694,67.25715522086064,252.37175035218624,748.2354266415364
18.559999999999693,67.29550963291504,253.15563806899394,747.0010670481537
18.579999999999693,67.33255765386863,253.93853910344143,745.7670129796942
18.599999999999692,67.36829931659759,254.72042954681794,744.533290594696
18.619999999999692,67.40273477276808,255.50128554532324,743.2999259362814
18.63999999999969,67.4358642924987,256.2810833023156,742.0669449300988
18.65999999999969,67.46768826399999,257.05979908054775,740.834373382294
18.67999999999969,67.49820719319138,257.83740920439044,739.6022369775108
18.69999999999969,67.52742170329579,258.61389006204337,738.3705612769223
18.71999999999969,67.55533253441193,259.38921810773263,737.1393717162916
18.73999999999969,67.58194054306463,260.1633698638946,735.9086936040629
18.75999999999969,67.60724670173335,260.93632192334593,734.6785521194839
18.77999999999969,67.63125209835917,261.7080509514388,733.4489723107583
18.799999999999688,67.65395793583042,262.47853368820165,732.2199790932299
18.819999999999688,67.67536553144717,263.24774695046443,730.9915972475973
18.839999999999687,67.69547631636492,264.01566763396835,729.763851418161
18.859999999999687,67.71429183501758,264.7822727154594,728.5367661111014
18.879999999999686,67.73181374452021,265.5475392547659,727.3103656927882
18.899999999999686,67.74804381405156,266.31144439685914,726.0846743881227
18.919999999999686,67.76298392421673,267.0739653738965,724.8597162789117
18.939999999999685,67.7766360663904,267.83507950724777,723.6355153022735
18.959999999999685,67.78900234204062,268.59476420950324,722.4120952490758
18.979999999999684,67.80008496203367,269.3529969864638,721.1894797624077
18.999999999999684,67.80988624592008,270.10975543911235,719.9676923360819
19.019999999999683,67.81840862120235,270.8650172655667,718.7467563131712
19.039999999999683,67.82565462258438,271.618760263013,717.5266948845772
19.059999999999683,67.83162689120311,272.3709623296199,716.3075310876313
19.079999999999682,67.8363281738426,273.121601466433,715.0892878047297
19.09999999999968,67.83976132213087,273.8706557792489,713.8719877619995
19.11999999999968,67.84192929171975,274.61810348046936,712.6556535279999
19.13999999999968,67.8428351414482,275.3639228909342,711.440307512454
19.15999999999968,67.84248203248926,276.10809244173385,710.2259719650153
19.17999999999968,67.840873227481,276.8505906760002,709.0126689740669
19.19999999999968,67.8380120896419,277.59139625067627,707.8004204655523
19.21999999999968,67.8339020818708,278.330487938264,706.5892482018413
19.23999999999968,67.82854676583194,279.06784462854995,705.3791737806271
19.25999999999968,67.82194980102526,279.80344533030893,704.1702186338566
19.279999999999678,67.81411494384238,280.5372691729851,702.9624040266947
19.299999999999677,67.80504604660868,281.26929540834993,701.7557510565198
19.319999999999677,67.7947470566116,281.999503412138,700.5502806519531
19.339999999999677,67.78322201511574,282.7278726856589,699.3460135719204
19.359999999999676,67.77047505636492,283.45438285738607,698.1429704047459
19.379999999999676,67.75651040657168,284.179013684522,696.9411715672798
19.399999999999675,67.7413323828945,284.9017450545397,695.7406373040567
19.419999999999675,67.7249453924031,285.62255698670003,694.5413876864878
19.439999999999674,67.70735393103219,286.3414296335451,693.3434426120845
19.459999999999674,67.68856258252397,287.05834328236716,692.1468218037138
19.479999999999674,67.66857601735983,287.77327835665307,690.951544808887
19.499999999999673,67.64739899168148,288.4862154175041,689.7576309990786
19.519999999999673,67.62503634620205,289.197135165031,688.5650995690783
19.539999999999672,67.60149300510724,289.9060184397239,687.3739695363731
19.559999999999672,67.57677397494717,290.6128462237974,686.1842597405628
19.57999999999967,67.55088434351906,291.31759964251034,684.9959888428042
19.59999999999967,67.52382927874125,292.02025996546007,683.8091753252886
19.61999999999967,67.49561402751883,292.7208086078515,682.6238374907489
19.63999999999967,67.46624391460125,293.41922713174057,681.4399934619977
19.65999999999967,67.4357243414323,294.11549724725177,680.2576611814959
19.67999999999967,67.4040607849928,294.8096008137704,679.0768584109518
19.69999999999967,67.37125879663624,295.50151984110846,677.8976027309498
19.71999999999967,67.33732400091806,296.19123649064517,676.7199115406092
19.739999999999668,67.3022620944184,296.8787330764409,675.5438020572732
19.759999999999668,67.2660788445592,297.5639920663256,674.3692913162262
19.779999999999667,67.22878008841572,298.2469960829609,673.1963961704413
19.799999999999667,67.1903717315227,298.92772790487584,672.0251332903564
19.819999999999666,67.15085974667596,299.60617046747694,670.8555191636787
19.839999999999666,67.11025017272931,300.2823068640314,669.6875700952182
19.859999999999665,67.06854911338735,300.95612034662463,668.5213022067494
19.879999999999665,67.02576273599453,301.627594327091,667.3567314369001
19.899999999999665,66.98189727032072,302.2967123779187,666.1938735410691
19.919999999999664,66.93695900734357,302.9634582331281,665.0327440913708
19.939999999999664,66.89095429802826,303.62781578912364,663.8733584766063
19.959999999999663,66.8438895521046,304.2897691055199,662.715731902263
19.979999999999663,66.79577123684214,304.9493024059409,661.5598793905389
19.999999999999662,66.74660587582348,305.6064000787934,660.4058157803947
20.0,66.74660587582264,305.6064000788045,660.4058157803753
