<?xml version="1.0" encoding="UTF-8" standalone="no"?>
<beast beautitemplate='Standard' beautistatus='' 
namespace="phydyn.model:phydyn.distribution:phydyn.loggers:phydyn.operators:beast.core:beast.evolution.alignment:beast.evolution.tree.coalescent:beast.core.util:beast.evolution.nuc:beast.evolution.operators:beast.evolution.sitemodel:beast.evolution.substitutionmodel:beast.evolution.likelihood" version="2.0">

<data id="sequences" name="alignment">
insert_sequences
</data>

  
<model spec='PopModelODE' id='hiv4model' evaluator="compiled"
	     popParams='@initValues' modelParams='@rates'>
<definition spec='Definition'>N=acute+chron+acute2+chron2+S</definition>
<definition spec='Definition'>f=beta*(acute+chron+acute2+chron2)*S/N</definition>
<definition spec='Definition'>I= wa*acute + chron + wa*wr2*acute2 + wr2*chron2</definition>
<matrixeq spec='MatrixEquation' type="birth"  origin="acute" destination="acute"> 0.75*(wa*acute/I)*f </matrixeq> 
<matrixeq spec='MatrixEquation' type="birth" origin="acute" destination="acute2"> 0.25*(wa*acute/I)*f </matrixeq>
<matrixeq spec='MatrixEquation' type="birth" origin="chron" destination="acute"> 0.75*(chron/I)*f </matrixeq>
<matrixeq spec='MatrixEquation' type="birth" origin="chron" destination="acute2"> 0.25*(chron/I)*f </matrixeq>
<matrixeq spec='MatrixEquation' type="birth" origin="acute2" destination="acute"> 0.75*(acute2*wa*wr2/I)*f </matrixeq> 
<matrixeq spec='MatrixEquation' type="birth" origin="acute2" destination="acute2"> 0.25*(acute2*wa*wr2/I)*f </matrixeq>
<matrixeq spec='MatrixEquation' type="birth" origin="chron2" destination="acute"> 0.75*(wr2*chron2/I)*f </matrixeq> 
<matrixeq spec='MatrixEquation' type="birth" origin="chron2" destination="acute2"> 0.25*(wr2*chron2/I)*f </matrixeq>
<matrixeq spec='MatrixEquation' type="migration" origin="acute" destination="chron"> gamma0*acute </matrixeq> 
<matrixeq spec='MatrixEquation' type="migration" origin="acute2" destination="chron2"> gamma0*acute2 </matrixeq> 		
<matrixeq spec='MatrixEquation' type="death" origin="acute"> mu*acute </matrixeq> 
<matrixeq spec='MatrixEquation' type="death" origin="acute2"> mu*acute2 </matrixeq> 
<matrixeq spec='MatrixEquation' type="death" origin="chron"> mu*chron + gamma1*chron </matrixeq> 
<matrixeq spec='MatrixEquation' type="death" origin="chron2"> mu*chron2 + gamma1*chron2 </matrixeq> 		
<matrixeq spec='MatrixEquation' type="nondeme" origin="S"> mu*S - f </matrixeq>
</model>

<rates spec="ModelParameters" id='rates'>	
<param spec='ParamValue' names='beta' values='0.25'></param>
<param spec='ParamValue' names='mu' values='0.02'></param>
<param spec='ParamValue' names='wa wr2' values='10 5'></param>
<param spec='ParamValue' names='gamma0 gamma1' values='0.5 0.125'></param>
</rates>	
			
<trajparams id='initValues' spec='TrajectoryParameters' method="classicrk" 
	   integrationSteps="1001" rTol="0.01" aTol="1.0e-4" order="3" t0="-30">
<initialValue spec="ParamValue" names='acute chron' values='1.0 0.001'  />
<initialValue spec="ParamValue" names='acute2 chron2' values='0.001 0.001'  />
<initialValue spec="ParamValue" names='S' values='@sParam' />
</trajparams>

	
<run id="mcmc" spec="MCMC" chainLength="100">
  <state id="state" storeEvery="5000">
	<tree id="tree" name="stateNode"/>
	<!-- ARUDSIR STATE NODES-->
	<parameter id="sParam" upper="10000" name="stateNode">2000</parameter>
  </state>
  <init spec="beast.util.TreeParser" id="NewickTree.t:Species"
	initial="@tree" taxa="@sequences" adjustTipHeights="false"
	IsLabelledNewick="true"
	newick="insert_tree" />
  <distribution id="posterior" spec="util.CompoundDistribution">
    <distribution id="prior" spec="util.CompoundDistribution">
      <!-- ARUDSIR Priors-->
    </distribution>			
    <distribution id="likelihood" spec="util.CompoundDistribution">
      <distribution spec='STreeLikelihoodODE' id = 'stlikelihood'
             useStateName='true' approxLambda='false' finiteSizeCorrections='false'
             popmodel='@hiv4model'  solvePL='true'>
         <treeIntervals spec="STreeIntervals" tree='@tree'> </treeIntervals> 
      </distribution>
    </distribution>
  </distribution>
  <operator id="ABCOperator" spec="ABCOperator" onlyScale="0" scaleFactor="1.02" multiply="true" parameter="@sParam" weight="1.0"/>
  <logger id="tracelog" fileName="examples/hiv4/hiv4_s0.log" logEvery="1" model="@posterior" sanitiseHeaders="true" sort="smart">
    <log idref="sParam"/>
    <log idref="posterior"/>
  </logger>
  <logger id="screenlog" logEvery="1">
    <log idref="posterior"/>
    <!-- <log spec="EndCriterion" posterior="@stlikelihood" lowerBound=".1"/> -->
  </logger>
</run>
</beast>
