<?xml version="1.0" encoding="UTF-8" standalone="no"?>
<beast beautitemplate='Standard' beautistatus='' 
namespace="phydyn.model:phydyn.distribution:phydyn.loggers:phydyn.operators:beast.core:beast.evolution.alignment:beast.evolution.tree.coalescent:beast.core.util:beast.evolution.nuc:beast.evolution.operators:beast.evolution.sitemodel:beast.evolution.substitutionmodel:beast.evolution.likelihood" version="2.0">

<data id="sequences" name="alignment">
<sequence id="312_chron"  taxon="312_chron"  totalcount="4" value="??"/>
<sequence id="1028_chron2"  taxon="1028_chron2"  totalcount="4" value="??"/>
<sequence id="1514_acute"  taxon="1514_acute"  totalcount="4" value="??"/>
<sequence id="1555_acute"  taxon="1555_acute"  totalcount="4" value="??"/>
<sequence id="1271_acute2"  taxon="1271_acute2"  totalcount="4" value="??"/>
<sequence id="1451_acute"  taxon="1451_acute"  totalcount="4" value="??"/>
<sequence id="910_chron2"  taxon="910_chron2"  totalcount="4" value="??"/>
<sequence id="1093_chron"  taxon="1093_chron"  totalcount="4" value="??"/>
<sequence id="247_chron"  taxon="247_chron"  totalcount="4" value="??"/>
<sequence id="865_chron2"  taxon="865_chron2"  totalcount="4" value="??"/>
<sequence id="397_chron"  taxon="397_chron"  totalcount="4" value="??"/>
<sequence id="617_chron"  taxon="617_chron"  totalcount="4" value="??"/>
<sequence id="570_chron2"  taxon="570_chron2"  totalcount="4" value="??"/>
<sequence id="1024_chron2"  taxon="1024_chron2"  totalcount="4" value="??"/>
<sequence id="1538_acute"  taxon="1538_acute"  totalcount="4" value="??"/>
<sequence id="1479_acute2"  taxon="1479_acute2"  totalcount="4" value="??"/>
<sequence id="1095_chron"  taxon="1095_chron"  totalcount="4" value="??"/>
<sequence id="660_chron"  taxon="660_chron"  totalcount="4" value="??"/>
<sequence id="1107_chron"  taxon="1107_chron"  totalcount="4" value="??"/>
<sequence id="1184_chron"  taxon="1184_chron"  totalcount="4" value="??"/>
<sequence id="1134_acute"  taxon="1134_acute"  totalcount="4" value="??"/>
<sequence id="1534_acute"  taxon="1534_acute"  totalcount="4" value="??"/>
<sequence id="1326_acute"  taxon="1326_acute"  totalcount="4" value="??"/>
<sequence id="769_chron2"  taxon="769_chron2"  totalcount="4" value="??"/>
<sequence id="986_chron2"  taxon="986_chron2"  totalcount="4" value="??"/>
<sequence id="874_chron"  taxon="874_chron"  totalcount="4" value="??"/>
<sequence id="728_chron"  taxon="728_chron"  totalcount="4" value="??"/>
<sequence id="287_chron"  taxon="287_chron"  totalcount="4" value="??"/>
<sequence id="313_chron"  taxon="313_chron"  totalcount="4" value="??"/>
<sequence id="326_chron"  taxon="326_chron"  totalcount="4" value="??"/>
<sequence id="683_chron"  taxon="683_chron"  totalcount="4" value="??"/>
<sequence id="883_chron"  taxon="883_chron"  totalcount="4" value="??"/>
<sequence id="780_chron"  taxon="780_chron"  totalcount="4" value="??"/>
<sequence id="384_chron"  taxon="384_chron"  totalcount="4" value="??"/>
<sequence id="937_acute"  taxon="937_acute"  totalcount="4" value="??"/>
<sequence id="998_chron"  taxon="998_chron"  totalcount="4" value="??"/>
<sequence id="699_chron2"  taxon="699_chron2"  totalcount="4" value="??"/>
<sequence id="1235_chron"  taxon="1235_chron"  totalcount="4" value="??"/>
<sequence id="1446_acute"  taxon="1446_acute"  totalcount="4" value="??"/>
<sequence id="1385_acute2"  taxon="1385_acute2"  totalcount="4" value="??"/>
<sequence id="798_chron"  taxon="798_chron"  totalcount="4" value="??"/>
<sequence id="1193_chron"  taxon="1193_chron"  totalcount="4" value="??"/>
<sequence id="1137_chron"  taxon="1137_chron"  totalcount="4" value="??"/>
<sequence id="1384_acute"  taxon="1384_acute"  totalcount="4" value="??"/>
<sequence id="813_chron"  taxon="813_chron"  totalcount="4" value="??"/>
<sequence id="1483_acute"  taxon="1483_acute"  totalcount="4" value="??"/>
<sequence id="1545_acute"  taxon="1545_acute"  totalcount="4" value="??"/>
<sequence id="885_chron"  taxon="885_chron"  totalcount="4" value="??"/>
<sequence id="1227_chron"  taxon="1227_chron"  totalcount="4" value="??"/>
<sequence id="454_acute"  taxon="454_acute"  totalcount="4" value="??"/>
<sequence id="1198_chron"  taxon="1198_chron"  totalcount="4" value="??"/>
<sequence id="233_chron"  taxon="233_chron"  totalcount="4" value="??"/>
<sequence id="294_chron2"  taxon="294_chron2"  totalcount="4" value="??"/>
<sequence id="273_chron"  taxon="273_chron"  totalcount="4" value="??"/>
<sequence id="1216_chron"  taxon="1216_chron"  totalcount="4" value="??"/>
<sequence id="697_chron"  taxon="697_chron"  totalcount="4" value="??"/>
<sequence id="488_chron"  taxon="488_chron"  totalcount="4" value="??"/>
<sequence id="993_acute"  taxon="993_acute"  totalcount="4" value="??"/>
<sequence id="868_chron"  taxon="868_chron"  totalcount="4" value="??"/>
<sequence id="762_chron"  taxon="762_chron"  totalcount="4" value="??"/>
<sequence id="711_chron2"  taxon="711_chron2"  totalcount="4" value="??"/>
<sequence id="1088_chron"  taxon="1088_chron"  totalcount="4" value="??"/>
<sequence id="1402_acute2"  taxon="1402_acute2"  totalcount="4" value="??"/>
<sequence id="872_chron"  taxon="872_chron"  totalcount="4" value="??"/>
<sequence id="870_chron"  taxon="870_chron"  totalcount="4" value="??"/>
<sequence id="468_chron"  taxon="468_chron"  totalcount="4" value="??"/>
<sequence id="1151_chron"  taxon="1151_chron"  totalcount="4" value="??"/>
<sequence id="851_chron"  taxon="851_chron"  totalcount="4" value="??"/>
<sequence id="849_chron2"  taxon="849_chron2"  totalcount="4" value="??"/>
<sequence id="767_chron"  taxon="767_chron"  totalcount="4" value="??"/>
<sequence id="784_chron"  taxon="784_chron"  totalcount="4" value="??"/>
<sequence id="624_chron2"  taxon="624_chron2"  totalcount="4" value="??"/>
<sequence id="461_chron2"  taxon="461_chron2"  totalcount="4" value="??"/>
<sequence id="498_chron"  taxon="498_chron"  totalcount="4" value="??"/>
<sequence id="1397_chron"  taxon="1397_chron"  totalcount="4" value="??"/>
<sequence id="1044_chron"  taxon="1044_chron"  totalcount="4" value="??"/>
<sequence id="1277_chron2"  taxon="1277_chron2"  totalcount="4" value="??"/>
<sequence id="899_acute2"  taxon="899_acute2"  totalcount="4" value="??"/>
<sequence id="1426_acute2"  taxon="1426_acute2"  totalcount="4" value="??"/>
<sequence id="1148_acute"  taxon="1148_acute"  totalcount="4" value="??"/>
<sequence id="1071_chron"  taxon="1071_chron"  totalcount="4" value="??"/>
<sequence id="932_chron"  taxon="932_chron"  totalcount="4" value="??"/>
<sequence id="357_chron2"  taxon="357_chron2"  totalcount="4" value="??"/>
<sequence id="1331_chron"  taxon="1331_chron"  totalcount="4" value="??"/>
<sequence id="375_chron"  taxon="375_chron"  totalcount="4" value="??"/>
<sequence id="827_chron"  taxon="827_chron"  totalcount="4" value="??"/>
<sequence id="465_chron"  taxon="465_chron"  totalcount="4" value="??"/>
<sequence id="467_chron"  taxon="467_chron"  totalcount="4" value="??"/>
<sequence id="63_chron"  taxon="63_chron"  totalcount="4" value="??"/>
<sequence id="1529_acute"  taxon="1529_acute"  totalcount="4" value="??"/>
<sequence id="750_chron"  taxon="750_chron"  totalcount="4" value="??"/>
<sequence id="1202_chron"  taxon="1202_chron"  totalcount="4" value="??"/>
<sequence id="1103_chron2"  taxon="1103_chron2"  totalcount="4" value="??"/>
<sequence id="179_chron"  taxon="179_chron"  totalcount="4" value="??"/>
<sequence id="383_chron"  taxon="383_chron"  totalcount="4" value="??"/>
<sequence id="199_chron"  taxon="199_chron"  totalcount="4" value="??"/>
<sequence id="861_chron2"  taxon="861_chron2"  totalcount="4" value="??"/>
<sequence id="332_acute"  taxon="332_acute"  totalcount="4" value="??"/>
<sequence id="262_chron"  taxon="262_chron"  totalcount="4" value="??"/>
<sequence id="934_chron"  taxon="934_chron"  totalcount="4" value="??"/>
 

</data>

  
<model spec='PopModelODE' id='hiv4model' evaluator="compiled"
	     popParams='@initValues' modelParams='@rates'>
<definition spec='Definition'>N=acute+chron+acute2+chron2+S</definition>
<definition spec='Definition'>f=beta*(acute+chron+acute2+chron2)*S/N</definition>
<definition spec='Definition'>I= wa*acute + chron + wa*wr2*acute2 + wr2*chron2</definition>
<matrixeq spec='MatrixEquation' type="birth"  origin="acute" destination="acute"> 0.75*(wa*acute/I)*f </matrixeq> 
<matrixeq spec='MatrixEquation' type="birth" origin="acute" destination="acute2"> 0.25*(wa*acute/I)*f </matrixeq>
<matrixeq spec='MatrixEquation' type="birth" origin="chron" destination="acute"> 0.75*(chron/I)*f </matrixeq>
<matrixeq spec='MatrixEquation' type="birth" origin="chron" destination="acute2"> 0.25*(chron/I)*f </matrixeq>
<matrixeq spec='MatrixEquation' type="birth" origin="acute2" destination="acute"> 0.75*(acute2*wa*wr2/I)*f </matrixeq> 
<matrixeq spec='MatrixEquation' type="birth" origin="acute2" destination="acute2"> 0.25*(acute2*wa*wr2/I)*f </matrixeq>
<matrixeq spec='MatrixEquation' type="birth" origin="chron2" destination="acute"> 0.75*(wr2*chron2/I)*f </matrixeq> 
<matrixeq spec='MatrixEquation' type="birth" origin="chron2" destination="acute2"> 0.25*(wr2*chron2/I)*f </matrixeq>
<matrixeq spec='MatrixEquation' type="migration" origin="acute" destination="chron"> gamma0*acute </matrixeq> 
<matrixeq spec='MatrixEquation' type="migration" origin="acute2" destination="chron2"> gamma0*acute2 </matrixeq> 		
<matrixeq spec='MatrixEquation' type="death" origin="acute"> mu*acute </matrixeq> 
<matrixeq spec='MatrixEquation' type="death" origin="acute2"> mu*acute2 </matrixeq> 
<matrixeq spec='MatrixEquation' type="death" origin="chron"> mu*chron + gamma1*chron </matrixeq> 
<matrixeq spec='MatrixEquation' type="death" origin="chron2"> mu*chron2 + gamma1*chron2 </matrixeq> 		
<matrixeq spec='MatrixEquation' type="nondeme" origin="S"> mu*S - f </matrixeq>
</model>

<rates spec="ModelParameters" id='rates'>	
<param spec='ParamValue' names='beta' values='0.25'></param>
<param spec='ParamValue' names='mu' values='0.02'></param>
<param spec='ParamValue' names='wa wr2' values='10 5'></param>
<param spec='ParamValue' names='gamma0 gamma1' values='0.5 0.125'></param>
</rates>	
			
<trajparams id='initValues' spec='TrajectoryParameters' method="classicrk" 
	   integrationSteps="1001" rTol="0.01" aTol="1.0e-4" order="3" t0="-30">
<initialValue spec="ParamValue" names='acute chron' values='1.0 0.001'  />
<initialValue spec="ParamValue" names='acute2 chron2' values='0.001 0.001'  />
<initialValue spec="ParamValue" names='S' values='@sParam' />
</trajparams>

	
<run id="mcmc" spec="MCMC" chainLength="100">
  <state id="state" storeEvery="5000">
	<tree id="tree" name="stateNode"/>
	<!-- ARUDSIR STATE NODES-->
	<parameter id="sParam" upper="10000" name="stateNode">2000</parameter>
  </state>
  <init spec="beast.util.TreeParser" id="NewickTree.t:Species"
	initial="@tree" taxa="@sequences" adjustTipHeights="false"
	IsLabelledNewick="true"
	newick="(((((((312_chron:18.78975357,(1028_chron2:9.778155738,(((1514_acute:0.7912264977,1555_acute:0.7912264977):4.472896312,((1271_acute2:2.138997787,1451_acute:2.138997787):0.8176307962,910_chron2:2.956628583):2.307494227):0.6858645457,1093_chron:5.949987356):3.828168382):9.011597825):0.09554710735,247_chron:14.75398344):4.018056738,(((((865_chron2:14.47798356,397_chron:15.29256955):0.6032133875,(((617_chron:9.241088294,(570_chron2:4.30719405,1024_chron2:4.30719405):4.933894245):0.8752151362,((1538_acute:0.6391790723,1479_acute2:0.6391790723):3.063904986,1095_chron:3.703084058):6.413219373):0.479631805,(660_chron:2.325905907,((((((1107_chron:1.49123786,1184_chron:1.614469706):1.962882317,(1134_acute:3.378317542,1534_acute:3.378317543):1.543671106):1.138306511,1326_acute:6.060295159):0.2113068388,769_chron2:2.140790133):0.1281687482,986_chron2:5.078487482):0.02629616004,874_chron:6.426066907):2.468866965):1.701001364):5.299847703):0.297093037,728_chron:13.18220466):0.6890221229,287_chron:4.145560656):0.3707908534,((313_chron:6.633052003,326_chron:13.56138099):0.5387251996,683_chron:16.4288847):0.8238042532):5.650668456):6.451943815,((((((883_chron:6.734671625,780_chron:1.590450779):7.668946637,384_chron:14.40361826):0.04031052569,((((937_acute:2.434645643,(998_chron:4.535391351,699_chron2:4.535391351):1.077270345):0.4471826604,1235_chron:6.059844357):1.951327641,(1446_acute:0.8862344498,1385_acute2:0.8862344498):7.124937548):0.05687149571,798_chron:8.068043494):6.375885296):3.316480797,((1193_chron:14.55008288,((((1137_chron:5.10851745,1384_acute:5.930307769):0.349516127,813_chron:2.105258715):3.508598417,(((1483_acute:1.607085139,1545_acute:1.607085139):3.942026588,885_chron:5.549111726):1.503424721,1227_chron:7.052536447):2.735885865):3.100485087,454_acute:1.942916093):1.661175478):0.9017502887,1198_chron:15.45183316):2.30857642):1.834837016,233_chron:5.098760161):0.2225670263,(294_chron2:3.820003926,273_chron:10.64767966):2.038816363):9.537487596):0.4476797886,(1216_chron:19.71808992,((697_chron:11.54310724,488_chron:3.502254241):5.954713506,((993_acute:7.271996841,(868_chron:4.207629596,762_chron:5.696664556):1.575332285):0.5673592187,(711_chron2:5.761318288,1088_chron:6.166919932):1.672436128):9.658464689):2.220269171):10.08489109):15.547952,((((((1402_acute2:3.696063441,872_chron:3.696063441):5.698974503,870_chron:9.395037945):2.505437645,468_chron:8.685148848):0.08185286313,((((1151_chron:5.855349275,851_chron:5.855349275):0.5364427952,849_chron2:3.101457998):0.5787898903,767_chron:6.97058196):0.05219929616,784_chron:3.144943041):4.959547196):1.60403144,(624_chron2:12.01699908,461_chron2:12.01699908):1.569360815):21.15649246,(((498_chron:4.467730687,((1397_chron:4.073949957,1044_chron:4.073949958):2.156301852,(1277_chron2:4.596332495,((899_acute2:3.021078406,1426_acute2:3.046117373):0.1857219085,1148_acute:3.231839281):1.364493213):1.633919316):5.180481724):6.450675234,(((1071_chron:6.068368446,932_chron:6.068368446):3.004112797,(357_chron2:0.4783641229,1331_chron:1.769397626):7.303083617):6.144251566,375_chron:8.592702984):2.64467596):4.264117552,((827_chron:11.91997008,465_chron:11.91997008):4.484453077,467_chron:7.401068268):5.721103168):12.61732603):10.60808066):2.322073672,(63_chron:31.41670349,((1529_acute:33.8019092,(750_chron:12.83047982,(1202_chron:8.635628668,1103_chron2:7.638046222):4.194851149):20.97142938):4.385504961,(179_chron:9.668109437,((383_chron:6.878647571,199_chron:14.74701832):6.054904014,(((861_chron2:15.68646861,332_acute:2.539458916):2.551605853,262_chron:8.117548822):3.033041928,934_chron:21.27111638):1.137858379):0.7358338843):15.04260551):6.264645277):3.220947247);" />
  <distribution id="posterior" spec="util.CompoundDistribution">
    <distribution id="prior" spec="util.CompoundDistribution">
      <!-- ARUDSIR Priors-->
    </distribution>			
    <distribution id="likelihood" spec="util.CompoundDistribution">
      <distribution spec='STreeLikelihoodODE' id = 'stlikelihood'
             useStateName='true' approxLambda='false' finiteSizeCorrections='false'
             popmodel='@hiv4model'  solvePL='true'>
         <treeIntervals spec="STreeIntervals" tree='@tree'> </treeIntervals> 
      </distribution>
    </distribution>
  </distribution>
  <operator id="ABCOperator" spec="ABCOperator" onlyScale="0" scaleFactor="1.02" multiply="true" parameter="@sParam" weight="1.0"/>
  <logger id="tracelog" fileName="examples/hiv4/hiv4_s0.log" logEvery="1" model="@posterior" sanitiseHeaders="true" sort="smart">
    <log idref="sParam"/>
    <log idref="posterior"/>
  </logger>
  <logger id="screenlog" logEvery="1">
    <log idref="posterior"/>
    <!-- <log spec="EndCriterion" posterior="@stlikelihood" lowerBound=".1"/> -->
  </logger>
</run>
</beast>
