<!-- Basic XML input file -->

<beast version='2.0' namespace='phydyn.model:beast.util:beast.evolution.alignment:beast.evolution.tree'>

	<model spec='PopModelODE' id='themodel' evaluator="compiled"
	     popParams='@initValues' modelParams='@rates'>
		<definition spec='Definition'>N=acute+chron+acute2+chron2+S</definition>
		<definition spec='Definition'>f=beta*(acute+chron+acute2+chron2)*S/N</definition>
		<definition spec='Definition'>I= wa*acute + chron + wa*wr2*acute2 + wr2*chron2</definition>
		<matrixeq spec='MatrixEquation' type="birth"  origin="acute" destination="acute"> 0.75*(wa*acute/I)*f </matrixeq> 
		<matrixeq spec='MatrixEquation' type="birth" origin="acute" destination="acute2"> 0.25*(wa*acute/I)*f </matrixeq>
				
		<matrixeq spec='MatrixEquation' type="birth" origin="chron" destination="acute"> 0.75*(chron/I)*f </matrixeq>
		<matrixeq spec='MatrixEquation' type="birth" origin="chron" destination="acute2"> 0.25*(chron/I)*f </matrixeq>
			
		<matrixeq spec='MatrixEquation' type="birth" origin="acute2" destination="acute"> 0.75*(acute2*wa*wr2/I)*f </matrixeq> 
		<matrixeq spec='MatrixEquation' type="birth" origin="acute2" destination="acute2"> 0.25*(acute2*wa*wr2/I)*f </matrixeq>

		<matrixeq spec='MatrixEquation' type="birth" origin="chron2" destination="acute"> 0.75*(wr2*chron2/I)*f </matrixeq> 
		<matrixeq spec='MatrixEquation' type="birth" origin="chron2" destination="acute2"> 0.25*(wr2*chron2/I)*f </matrixeq>
		

		<matrixeq spec='MatrixEquation' type="migration" origin="acute" destination="chron"> gamma0*acute </matrixeq> 
		<matrixeq spec='MatrixEquation' type="migration" origin="acute2" destination="chron2"> gamma0*acute2 </matrixeq> 
		
		
		<matrixeq spec='MatrixEquation' type="death" origin="acute"> mu*acute </matrixeq> 
		<matrixeq spec='MatrixEquation' type="death" origin="acute2"> mu*acute2 </matrixeq> 
		<matrixeq spec='MatrixEquation' type="death" origin="chron"> mu*chron + gamma1*chron </matrixeq> 
		<matrixeq spec='MatrixEquation' type="death" origin="chron2"> mu*chron2 + gamma1*chron2 </matrixeq> 
		
		<matrixeq spec='MatrixEquation' type="nondeme" origin="S"> 
			mu*S - f
		</matrixeq>
	</model>
	
	<rates spec="ModelParameters" id='rates'>	
		<param spec='ParamValue' names='beta mu' values='0.25 0.02'></param>
		<param spec='ParamValue' names='wa wr2' values='10 5'></param>
		<param spec='ParamValue' names='gamma0 gamma1' values='0.5 0.125'></param>
	</rates>	

			
	<trajparams id='initValues' spec='TrajectoryParameters' method="classicrk" 
	            integrationSteps="1001" rTol="0.01" aTol="1.0e-4" order="3" t0="0" t1="100">
			<initialValue spec="ParamValue" names='acute chron' values='1.0 0.001'  />
			<initialValue spec="ParamValue" names='acute2 chron2' values='0.001 0.001'  />
			<initialValue spec="ParamValue" names='S' values='4000.0' />
	</trajparams>
	
	
    <run spec='TrajectoryOut' model='@themodel' file="examples/hiv4/trajHIV4.csv">   </run>
    
</beast>
