<!--
This version does not use date info, t0 and t1 set accordingly
-->

<beast beautitemplate='Standard' beautistatus='' namespace="phydyn.model:phydyn.distribution:phydyn.loggers:phydyn.operators:beast.core:beast.evolution.alignment:beast.evolution.tree.coalescent:beast.core.util:beast.evolution.nuc:beast.evolution.operators:beast.evolution.sitemodel:beast.evolution.substitutionmodel:beast.evolution.likelihood" version="2.0">

<map name="Uniform">beast.math.distributions.Uniform</map>
<map name="Exponential">beast.math.distributions.Exponential</map>
<map name="LogNormal">beast.math.distributions.LogNormalDistributionModel</map>
<map name="Normal">beast.math.distributions.Normal</map>
<map name="Beta">beast.math.distributions.Beta</map>
<map name="Gamma">beast.math.distributions.Gamma</map>
<map name="LaplaceDistribution">beast.math.distributions.LaplaceDistribution</map>
<map name="prior">beast.math.distributions.Prior</map>
<map name="InverseGamma">beast.math.distributions.InverseGamma </map>


<data id="sequences" name="alignment">
<sequence id="AJ286986.02_AG.SN.1998_gp"  taxon="AJ286986.02_AG.SN.1998_gp"  totalcount="4" value="??"/>
<sequence id="JN673605.02_AG.SN.2008_gp"  taxon="JN673605.02_AG.SN.2008_gp"  totalcount="4" value="??"/>
<sequence id="FN599761.02_AG.SN.2003_gp"  taxon="FN599761.02_AG.SN.2003_gp"  totalcount="4" value="??"/>
<sequence id="FN599797.02_AG.SN.2005_gp"  taxon="FN599797.02_AG.SN.2005_gp"  totalcount="4" value="??"/>
<sequence id="AJ287002.02_AG.SN.1998_gp"  taxon="AJ287002.02_AG.SN.1998_gp"  totalcount="4" value="??"/>
<sequence id="FM210707.02_AG.SN.2004_msm"  taxon="FM210707.02_AG.SN.2004_msm"  totalcount="4" value="??"/>
<sequence id="FM210715.02_AG.SN.2004_msm"  taxon="FM210715.02_AG.SN.2004_msm"  totalcount="4" value="??"/>
<sequence id="FM210724.02_AG.SN.2004_msm"  taxon="FM210724.02_AG.SN.2004_msm"  totalcount="4" value="??"/>
<sequence id="FM210729.02_AG.SN.2004_msm"  taxon="FM210729.02_AG.SN.2004_msm"  totalcount="4" value="??"/>
<sequence id="FM210731.02_AG.SN.2004_msm"  taxon="FM210731.02_AG.SN.2004_msm"  totalcount="4" value="??"/>
<sequence id="FM210732.02_AG.SN.2004_msm"  taxon="FM210732.02_AG.SN.2004_msm"  totalcount="4" value="??"/>
<sequence id="FM210735.02_AG.SN.2004_msm"  taxon="FM210735.02_AG.SN.2004_msm"  totalcount="4" value="??"/>
<sequence id="FM210744.02_AG.SN.2004_msm"  taxon="FM210744.02_AG.SN.2004_msm"  totalcount="4" value="??"/>
<sequence id="FM210747.02_AG.SN.2004_msm"  taxon="FM210747.02_AG.SN.2004_msm"  totalcount="4" value="??"/>
<sequence id="FM210748.02_AG.SN.2004_msm"  taxon="FM210748.02_AG.SN.2004_msm"  totalcount="4" value="??"/>
<sequence id="FM210751.02_AG.SN.2004_msm"  taxon="FM210751.02_AG.SN.2004_msm"  totalcount="4" value="??"/>
<sequence id="HF947599.02_AG.SN.2007_msm"  taxon="HF947599.02_AG.SN.2007_msm"  totalcount="4" value="??"/>
<sequence id="HF947602.02_AG.SN.2007_msm"  taxon="HF947602.02_AG.SN.2007_msm"  totalcount="4" value="??"/>
<sequence id="HF947603.02_AG.SN.2007_msm"  taxon="HF947603.02_AG.SN.2007_msm"  totalcount="4" value="??"/>
<sequence id="HF947608.02_AG.SN.2007_msm"  taxon="HF947608.02_AG.SN.2007_msm"  totalcount="4" value="??"/>
<sequence id="JN673668.02_AG.SN.2010_gp"  taxon="JN673668.02_AG.SN.2010_gp"  totalcount="4" value="??"/>
<sequence id="JN673637.02_AG.SN.2009_gp"  taxon="JN673637.02_AG.SN.2009_gp"  totalcount="4" value="??"/>
<sequence id="KU685096.02_AG.SN.2011_gp"  taxon="KU685096.02_AG.SN.2011_gp"  totalcount="4" value="??"/>
<sequence id="HM002539.02_AG.SN.2007_gp"  taxon="HM002539.02_AG.SN.2007_gp"  totalcount="4" value="??"/>
<sequence id="FN599751.02_AG.SN.2003_gp"  taxon="FN599751.02_AG.SN.2003_gp"  totalcount="4" value="??"/>
<sequence id="FN599767.02_AG.SN.2003_gp"  taxon="FN599767.02_AG.SN.2003_gp"  totalcount="4" value="??"/>
<sequence id="KC350051.02_AG.SN.2010_gp"  taxon="KC350051.02_AG.SN.2010_gp"  totalcount="4" value="??"/>
<sequence id="HG315087.02_AG.SN.2008_gp"  taxon="HG315087.02_AG.SN.2008_gp"  totalcount="4" value="??"/>
<sequence id="HG315051.02_AG.SN.2008_gp"  taxon="HG315051.02_AG.SN.2008_gp"  totalcount="4" value="??"/>
<sequence id="HG315050.02_AG.SN.2008_gp"  taxon="HG315050.02_AG.SN.2008_gp"  totalcount="4" value="??"/>
<sequence id="FN599789.02_AG.SN.2005_gp"  taxon="FN599789.02_AG.SN.2005_gp"  totalcount="4" value="??"/>
<sequence id="JN673674.02_AG.SN.2010_gp"  taxon="JN673674.02_AG.SN.2010_gp"  totalcount="4" value="??"/>
<sequence id="JN673657.02_AG.SN.2009_gp"  taxon="JN673657.02_AG.SN.2009_gp"  totalcount="4" value="??"/>
<sequence id="KT223759.02_AG.SN.2013_gp"  taxon="KT223759.02_AG.SN.2013_gp"  totalcount="4" value="??"/>
<sequence id="AJ583727.02_AG.SN.1999_gp"  taxon="AJ583727.02_AG.SN.1999_gp"  totalcount="4" value="??"/>
<sequence id="FN599713.02_AG.SN.1999_gp"  taxon="FN599713.02_AG.SN.1999_gp"  totalcount="4" value="??"/>
<sequence id="JN673597.02_AG.SN.2008_gp"  taxon="JN673597.02_AG.SN.2008_gp"  totalcount="4" value="??"/>
<sequence id="KU685060.02_AG.SN.2010_gp"  taxon="KU685060.02_AG.SN.2010_gp"  totalcount="4" value="??"/>
<sequence id="FN599780.02_AG.SN.2003_gp"  taxon="FN599780.02_AG.SN.2003_gp"  totalcount="4" value="??"/>
<sequence id="KU685056.02_AG.SN.2010_gp"  taxon="KU685056.02_AG.SN.2010_gp"  totalcount="4" value="??"/>
<sequence id="AJ583732.02_AG.SN.2001_gp"  taxon="AJ583732.02_AG.SN.2001_gp"  totalcount="4" value="??"/>
<sequence id="HF947609.02_AG.SN.2007_msm"  taxon="HF947609.02_AG.SN.2007_msm"  totalcount="4" value="??"/>
<sequence id="JN673643.02_AG.SN.2009_gp"  taxon="JN673643.02_AG.SN.2009_gp"  totalcount="4" value="??"/>
<sequence id="FN599693.02_AG.SN.2000_gp"  taxon="FN599693.02_AG.SN.2000_gp"  totalcount="4" value="??"/>
<sequence id="JN673638.02_AG.SN.2009_gp"  taxon="JN673638.02_AG.SN.2009_gp"  totalcount="4" value="??"/>
<sequence id="FN599771.02_AG.SN.2003_gp"  taxon="FN599771.02_AG.SN.2003_gp"  totalcount="4" value="??"/>
<sequence id="AJ286992.02_AG.SN.1998_gp"  taxon="AJ286992.02_AG.SN.1998_gp"  totalcount="4" value="??"/>
<sequence id="AJ583719.02_AG.SN.1998_gp"  taxon="AJ583719.02_AG.SN.1998_gp"  totalcount="4" value="??"/>
<sequence id="AJ583747.02_AG.SN.2000_gp"  taxon="AJ583747.02_AG.SN.2000_gp"  totalcount="4" value="??"/>
<sequence id="FN599741.02_AG.SN.1998_gp"  taxon="FN599741.02_AG.SN.1998_gp"  totalcount="4" value="??"/>
<sequence id="KU685083.02_AG.SN.2011_gp"  taxon="KU685083.02_AG.SN.2011_gp"  totalcount="4" value="??"/>
<sequence id="HG424410.02_AG.SN.2010_gp"  taxon="HG424410.02_AG.SN.2010_gp"  totalcount="4" value="??"/>
<sequence id="FN599680.02_AG.SN.2001_gp"  taxon="FN599680.02_AG.SN.2001_gp"  totalcount="4" value="??"/>
<sequence id="HM002497.02_AG.SN.2009_gp"  taxon="HM002497.02_AG.SN.2009_gp"  totalcount="4" value="??"/>
<sequence id="FN599765.02_AG.SN.2003_gp"  taxon="FN599765.02_AG.SN.2003_gp"  totalcount="4" value="??"/>
<sequence id="HM002509.02_AG.SN.2008_gp"  taxon="HM002509.02_AG.SN.2008_gp"  totalcount="4" value="??"/>
<sequence id="JN673670.02_AG.SN.2010_gp"  taxon="JN673670.02_AG.SN.2010_gp"  totalcount="4" value="??"/>
<sequence id="KC350369.02_AG.SN.2010_gp"  taxon="KC350369.02_AG.SN.2010_gp"  totalcount="4" value="??"/>
<sequence id="JN673676.02_AG.SN.2010_gp"  taxon="JN673676.02_AG.SN.2010_gp"  totalcount="4" value="??"/>
<sequence id="FN599699.02_AG.SN.2001_gp"  taxon="FN599699.02_AG.SN.2001_gp"  totalcount="4" value="??"/>
<sequence id="JN673606.02_AG.SN.2008_gp"  taxon="JN673606.02_AG.SN.2008_gp"  totalcount="4" value="??"/>
<sequence id="KU685065.02_AG.SN.2010_gp"  taxon="KU685065.02_AG.SN.2010_gp"  totalcount="4" value="??"/>
<sequence id="FN599704.02_AG.SN.2001_gp"  taxon="FN599704.02_AG.SN.2001_gp"  totalcount="4" value="??"/>
<sequence id="JN673620.02_AG.SN.2009_gp"  taxon="JN673620.02_AG.SN.2009_gp"  totalcount="4" value="??"/>
<sequence id="FN599778.02_AG.SN.2003_gp"  taxon="FN599778.02_AG.SN.2003_gp"  totalcount="4" value="??"/>
<sequence id="KU685088.02_AG.SN.2012_gp"  taxon="KU685088.02_AG.SN.2012_gp"  totalcount="4" value="??"/>
<sequence id="JN673671.02_AG.SN.2010_gp"  taxon="JN673671.02_AG.SN.2010_gp"  totalcount="4" value="??"/>
<sequence id="AJ286999.02_AG.SN.1998_gp"  taxon="AJ286999.02_AG.SN.1998_gp"  totalcount="4" value="??"/>
<sequence id="FN599777.02_AG.SN.2003_gp"  taxon="FN599777.02_AG.SN.2003_gp"  totalcount="4" value="??"/>
<sequence id="JN673630.02_AG.SN.2009_gp"  taxon="JN673630.02_AG.SN.2009_gp"  totalcount="4" value="??"/>
<sequence id="FN599701.02_AG.SN.2001_gp"  taxon="FN599701.02_AG.SN.2001_gp"  totalcount="4" value="??"/>
<sequence id="FN599692.02_AG.SN.2000_gp"  taxon="FN599692.02_AG.SN.2000_gp"  totalcount="4" value="??"/>
<sequence id="FN599742.02_AG.SN.2002_gp"  taxon="FN599742.02_AG.SN.2002_gp"  totalcount="4" value="??"/>
<sequence id="HM002521.02_AG.SN.2008_gp"  taxon="HM002521.02_AG.SN.2008_gp"  totalcount="4" value="??"/>
<sequence id="HM002503.02_AG.SN.2008_gp"  taxon="HM002503.02_AG.SN.2008_gp"  totalcount="4" value="??"/>
<sequence id="JN193499.02_AG.SN.2009_gp"  taxon="JN193499.02_AG.SN.2009_gp"  totalcount="4" value="??"/>
<sequence id="JN673614.02_AG.SN.2009_gp"  taxon="JN673614.02_AG.SN.2009_gp"  totalcount="4" value="??"/>
<sequence id="AJ583713.02_AG.SN.1998_gp"  taxon="AJ583713.02_AG.SN.1998_gp"  totalcount="4" value="??"/>
<sequence id="FN599684.02_AG.SN.1998_gp"  taxon="FN599684.02_AG.SN.1998_gp"  totalcount="4" value="??"/>
<sequence id="HG315052.02_AG.SN.2008_gp"  taxon="HG315052.02_AG.SN.2008_gp"  totalcount="4" value="??"/>
<sequence id="FN599732.02_AG.SN.1999_gp"  taxon="FN599732.02_AG.SN.1999_gp"  totalcount="4" value="??"/>
<sequence id="JN673641.02_AG.SN.2009_gp"  taxon="JN673641.02_AG.SN.2009_gp"  totalcount="4" value="??"/>
<sequence id="KC350203.02_AG.SN.2010_gp"  taxon="KC350203.02_AG.SN.2010_gp"  totalcount="4" value="??"/>
<sequence id="KU685068.02_AG.SN.2010_gp"  taxon="KU685068.02_AG.SN.2010_gp"  totalcount="4" value="??"/>
<sequence id="FN599696.02_AG.SN.2000_gp"  taxon="FN599696.02_AG.SN.2000_gp"  totalcount="4" value="??"/>
<sequence id="HF947612.02_AG.SN.2007_msm"  taxon="HF947612.02_AG.SN.2007_msm"  totalcount="4" value="??"/>
<sequence id="FN599793.02_AG.SN.2005_gp"  taxon="FN599793.02_AG.SN.2005_gp"  totalcount="4" value="??"/>
<sequence id="KU685063.02_AG.SN.2010_gp"  taxon="KU685063.02_AG.SN.2010_gp"  totalcount="4" value="??"/>
<sequence id="JN673635.02_AG.SN.2009_gp"  taxon="JN673635.02_AG.SN.2009_gp"  totalcount="4" value="??"/>
<sequence id="JN673675.02_AG.SN.2010_gp"  taxon="JN673675.02_AG.SN.2010_gp"  totalcount="4" value="??"/>
<sequence id="HF947614.02_AG.SN.2007_msm"  taxon="HF947614.02_AG.SN.2007_msm"  totalcount="4" value="??"/>
<sequence id="HF947619.02_AG.SN.2007_msm"  taxon="HF947619.02_AG.SN.2007_msm"  totalcount="4" value="??"/>
<sequence id="HG315093.02_AG.SN.2008_gp"  taxon="HG315093.02_AG.SN.2008_gp"  totalcount="4" value="??"/>
<sequence id="HG315039.02_AG.SN.2008_gp"  taxon="HG315039.02_AG.SN.2008_gp"  totalcount="4" value="??"/>
<sequence id="HM002535.02_AG.SN.2009_gp"  taxon="HM002535.02_AG.SN.2009_gp"  totalcount="4" value="??"/>
<sequence id="JN673682.02_AG.SN.2009_gp"  taxon="JN673682.02_AG.SN.2009_gp"  totalcount="4" value="??"/>
<sequence id="FN599739.02_AG.SN.2002_gp"  taxon="FN599739.02_AG.SN.2002_gp"  totalcount="4" value="??"/>
<sequence id="HG424416.02_AG.SN.2010_gp"  taxon="HG424416.02_AG.SN.2010_gp"  totalcount="4" value="??"/>
<sequence id="JN673609.02_AG.SN.2009_gp"  taxon="JN673609.02_AG.SN.2009_gp"  totalcount="4" value="??"/>
<sequence id="FN599694.02_AG.SN.2000_gp"  taxon="FN599694.02_AG.SN.2000_gp"  totalcount="4" value="??"/>
<sequence id="JN673626.02_AG.SN.2009_gp"  taxon="JN673626.02_AG.SN.2009_gp"  totalcount="4" value="??"/>
<sequence id="JN673667.02_AG.SN.2010_gp"  taxon="JN673667.02_AG.SN.2010_gp"  totalcount="4" value="??"/>
<sequence id="HG315086.02_AG.SN.2008_gp"  taxon="HG315086.02_AG.SN.2008_gp"  totalcount="4" value="??"/>
<sequence id="JN673617.02_AG.SN.2009_gp"  taxon="JN673617.02_AG.SN.2009_gp"  totalcount="4" value="??"/>
<sequence id="JN673673.02_AG.SN.2010_gp"  taxon="JN673673.02_AG.SN.2010_gp"  totalcount="4" value="??"/>
<sequence id="KC349989.02_AG.SN.2010_gp"  taxon="KC349989.02_AG.SN.2010_gp"  totalcount="4" value="??"/>
<sequence id="FN599791.02_AG.SN.2005_gp"  taxon="FN599791.02_AG.SN.2005_gp"  totalcount="4" value="??"/>
<sequence id="HF947620.02_AG.SN.2007_msm"  taxon="HF947620.02_AG.SN.2007_msm"  totalcount="4" value="??"/>
<sequence id="HF947623.02_AG.SN.2007_msm"  taxon="HF947623.02_AG.SN.2007_msm"  totalcount="4" value="??"/>
<sequence id="HF947624.02_AG.SN.2007_msm"  taxon="HF947624.02_AG.SN.2007_msm"  totalcount="4" value="??"/>
<sequence id="HF947627.02_AG.SN.2007_msm"  taxon="HF947627.02_AG.SN.2007_msm"  totalcount="4" value="??"/>
<sequence id="HF947631.02_AG.SN.2007_msm"  taxon="HF947631.02_AG.SN.2007_msm"  totalcount="4" value="??"/>
<sequence id="HF947632.02_AG.SN.2007_msm"  taxon="HF947632.02_AG.SN.2007_msm"  totalcount="4" value="??"/>
<sequence id="HF947633.02_AG.SN.2007_msm"  taxon="HF947633.02_AG.SN.2007_msm"  totalcount="4" value="??"/>
<sequence id="HF947610.02_AG.SN.2007_gp"  taxon="HF947610.02_AG.SN.2007_gp"  totalcount="4" value="??"/>
<sequence id="HF947638.02_AG.SN.2007_msm"  taxon="HF947638.02_AG.SN.2007_msm"  totalcount="4" value="??"/>
<sequence id="HF947640.02_AG.SN.2007_msm"  taxon="HF947640.02_AG.SN.2007_msm"  totalcount="4" value="??"/>
<sequence id="HF947643.02_AG.SN.2007_msm"  taxon="HF947643.02_AG.SN.2007_msm"  totalcount="4" value="??"/>
<sequence id="KU685108.02_AG.SN.2012_gp"  taxon="KU685108.02_AG.SN.2012_gp"  totalcount="4" value="??"/>
<sequence id="HF947644.02_AG.SN.2007_msm"  taxon="HF947644.02_AG.SN.2007_msm"  totalcount="4" value="??"/>
<sequence id="HF947645.02_AG.SN.2007_msm"  taxon="HF947645.02_AG.SN.2007_msm"  totalcount="4" value="??"/>
<sequence id="FN599795.02_AG.SN.2005_gp"  taxon="FN599795.02_AG.SN.2005_gp"  totalcount="4" value="??"/>
<sequence id="FN599736.02_AG.SN.2002_gp"  taxon="FN599736.02_AG.SN.2002_gp"  totalcount="4" value="??"/>
<sequence id="HM002508.02_AG.SN.2007_gp"  taxon="HM002508.02_AG.SN.2007_gp"  totalcount="4" value="??"/>
<sequence id="FN599799.02_AG.SN.2005_gp"  taxon="FN599799.02_AG.SN.2005_gp"  totalcount="4" value="??"/>
<sequence id="AJ251057.02_AG.SN.1998_gp"  taxon="AJ251057.02_AG.SN.1998_gp"  totalcount="4" value="??"/>
<sequence id="AJ583748.02_AG.SN.2000_gp"  taxon="AJ583748.02_AG.SN.2000_gp"  totalcount="4" value="??"/>
<sequence id="FN599728.02_AG.SN.2000_gp"  taxon="FN599728.02_AG.SN.2000_gp"  totalcount="4" value="??"/>
<sequence id="JN673633.02_AG.SN.2009_gp"  taxon="JN673633.02_AG.SN.2009_gp"  totalcount="4" value="??"/>
<sequence id="JN673634.02_AG.SN.2009_gp"  taxon="JN673634.02_AG.SN.2009_gp"  totalcount="4" value="??"/>
<sequence id="FN599731.02_AG.SN.2000_gp"  taxon="FN599731.02_AG.SN.2000_gp"  totalcount="4" value="??"/>
<sequence id="HM002523.02_AG.SN.2009_gp"  taxon="HM002523.02_AG.SN.2009_gp"  totalcount="4" value="??"/>
<sequence id="KU685064.02_AG.SN.2010_gp"  taxon="KU685064.02_AG.SN.2010_gp"  totalcount="4" value="??"/>
<sequence id="AJ583733.02_AG.SN.1999_gp"  taxon="AJ583733.02_AG.SN.1999_gp"  totalcount="4" value="??"/>
<sequence id="AJ286141.02_AG.SN.1998_gp"  taxon="AJ286141.02_AG.SN.1998_gp"  totalcount="4" value="??"/>
<sequence id="AJ251056.02_AG.SN.1998_gp"  taxon="AJ251056.02_AG.SN.1998_gp"  totalcount="4" value="??"/>
<sequence id="AJ583746.02_AG.SN.2000_gp"  taxon="AJ583746.02_AG.SN.2000_gp"  totalcount="4" value="??"/>
<sequence id="FN599729.02_AG.SN.2000_gp"  taxon="FN599729.02_AG.SN.2000_gp"  totalcount="4" value="??"/>
<sequence id="HM002542.02_AG.SN.2009_gp"  taxon="HM002542.02_AG.SN.2009_gp"  totalcount="4" value="??"/>
<sequence id="FN599774.02_AG.SN.2003_gp"  taxon="FN599774.02_AG.SN.2003_gp"  totalcount="4" value="??"/>
<sequence id="JN673636.02_AG.SN.2009_gp"  taxon="JN673636.02_AG.SN.2009_gp"  totalcount="4" value="??"/>
<sequence id="HG424401.02_AG.SN.2010_gp"  taxon="HG424401.02_AG.SN.2010_gp"  totalcount="4" value="??"/>
<sequence id="HG315038.02_AG.SN.2008_gp"  taxon="HG315038.02_AG.SN.2008_gp"  totalcount="4" value="??"/>
<sequence id="HM002527.02_AG.SN.2008_gp"  taxon="HM002527.02_AG.SN.2008_gp"  totalcount="4" value="??"/>
<sequence id="JN673659.02_AG.SN.2010_gp"  taxon="JN673659.02_AG.SN.2010_gp"  totalcount="4" value="??"/>
<sequence id="HF947647.02_AG.SN.2007_msm"  taxon="HF947647.02_AG.SN.2007_msm"  totalcount="4" value="??"/>
<sequence id="KU685104.02_AG.SN.2011_gp"  taxon="KU685104.02_AG.SN.2011_gp"  totalcount="4" value="??"/>
<sequence id="KC350032.02_AG.SN.2011_gp"  taxon="KC350032.02_AG.SN.2011_gp"  totalcount="4" value="??"/>
<sequence id="HG315054.02_AG.SN.2008_gp"  taxon="HG315054.02_AG.SN.2008_gp"  totalcount="4" value="??"/>
<sequence id="HM002496.02_AG.SN.2009_gp"  taxon="HM002496.02_AG.SN.2009_gp"  totalcount="4" value="??"/>
<sequence id="JN193484.02_AG.SN.2009_gp"  taxon="JN193484.02_AG.SN.2009_gp"  totalcount="4" value="??"/>
<sequence id="HG424415.02_AG.SN.2010_gp"  taxon="HG424415.02_AG.SN.2010_gp"  totalcount="4" value="??"/>
<sequence id="JN193485.02_AG.SN.2009_gp"  taxon="JN193485.02_AG.SN.2009_gp"  totalcount="4" value="??"/>
<sequence id="HM002538.02_AG.SN.2009_gp"  taxon="HM002538.02_AG.SN.2009_gp"  totalcount="4" value="??"/>
<sequence id="HM002530.02_AG.SN.2008_gp"  taxon="HM002530.02_AG.SN.2008_gp"  totalcount="4" value="??"/>
<sequence id="JN673611.02_AG.SN.2009_gp"  taxon="JN673611.02_AG.SN.2009_gp"  totalcount="4" value="??"/>
<sequence id="HG315045.02_AG.SN.2008_gp"  taxon="HG315045.02_AG.SN.2008_gp"  totalcount="4" value="??"/>
<sequence id="HG315088.02_AG.SN.2008_gp"  taxon="HG315088.02_AG.SN.2008_gp"  totalcount="4" value="??"/>
<sequence id="HG315089.02_AG.SN.2008_gp"  taxon="HG315089.02_AG.SN.2008_gp"  totalcount="4" value="??"/>
<sequence id="HG315035.02_AG.SN.2008_gp"  taxon="HG315035.02_AG.SN.2008_gp"  totalcount="4" value="??"/>
<sequence id="JN673678.02_AG.SN.2009_gp"  taxon="JN673678.02_AG.SN.2009_gp"  totalcount="4" value="??"/>
<sequence id="JX187619.02_AG.SN.2011_gp"  taxon="JX187619.02_AG.SN.2011_gp"  totalcount="4" value="??"/>
<sequence id="KC350236.02_AG.SN.2010_gp"  taxon="KC350236.02_AG.SN.2010_gp"  totalcount="4" value="??"/>
<sequence id="HM002513.02_AG.SN.2008_gp"  taxon="HM002513.02_AG.SN.2008_gp"  totalcount="4" value="??"/>
<sequence id="KC350094.02_AG.SN.2010_gp"  taxon="KC350094.02_AG.SN.2010_gp"  totalcount="4" value="??"/>
<sequence id="AJ583724.02_AG.SN.1998_gp"  taxon="AJ583724.02_AG.SN.1998_gp"  totalcount="4" value="??"/>
<sequence id="FN599716.02_AG.SN.1998_gp"  taxon="FN599716.02_AG.SN.1998_gp"  totalcount="4" value="??"/>
<sequence id="JN673649.02_AG.SN.2009_gp"  taxon="JN673649.02_AG.SN.2009_gp"  totalcount="4" value="??"/>
<sequence id="AJ287001.02_AG.SN.1998_gp"  taxon="AJ287001.02_AG.SN.1998_gp"  totalcount="4" value="??"/>
<sequence id="JN673663.02_AG.SN.2010_gp"  taxon="JN673663.02_AG.SN.2010_gp"  totalcount="4" value="??"/>
<sequence id="HG424413.02_AG.SN.2010_gp"  taxon="HG424413.02_AG.SN.2010_gp"  totalcount="4" value="??"/>
<sequence id="AJ286998.02_AG.SN.1998_gp"  taxon="AJ286998.02_AG.SN.1998_gp"  totalcount="4" value="??"/>
<sequence id="FN599724.02_AG.SN.1998_gp"  taxon="FN599724.02_AG.SN.1998_gp"  totalcount="4" value="??"/>
<sequence id="HG315055.02_AG.SN.2008_gp"  taxon="HG315055.02_AG.SN.2008_gp"  totalcount="4" value="??"/>
<sequence id="HG424419.02_AG.SN.2010_gp"  taxon="HG424419.02_AG.SN.2010_gp"  totalcount="4" value="??"/>
<sequence id="HM002519.02_AG.SN.2007_gp"  taxon="HM002519.02_AG.SN.2007_gp"  totalcount="4" value="??"/>
<sequence id="HM002520.02_AG.SN.2008_gp"  taxon="HM002520.02_AG.SN.2008_gp"  totalcount="4" value="??"/>
<sequence id="JN673658.02_AG.SN.2010_gp"  taxon="JN673658.02_AG.SN.2010_gp"  totalcount="4" value="??"/>
<sequence id="KU685094.02_AG.SN.2010_gp"  taxon="KU685094.02_AG.SN.2010_gp"  totalcount="4" value="??"/>
<sequence id="KC349990.02_AG.SN.2011_gp"  taxon="KC349990.02_AG.SN.2011_gp"  totalcount="4" value="??"/>
<sequence id="KU685105.02_AG.SN.2011_gp"  taxon="KU685105.02_AG.SN.2011_gp"  totalcount="4" value="??"/>
<sequence id="JN673644.02_AG.SN.2009_gp"  taxon="JN673644.02_AG.SN.2009_gp"  totalcount="4" value="??"/>
<sequence id="JN673628.02_AG.SN.2009_gp"  taxon="JN673628.02_AG.SN.2009_gp"  totalcount="4" value="??"/>
<sequence id="JN673631.02_AG.SN.2009_gp"  taxon="JN673631.02_AG.SN.2009_gp"  totalcount="4" value="??"/>
<sequence id="AJ286991.02_AG.SN.1998_gp"  taxon="AJ286991.02_AG.SN.1998_gp"  totalcount="4" value="??"/>
<sequence id="JN673599.02_AG.SN.2009_gp"  taxon="JN673599.02_AG.SN.2009_gp"  totalcount="4" value="??"/>
<sequence id="FN599758.02_AG.SN.2003_gp"  taxon="FN599758.02_AG.SN.2003_gp"  totalcount="4" value="??"/>
<sequence id="AJ583711.02_AG.SN.1999_gp"  taxon="AJ583711.02_AG.SN.1999_gp"  totalcount="4" value="??"/>
<sequence id="FN599682.02_AG.SN.1999_gp"  taxon="FN599682.02_AG.SN.1999_gp"  totalcount="4" value="??"/>
<sequence id="FN599786.02_AG.SN.2005_gp"  taxon="FN599786.02_AG.SN.2005_gp"  totalcount="4" value="??"/>
<sequence id="HM002514.02_AG.SN.2008_gp"  taxon="HM002514.02_AG.SN.2008_gp"  totalcount="4" value="??"/>
<sequence id="KU685107.02_AG.SN.2011_gp"  taxon="KU685107.02_AG.SN.2011_gp"  totalcount="4" value="??"/>
<sequence id="HG315092.02_AG.SN.2008_gp"  taxon="HG315092.02_AG.SN.2008_gp"  totalcount="4" value="??"/>
<sequence id="HG424417.02_AG.SN.2010_gp"  taxon="HG424417.02_AG.SN.2010_gp"  totalcount="4" value="??"/>
<sequence id="FN599772.02_AG.SN.2003_gp"  taxon="FN599772.02_AG.SN.2003_gp"  totalcount="4" value="??"/>
<sequence id="JN193489.02_AG.SN.2009_gp"  taxon="JN193489.02_AG.SN.2009_gp"  totalcount="4" value="??"/>
<sequence id="JN673677.02_AG.SN.2008_gp"  taxon="JN673677.02_AG.SN.2008_gp"  totalcount="4" value="??"/>
<sequence id="JX227940.02_AG.SN.2011_gp"  taxon="JX227940.02_AG.SN.2011_gp"  totalcount="4" value="??"/>
<sequence id="HG424400.02_AG.SN.2010_gp"  taxon="HG424400.02_AG.SN.2010_gp"  totalcount="4" value="??"/>
<sequence id="HM002516.02_AG.SN.2008_gp"  taxon="HM002516.02_AG.SN.2008_gp"  totalcount="4" value="??"/>
<sequence id="JN673640.02_AG.SN.2009_gp"  taxon="JN673640.02_AG.SN.2009_gp"  totalcount="4" value="??"/>
<sequence id="JN193490.02_AG.SN.2010_gp"  taxon="JN193490.02_AG.SN.2010_gp"  totalcount="4" value="??"/>
<sequence id="KU685069.02_AG.SN.2010_gp"  taxon="KU685069.02_AG.SN.2010_gp"  totalcount="4" value="??"/>
<sequence id="JN673664.02_AG.SN.2010_gp"  taxon="JN673664.02_AG.SN.2010_gp"  totalcount="4" value="??"/>
<sequence id="FN599762.02_AG.SN.2003_gp"  taxon="FN599762.02_AG.SN.2003_gp"  totalcount="4" value="??"/>
<sequence id="HG315090.02_AG.SN.2008_gp"  taxon="HG315090.02_AG.SN.2008_gp"  totalcount="4" value="??"/>
<sequence id="FN599779.02_AG.SN.2003_gp"  taxon="FN599779.02_AG.SN.2003_gp"  totalcount="4" value="??"/>
<sequence id="HM002522.02_AG.SN.2007_gp"  taxon="HM002522.02_AG.SN.2007_gp"  totalcount="4" value="??"/>
<sequence id="JN193491.02_AG.SN.2010_gp"  taxon="JN193491.02_AG.SN.2010_gp"  totalcount="4" value="??"/>
<sequence id="FN599800.02_AG.SN.2005_gp"  taxon="FN599800.02_AG.SN.2005_gp"  totalcount="4" value="??"/>
<sequence id="FN599766.02_AG.SN.2003_gp"  taxon="FN599766.02_AG.SN.2003_gp"  totalcount="4" value="??"/>
<sequence id="JN673660.02_AG.SN.2010_gp"  taxon="JN673660.02_AG.SN.2010_gp"  totalcount="4" value="??"/>
<sequence id="HF947649.02_AG.SN.2007_msm"  taxon="HF947649.02_AG.SN.2007_msm"  totalcount="4" value="??"/>
<sequence id="JN193500.02_AG.SN.2009_gp"  taxon="JN193500.02_AG.SN.2009_gp"  totalcount="4" value="??"/>
<sequence id="HG315042.02_AG.SN.2008_gp"  taxon="HG315042.02_AG.SN.2008_gp"  totalcount="4" value="??"/>
<sequence id="KU685110.02_AG.SN.2012_gp"  taxon="KU685110.02_AG.SN.2012_gp"  totalcount="4" value="??"/>
<sequence id="JN673616.02_AG.SN.2009_gp"  taxon="JN673616.02_AG.SN.2009_gp"  totalcount="4" value="??"/>
<sequence id="KC349988.02_AG.SN.2010_gp"  taxon="KC349988.02_AG.SN.2010_gp"  totalcount="4" value="??"/>
<sequence id="HG424399.02_AG.SN.2010_gp"  taxon="HG424399.02_AG.SN.2010_gp"  totalcount="4" value="??"/>
<sequence id="HG424402.02_AG.SN.2010_gp"  taxon="HG424402.02_AG.SN.2010_gp"  totalcount="4" value="??"/>
<sequence id="HG315043.02_AG.SN.2008_gp"  taxon="HG315043.02_AG.SN.2008_gp"  totalcount="4" value="??"/>
<sequence id="JN673651.02_AG.SN.2009_gp"  taxon="JN673651.02_AG.SN.2009_gp"  totalcount="4" value="??"/>
<sequence id="JN673601.02_AG.SN.2010_gp"  taxon="JN673601.02_AG.SN.2010_gp"  totalcount="4" value="??"/>
<sequence id="JN673666.02_AG.SN.2010_gp"  taxon="JN673666.02_AG.SN.2010_gp"  totalcount="4" value="??"/>
<sequence id="FN599769.02_AG.SN.2003_gp"  taxon="FN599769.02_AG.SN.2003_gp"  totalcount="4" value="??"/>
<sequence id="FN599755.02_AG.SN.2003_gp"  taxon="FN599755.02_AG.SN.2003_gp"  totalcount="4" value="??"/>
<sequence id="FN599743.02_AG.SN.2001_gp"  taxon="FN599743.02_AG.SN.2001_gp"  totalcount="4" value="??"/>
<sequence id="FN599787.02_AG.SN.2005_gp"  taxon="FN599787.02_AG.SN.2005_gp"  totalcount="4" value="??"/>
<sequence id="JN673650.02_AG.SN.2009_gp"  taxon="JN673650.02_AG.SN.2009_gp"  totalcount="4" value="??"/>
<sequence id="JN673642.02_AG.SN.2009_gp"  taxon="JN673642.02_AG.SN.2009_gp"  totalcount="4" value="??"/>
<sequence id="HG424414.02_AG.SN.2010_gp"  taxon="HG424414.02_AG.SN.2010_gp"  totalcount="4" value="??"/>
<sequence id="AJ583710.02_AG.SN.1999_gp"  taxon="AJ583710.02_AG.SN.1999_gp"  totalcount="4" value="??"/>
<sequence id="FN599679.02_AG.SN.1999_gp"  taxon="FN599679.02_AG.SN.1999_gp"  totalcount="4" value="??"/>
<sequence id="AJ583730.02_AG.SN.1999_gp"  taxon="AJ583730.02_AG.SN.1999_gp"  totalcount="4" value="??"/>
<sequence id="HG315094.02_AG.SN.2008_gp"  taxon="HG315094.02_AG.SN.2008_gp"  totalcount="4" value="??"/>
<sequence id="HG424398.02_AG.SN.2010_gp"  taxon="HG424398.02_AG.SN.2010_gp"  totalcount="4" value="??"/>
<sequence id="FN599796.02_AG.SN.2005_gp"  taxon="FN599796.02_AG.SN.2005_gp"  totalcount="4" value="??"/>
<sequence id="HG315091.02_AG.SN.2008_gp"  taxon="HG315091.02_AG.SN.2008_gp"  totalcount="4" value="??"/>
<sequence id="HM002502.02_AG.SN.2008_gp"  taxon="HM002502.02_AG.SN.2008_gp"  totalcount="4" value="??"/>
<sequence id="AJ287000.02_AG.SN.1998_gp"  taxon="AJ287000.02_AG.SN.1998_gp"  totalcount="4" value="??"/>
<sequence id="HG315036.02_AG.SN.2008_gp"  taxon="HG315036.02_AG.SN.2008_gp"  totalcount="4" value="??"/>
<sequence id="AJ286996.02_AG.SN.1998_gp"  taxon="AJ286996.02_AG.SN.1998_gp"  totalcount="4" value="??"/>
<sequence id="HG315040.02_AG.SN.2008_gp"  taxon="HG315040.02_AG.SN.2008_gp"  totalcount="4" value="??"/>
<sequence id="HM002501.02_AG.SN.2008_gp"  taxon="HM002501.02_AG.SN.2008_gp"  totalcount="4" value="??"/>
<sequence id="FN599784.02_AG.SN.2005_gp"  taxon="FN599784.02_AG.SN.2005_gp"  totalcount="4" value="??"/>
<sequence id="JN673598.02_AG.SN.2008_gp"  taxon="JN673598.02_AG.SN.2008_gp"  totalcount="4" value="??"/>
<sequence id="JN673672.02_AG.SN.2010_gp"  taxon="JN673672.02_AG.SN.2010_gp"  totalcount="4" value="??"/>
<sequence id="JN673600.02_AG.SN.2010_gp"  taxon="JN673600.02_AG.SN.2010_gp"  totalcount="4" value="??"/>
<sequence id="JN193497.02_AG.SN.2009_gp"  taxon="JN193497.02_AG.SN.2009_gp"  totalcount="4" value="??"/>
<sequence id="JN673679.02_AG.SN.2009_gp"  taxon="JN673679.02_AG.SN.2009_gp"  totalcount="4" value="??"/>
<sequence id="KC349993.02_AG.SN.2011_gp"  taxon="KC349993.02_AG.SN.2011_gp"  totalcount="4" value="??"/>
<sequence id="AJ583717.02_AG.SN.1999_gp"  taxon="AJ583717.02_AG.SN.1999_gp"  totalcount="4" value="??"/>
<sequence id="FN599690.02_AG.SN.1999_gp"  taxon="FN599690.02_AG.SN.1999_gp"  totalcount="4" value="??"/>
<sequence id="KU685100.02_AG.SN.2011_gp"  taxon="KU685100.02_AG.SN.2011_gp"  totalcount="4" value="??"/>
<sequence id="HG315100.02_AG.SN.2008_gp"  taxon="HG315100.02_AG.SN.2008_gp"  totalcount="4" value="??"/>
<sequence id="HG315034.02_AG.SN.2008_gp"  taxon="HG315034.02_AG.SN.2008_gp"  totalcount="4" value="??"/>
<sequence id="JN193487.02_AG.SN.2009_gp"  taxon="JN193487.02_AG.SN.2009_gp"  totalcount="4" value="??"/>
<sequence id="FN599747.02_AG.SN.2003_gp"  taxon="FN599747.02_AG.SN.2003_gp"  totalcount="4" value="??"/>
<sequence id="FN599756.02_AG.SN.2003_gp"  taxon="FN599756.02_AG.SN.2003_gp"  totalcount="4" value="??"/>
<sequence id="HM002505.02_AG.SN.2008_gp"  taxon="HM002505.02_AG.SN.2008_gp"  totalcount="4" value="??"/>
<sequence id="JQ855855.02_AG.SN.2008_gp"  taxon="JQ855855.02_AG.SN.2008_gp"  totalcount="4" value="??"/>
<sequence id="AJ583738.02_AG.SN.1999_gp"  taxon="AJ583738.02_AG.SN.1999_gp"  totalcount="4" value="??"/>
<sequence id="FN599715.02_AG.SN.1999_gp"  taxon="FN599715.02_AG.SN.1999_gp"  totalcount="4" value="??"/>
<sequence id="AJ583753.02_AG.SN.1999_gp"  taxon="AJ583753.02_AG.SN.1999_gp"  totalcount="4" value="??"/>
<sequence id="HM002512.02_AG.SN.2009_gp"  taxon="HM002512.02_AG.SN.2009_gp"  totalcount="4" value="??"/>
<sequence id="HG315044.02_AG.SN.2008_gp"  taxon="HG315044.02_AG.SN.2008_gp"  totalcount="4" value="??"/>
<sequence id="JN673665.02_AG.SN.2010_gp"  taxon="JN673665.02_AG.SN.2010_gp"  totalcount="4" value="??"/>
<sequence id="FN599790.02_AG.SN.2005_gp"  taxon="FN599790.02_AG.SN.2005_gp"  totalcount="4" value="??"/>
<sequence id="AJ286994.02_AG.SN.1998_gp"  taxon="AJ286994.02_AG.SN.1998_gp"  totalcount="4" value="??"/>
<sequence id="JN673681.02_AG.SN.2009_gp"  taxon="JN673681.02_AG.SN.2009_gp"  totalcount="4" value="??"/>
<sequence id="FN599749.02_AG.SN.2003_gp"  taxon="FN599749.02_AG.SN.2003_gp"  totalcount="4" value="??"/>
<sequence id="JN673629.02_AG.SN.2009_gp"  taxon="JN673629.02_AG.SN.2009_gp"  totalcount="4" value="??"/>
<sequence id="AJ583721.02_AG.SN.1998_gp"  taxon="AJ583721.02_AG.SN.1998_gp"  totalcount="4" value="??"/>
<sequence id="FN599721.02_AG.SN.1998_gp"  taxon="FN599721.02_AG.SN.1998_gp"  totalcount="4" value="??"/>
<sequence id="AJ583751.02_AG.SN.2000_gp"  taxon="AJ583751.02_AG.SN.2000_gp"  totalcount="4" value="??"/>
<sequence id="JN673648.02_AG.SN.2009_gp"  taxon="JN673648.02_AG.SN.2009_gp"  totalcount="4" value="??"/>
<sequence id="JN193486.02_AG.SN.2010_gp"  taxon="JN193486.02_AG.SN.2010_gp"  totalcount="4" value="??"/>
<sequence id="KT223760.02_AG.SN.2013_gp"  taxon="KT223760.02_AG.SN.2013_gp"  totalcount="4" value="??"/>
<sequence id="KC350076.02_AG.SN.2010_gp"  taxon="KC350076.02_AG.SN.2010_gp"  totalcount="4" value="??"/>
<sequence id="HG315098.02_AG.SN.2008_gp"  taxon="HG315098.02_AG.SN.2008_gp"  totalcount="4" value="??"/>
<sequence id="FN599719.02_AG.SN.1998_gp"  taxon="FN599719.02_AG.SN.1998_gp"  totalcount="4" value="??"/>
<sequence id="FN599759.02_AG.SN.2003_gp"  taxon="FN599759.02_AG.SN.2003_gp"  totalcount="4" value="??"/>
<sequence id="KC350365.02_AG.SN.2010_gp"  taxon="KC350365.02_AG.SN.2010_gp"  totalcount="4" value="??"/>
<sequence id="KU685101.02_AG.SN.2011_gp"  taxon="KU685101.02_AG.SN.2011_gp"  totalcount="4" value="??"/>
<sequence id="JN673661.02_AG.SN.2010_gp"  taxon="JN673661.02_AG.SN.2010_gp"  totalcount="4" value="??"/>
<sequence id="HM002524.02_AG.SN.2008_gp"  taxon="HM002524.02_AG.SN.2008_gp"  totalcount="4" value="??"/>
<sequence id="AJ286136.02_AG.SN.1997_gp"  taxon="AJ286136.02_AG.SN.1997_gp"  totalcount="4" value="??"/>
<sequence id="FN599794.02_AG.SN.2005_gp"  taxon="FN599794.02_AG.SN.2005_gp"  totalcount="4" value="??"/>
<sequence id="HM002531.02_AG.SN.2008_gp"  taxon="HM002531.02_AG.SN.2008_gp"  totalcount="4" value="??"/>
<sequence id="JN673680.02_AG.SN.2010_gp"  taxon="JN673680.02_AG.SN.2010_gp"  totalcount="4" value="??"/>
<sequence id="AJ583729.02_AG.SN.1999_gp"  taxon="AJ583729.02_AG.SN.1999_gp"  totalcount="4" value="??"/>
<sequence id="FN599709.02_AG.SN.1999_gp"  taxon="FN599709.02_AG.SN.1999_gp"  totalcount="4" value="??"/>
<sequence id="JN673632.02_AG.SN.2009_gp"  taxon="JN673632.02_AG.SN.2009_gp"  totalcount="4" value="??"/>
<sequence id="HM002511.02_AG.SN.2008_gp"  taxon="HM002511.02_AG.SN.2008_gp"  totalcount="4" value="??"/>
<sequence id="JN673669.02_AG.SN.2010_gp"  taxon="JN673669.02_AG.SN.2010_gp"  totalcount="4" value="??"/>
<sequence id="JN673655.02_AG.SN.2009_gp"  taxon="JN673655.02_AG.SN.2009_gp"  totalcount="4" value="??"/>
<sequence id="AJ286987.02_AG.SN.1998_gp"  taxon="AJ286987.02_AG.SN.1998_gp"  totalcount="4" value="??"/>
<sequence id="FN599697.02_AG.SN.2001_gp"  taxon="FN599697.02_AG.SN.2001_gp"  totalcount="4" value="??"/>
<sequence id="HM002506.02_AG.SN.2008_gp"  taxon="HM002506.02_AG.SN.2008_gp"  totalcount="4" value="??"/>
<sequence id="FN599695.02_AG.SN.2000_gp"  taxon="FN599695.02_AG.SN.2000_gp"  totalcount="4" value="??"/>
<sequence id="HG315080.02_AG.SN.2008_gp"  taxon="HG315080.02_AG.SN.2008_gp"  totalcount="4" value="??"/>
<sequence id="AJ583718.02_AG.SN.1998_gp"  taxon="AJ583718.02_AG.SN.1998_gp"  totalcount="4" value="??"/>
<sequence id="FN599707.02_AG.SN.1998_gp"  taxon="FN599707.02_AG.SN.1998_gp"  totalcount="4" value="??"/>
<sequence id="AJ583745.02_AG.SN.2001_gp"  taxon="AJ583745.02_AG.SN.2001_gp"  totalcount="4" value="??"/>
<sequence id="AJ583712.02_AG.SN.1999_gp"  taxon="AJ583712.02_AG.SN.1999_gp"  totalcount="4" value="??"/>
<sequence id="FN599683.02_AG.SN.1999_gp"  taxon="FN599683.02_AG.SN.1999_gp"  totalcount="4" value="??"/>
<sequence id="AJ583731.02_AG.SN.1999_gp"  taxon="AJ583731.02_AG.SN.1999_gp"  totalcount="4" value="??"/>
<sequence id="FN599686.02_AG.SN.1999_gp"  taxon="FN599686.02_AG.SN.1999_gp"  totalcount="4" value="??"/>
<sequence id="JN673604.02_AG.SN.2008_gp"  taxon="JN673604.02_AG.SN.2008_gp"  totalcount="4" value="??"/>
<sequence id="FN599727.02_AG.SN.2000_gp"  taxon="FN599727.02_AG.SN.2000_gp"  totalcount="4" value="??"/>
<sequence id="KC350366.02_AG.SN.2010_gp"  taxon="KC350366.02_AG.SN.2010_gp"  totalcount="4" value="??"/>
<sequence id="HG315056.02_AG.SN.2008_gp"  taxon="HG315056.02_AG.SN.2008_gp"  totalcount="4" value="??"/>
<sequence id="KU685109.02_AG.SN.2012_gp"  taxon="KU685109.02_AG.SN.2012_gp"  totalcount="4" value="??"/>
<sequence id="KU685061.02_AG.SN.2010_gp"  taxon="KU685061.02_AG.SN.2010_gp"  totalcount="4" value="??"/>
<sequence id="JN673615.02_AG.SN.2009_gp"  taxon="JN673615.02_AG.SN.2009_gp"  totalcount="4" value="??"/>
<sequence id="JN193492.02_AG.SN.2008_gp"  taxon="JN193492.02_AG.SN.2008_gp"  totalcount="4" value="??"/>
<sequence id="JN673645.02_AG.SN.2009_gp"  taxon="JN673645.02_AG.SN.2009_gp"  totalcount="4" value="??"/>
<sequence id="JN673623.02_AG.SN.2009_gp"  taxon="JN673623.02_AG.SN.2009_gp"  totalcount="4" value="??"/>
<sequence id="JN673603.02_AG.SN.2009_gp"  taxon="JN673603.02_AG.SN.2009_gp"  totalcount="4" value="??"/>
<sequence id="FN599738.02_AG.SN.2002_gp"  taxon="FN599738.02_AG.SN.2002_gp"  totalcount="4" value="??"/>
<sequence id="JN673612.02_AG.SN.2009_gp"  taxon="JN673612.02_AG.SN.2009_gp"  totalcount="4" value="??"/>
<sequence id="FN599754.02_AG.SN.2003_gp"  taxon="FN599754.02_AG.SN.2003_gp"  totalcount="4" value="??"/>
<sequence id="JN673625.02_AG.SN.2009_gp"  taxon="JN673625.02_AG.SN.2009_gp"  totalcount="4" value="??"/>
<sequence id="FM210694.02_AG.SN.2004_msm"  taxon="FM210694.02_AG.SN.2004_msm"  totalcount="4" value="??"/>
<sequence id="FM210695.02_AG.SN.2004_msm"  taxon="FM210695.02_AG.SN.2004_msm"  totalcount="4" value="??"/>
<sequence id="FM210700.02_AG.SN.2004_msm"  taxon="FM210700.02_AG.SN.2004_msm"  totalcount="4" value="??"/>
<sequence id="FM210703.02_AG.SN.2004_msm"  taxon="FM210703.02_AG.SN.2004_msm"  totalcount="4" value="??"/>
<sequence id="HG315046.02_AG.SN.2008_gp"  taxon="HG315046.02_AG.SN.2008_gp"  totalcount="4" value="??"/>
<sequence id="HG315037.02_AG.SN.2008_gp"  taxon="HG315037.02_AG.SN.2008_gp"  totalcount="4" value="??"/>
<sequence id="FN599783.02_AG.SN.2005_gp"  taxon="FN599783.02_AG.SN.2005_gp"  totalcount="4" value="??"/>
<sequence id="AJ583728.02_AG.SN.1999_gp"  taxon="AJ583728.02_AG.SN.1999_gp"  totalcount="4" value="??"/>
<sequence id="FN599711.02_AG.SN.1999_gp"  taxon="FN599711.02_AG.SN.1999_gp"  totalcount="4" value="??"/>
<sequence id="HM002518.02_AG.SN.2008_gp"  taxon="HM002518.02_AG.SN.2008_gp"  totalcount="4" value="??"/>
<sequence id="JN673619.02_AG.SN.2009_gp"  taxon="JN673619.02_AG.SN.2009_gp"  totalcount="4" value="??"/>
<sequence id="AJ286985.02_AG.SN.1998_gp"  taxon="AJ286985.02_AG.SN.1998_gp"  totalcount="4" value="??"/>
<sequence id="AJ287003.02_AG.SN.1998_gp"  taxon="AJ287003.02_AG.SN.1998_gp"  totalcount="4" value="??"/>
<sequence id="JN673622.02_AG.SN.2009_gp"  taxon="JN673622.02_AG.SN.2009_gp"  totalcount="4" value="??"/>
<sequence id="JN673613.02_AG.SN.2009_gp"  taxon="JN673613.02_AG.SN.2009_gp"  totalcount="4" value="??"/>
<sequence id="JN673624.02_AG.SN.2009_gp"  taxon="JN673624.02_AG.SN.2009_gp"  totalcount="4" value="??"/>
<sequence id="AJ286990.02_AG.SN.1998_gp"  taxon="AJ286990.02_AG.SN.1998_gp"  totalcount="4" value="??"/>
<sequence id="FN599698.02_AG.SN.2001_gp"  taxon="FN599698.02_AG.SN.2001_gp"  totalcount="4" value="??"/>
<sequence id="FN599768.02_AG.SN.2003_gp"  taxon="FN599768.02_AG.SN.2003_gp"  totalcount="4" value="??"/>
<sequence id="JN193488.02_AG.SN.2010_gp"  taxon="JN193488.02_AG.SN.2010_gp"  totalcount="4" value="??"/>
<sequence id="KU685077.02_AG.SN.2011_gp"  taxon="KU685077.02_AG.SN.2011_gp"  totalcount="4" value="??"/>
<sequence id="JN673647.02_AG.SN.2010_gp"  taxon="JN673647.02_AG.SN.2010_gp"  totalcount="4" value="??"/>
<sequence id="FN599750.02_AG.SN.2003_gp"  taxon="FN599750.02_AG.SN.2003_gp"  totalcount="4" value="??"/>
<sequence id="JN673662.02_AG.SN.2010_gp"  taxon="JN673662.02_AG.SN.2010_gp"  totalcount="4" value="??"/>
<sequence id="JN673618.02_AG.SN.2010_gp"  taxon="JN673618.02_AG.SN.2010_gp"  totalcount="4" value="??"/>
<sequence id="JN673654.02_AG.SN.2009_gp"  taxon="JN673654.02_AG.SN.2009_gp"  totalcount="4" value="??"/>
<sequence id="AJ286997.02_AG.SN.1998_gp"  taxon="AJ286997.02_AG.SN.1998_gp"  totalcount="4" value="??"/>
<sequence id="FN599725.02_AG.SN.1998_gp"  taxon="FN599725.02_AG.SN.1998_gp"  totalcount="4" value="??"/>
<sequence id="FN599782.02_AG.SN.2005_gp"  taxon="FN599782.02_AG.SN.2005_gp"  totalcount="4" value="??"/>
<sequence id="HM002525.02_AG.SN.2008_gp"  taxon="HM002525.02_AG.SN.2008_gp"  totalcount="4" value="??"/>
<sequence id="JN673608.02_AG.SN.2009_gp"  taxon="JN673608.02_AG.SN.2009_gp"  totalcount="4" value="??"/>
<sequence id="HM002528.02_AG.SN.2009_gp"  taxon="HM002528.02_AG.SN.2009_gp"  totalcount="4" value="??"/>
<sequence id="HM002529.02_AG.SN.2009_gp"  taxon="HM002529.02_AG.SN.2009_gp"  totalcount="4" value="??"/>
<sequence id="KU685074.02_AG.SN.2010_gp"  taxon="KU685074.02_AG.SN.2010_gp"  totalcount="4" value="??"/>
<sequence id="FM210688.02_AG.SN.2004_msm"  taxon="FM210688.02_AG.SN.2004_msm"  totalcount="4" value="??"/>
<sequence id="FM210692.02_AG.SN.2004_msm"  taxon="FM210692.02_AG.SN.2004_msm"  totalcount="4" value="??"/>
<sequence id="FN599735.02_AG.SN.1998_gp"  taxon="FN599735.02_AG.SN.1998_gp"  totalcount="4" value="??"/>
<sequence id="KU685078.02_AG.SN.2011_gp"  taxon="KU685078.02_AG.SN.2011_gp"  totalcount="4" value="??"/>
<sequence id="KC350296.02_AG.SN.2010_gp"  taxon="KC350296.02_AG.SN.2010_gp"  totalcount="4" value="??"/>
<sequence id="HM002532.02_AG.SN.2008_gp"  taxon="HM002532.02_AG.SN.2008_gp"  totalcount="4" value="??"/>
<sequence id="AJ583726.02_AG.SN.1998_gp"  taxon="AJ583726.02_AG.SN.1998_gp"  totalcount="4" value="??"/>
<sequence id="FN599714.02_AG.SN.1998_gp"  taxon="FN599714.02_AG.SN.1998_gp"  totalcount="4" value="??"/>
<sequence id="FN599726.02_AG.SN.2000_gp"  taxon="FN599726.02_AG.SN.2000_gp"  totalcount="4" value="??"/>
<sequence id="FN599775.02_AG.SN.2003_gp"  taxon="FN599775.02_AG.SN.2003_gp"  totalcount="4" value="??"/>
<sequence id="JN673610.02_AG.SN.2008_gp"  taxon="JN673610.02_AG.SN.2008_gp"  totalcount="4" value="??"/>
<sequence id="KU685079.02_AG.SN.2011_gp"  taxon="KU685079.02_AG.SN.2011_gp"  totalcount="4" value="??"/>
<sequence id="JN673627.02_AG.SN.2009_gp"  taxon="JN673627.02_AG.SN.2009_gp"  totalcount="4" value="??"/>
<sequence id="KC350416.02_AG.SN.2010_gp"  taxon="KC350416.02_AG.SN.2010_gp"  totalcount="4" value="??"/>
<sequence id="JN673639.02_AG.SN.2009_gp"  taxon="JN673639.02_AG.SN.2009_gp"  totalcount="4" value="??"/>
<sequence id="JN673656.02_AG.SN.2009_gp"  taxon="JN673656.02_AG.SN.2009_gp"  totalcount="4" value="??"/>
<sequence id="KC350276.02_AG.SN.2011_gp"  taxon="KC350276.02_AG.SN.2011_gp"  totalcount="4" value="??"/>
<sequence id="FN599753.02_AG.SN.2003_gp"  taxon="FN599753.02_AG.SN.2003_gp"  totalcount="4" value="??"/>
<sequence id="FN599792.02_AG.SN.2005_gp"  taxon="FN599792.02_AG.SN.2005_gp"  totalcount="4" value="??"/>
<sequence id="JN193496.02_AG.SN.2010_gp"  taxon="JN193496.02_AG.SN.2010_gp"  totalcount="4" value="??"/>
<sequence id="JN673652.02_AG.SN.2009_gp"  taxon="JN673652.02_AG.SN.2009_gp"  totalcount="4" value="??"/>
<sequence id="HG315048.02_AG.SN.2008_gp"  taxon="HG315048.02_AG.SN.2008_gp"  totalcount="4" value="??"/>
<sequence id="KU685059.02_AG.SN.2010_gp"  taxon="KU685059.02_AG.SN.2010_gp"  totalcount="4" value="??"/>
<sequence id="JQ855854.02_AG.SN.2009_gp"  taxon="JQ855854.02_AG.SN.2009_gp"  totalcount="4" value="??"/>
<sequence id="JN193498.02_AG.SN.2009_gp"  taxon="JN193498.02_AG.SN.2009_gp"  totalcount="4" value="??"/>
<sequence id="HM002533.02_AG.SN.2008_gp"  taxon="HM002533.02_AG.SN.2008_gp"  totalcount="4" value="??"/>
<sequence id="JN673653.02_AG.SN.2009_gp"  taxon="JN673653.02_AG.SN.2009_gp"  totalcount="4" value="??"/>
<sequence id="AJ286984.02_AG.SN.1998_gp"  taxon="AJ286984.02_AG.SN.1998_gp"  totalcount="4" value="??"/>
<sequence id="HG315053.02_AG.SN.2008_gp"  taxon="HG315053.02_AG.SN.2008_gp"  totalcount="4" value="??"/>
<sequence id="HG424396.02_AG.SN.2010_gp"  taxon="HG424396.02_AG.SN.2010_gp"  totalcount="4" value="??"/>
<sequence id="KC349986.02_AG.SN.2010_gp"  taxon="KC349986.02_AG.SN.2010_gp"  totalcount="4" value="??"/>
<sequence id="JN673621.02_AG.SN.2009_gp"  taxon="JN673621.02_AG.SN.2009_gp"  totalcount="4" value="??"/>
<sequence id="KU685082.02_AG.SN.2011_gp"  taxon="KU685082.02_AG.SN.2011_gp"  totalcount="4" value="??"/>
<sequence id="KU685091.02_AG.SN.2010_gp"  taxon="KU685091.02_AG.SN.2010_gp"  totalcount="4" value="??"/>
<sequence id="HG424412.02_AG.SN.2010_gp"  taxon="HG424412.02_AG.SN.2010_gp"  totalcount="4" value="??"/>
<sequence id="JN193501.02_AG.SN.2010_gp"  taxon="JN193501.02_AG.SN.2010_gp"  totalcount="4" value="??"/>
<sequence id="HG424394.02_AG.SN.2010_gp"  taxon="HG424394.02_AG.SN.2010_gp"  totalcount="4" value="??"/>
<sequence id="AJ286995.02_AG.SN.1998_gp"  taxon="AJ286995.02_AG.SN.1998_gp"  totalcount="4" value="??"/>
<sequence id="FN599734.02_AG.SN.1999_gp"  taxon="FN599734.02_AG.SN.1999_gp"  totalcount="4" value="??"/>
<sequence id="HM002504.02_AG.SN.2009_gp"  taxon="HM002504.02_AG.SN.2009_gp"  totalcount="4" value="??"/>
 

</data>
	
	<model spec='PopModelODE' id='sirmodel' evaluator="compiled"
	     popParams='@initValues' modelParams='@rates'>
		
		<definition spec='Definition'>
			N=I+S+R
		</definition>
		
		<matrixeq spec='MatrixEquation' type="birth"  origin="I" destination="I"> 
			beta * I * S / N
		 </matrixeq> 
		
		<matrixeq spec='MatrixEquation' type="death" origin="I">
			gamma*I
		</matrixeq> 
		
		<matrixeq spec='MatrixEquation' type="nondeme" origin="S"> 
			- beta * I * S / N
		</matrixeq>
		
		<matrixeq spec='MatrixEquation' type="nondeme" origin="R"> 
			gamma * I
		</matrixeq>
	</model>
	
	<rates spec="ModelParameters" id='rates'>	
		<param spec='ParamValue' names='gamma' values='0.10'/>
		<param spec='ParamValue' names='beta' values='@beta'/>
	</rates>	

			
	<trajparams id='initValues' spec='TrajectoryParameters' method="classicrk" 
	            integrationSteps="5001" rTol="0.01" aTol="1.0e-4" order="3" t0="0" t1="35.0" >
			<initialValue spec="ParamValue" names='I' values='@initI0'  />
			<initialValue spec="ParamValue" names='S' values='2000.0' />
	</trajparams>


	
	<!-- ?Define tree outside state -->
	<init spec="beast.util.TreeParser" id="tree"
			taxa="@sequences" 
			adjustTipHeights="false"
			IsLabelledNewick="true"
			newick="((((((((((((((((((((AJ286986.02_AG.SN.1998_gp:0.5831949705,JN673605.02_AG.SN.2008_gp:10.58319482):8.546164394,FN599761.02_AG.SN.2003_gp:14.12935929):4.173647839,FN599797.02_AG.SN.2005_gp:21.30280211):0.4209979861,((((((AJ287002.02_AG.SN.1998_gp:0.2734829574,((FM210707.02_AG.SN.2004_msm:3.461194481,FM210715.02_AG.SN.2004_msm:1.460989504):3.286626527,((((FM210724.02_AG.SN.2004_msm:0.03846153846,FM210729.02_AG.SN.2004_msm:3.496831916):0.03846153846,FM210731.02_AG.SN.2004_msm:2.575770425):0.1254891255,(FM210732.02_AG.SN.2004_msm:1.912759866,FM210735.02_AG.SN.2004_msm:2.535235781):1.166933946):3.525096155,FM210744.02_AG.SN.2004_msm:6.227470814):0.5203501929):1.809597809):10.61075276,(((((FM210747.02_AG.SN.2004_msm:0.4999052657,FM210748.02_AG.SN.2004_msm:2.500102474):4.056914351,FM210751.02_AG.SN.2004_msm:6.557016824):0.9508552668,(((HF947599.02_AG.SN.2007_msm:2.198191655,HF947602.02_AG.SN.2007_msm:4.217727294):1.439600004,HF947603.02_AG.SN.2007_msm:5.657327298):0.3866807959,HF947608.02_AG.SN.2007_msm:7.043803162):1.463863997):4.326961727,JN673668.02_AG.SN.2010_gp:14.83483377):6.631707677,((JN673637.02_AG.SN.2009_gp:18.38829779,((KU685096.02_AG.SN.2011_gp:16.48822003,HM002539.02_AG.SN.2007_gp:12.48821997):3.260734268,FN599751.02_AG.SN.2003_gp:10.74915923):0.6393435221):2.476637078,FN599767.02_AG.SN.2003_gp:13.86513983):0.6014017223):0.701630082):0.03846153846,KC350051.02_AG.SN.2010_gp:23.16796669):2.999326623,(HG315087.02_AG.SN.2008_gp:19.80413957,(HG315051.02_AG.SN.2008_gp:9.171728069,HG315050.02_AG.SN.2008_gp:8.171932972):11.6322066):3.401820151):0.4166348605,(FN599789.02_AG.SN.2005_gp:19.56968735,(JN673674.02_AG.SN.2010_gp:24.05820022,(JN673657.02_AG.SN.2009_gp:17.96902562,KT223759.02_AG.SN.2013_gp:22.9688208):4.874124025):0.7265376468):1.05290728):0.06294891647,((((AJ583727.02_AG.SN.1999_gp:0.03846153846,FN599713.02_AG.SN.1999_gp:0.03846153846):7.164297774,(((JN673597.02_AG.SN.2008_gp:2.422242071,KU685060.02_AG.SN.2010_gp:5.422037198):11.38458379,FN599780.02_AG.SN.2003_gp:8.806825937):1.062012815,KU685056.02_AG.SN.2010_gp:17.8686338):0.8338830767):1.969096358,(AJ583732.02_AG.SN.2001_gp:9.958648659,(HF947609.02_AG.SN.2007_msm:6.842020583,JN673643.02_AG.SN.2009_gp:10.84222553):6.86898729):0.9606052775):2.890182672,FN599693.02_AG.SN.2000_gp:12.5620009):3.123542716):0.03846153846):0.03846153846,(JN673638.02_AG.SN.2009_gp:22.90337137,FN599771.02_AG.SN.2003_gp:16.90337146):1.782172113):0.1297727163,(((((AJ286992.02_AG.SN.1998_gp:0.3503395869,AJ583719.02_AG.SN.1998_gp:1.350134387):1.082654923,AJ583747.02_AG.SN.2000_gp:4.432789339):0.03846153846,FN599741.02_AG.SN.1998_gp:1.467507728):8.929214149,(KU685083.02_AG.SN.2011_gp:21.05316456,HG424410.02_AG.SN.2010_gp:20.05316458):2.34750544):2.730652379,((((FN599680.02_AG.SN.2001_gp:3.556575053,HM002497.02_AG.SN.2009_gp:12.55637006):10.64341809,((FN599765.02_AG.SN.2003_gp:11.07293342,HM002509.02_AG.SN.2008_gp:17.07272845):5.127059693,JN673670.02_AG.SN.2010_gp:23.19999301):0.03846153846):1.310087884,(KC350369.02_AG.SN.2010_gp:0.4517602984,JN673676.02_AG.SN.2010_gp:1.45158348):24.09678214):0.3303994713,((FN599699.02_AG.SN.2001_gp:10.45524655,(JN673606.02_AG.SN.2008_gp:1.037989455,KU685065.02_AG.SN.2010_gp:4.037784582):16.41725699):4.768817994,(((FN599704.02_AG.SN.2001_gp:13.06270286,JN673620.02_AG.SN.2009_gp:21.06270298):1.817009841,(FN599778.02_AG.SN.2003_gp:15.74753112,KU685088.02_AG.SN.2012_gp:24.62797308):1.132181606):1.305685193,JN673671.02_AG.SN.2010_gp:24.18560287):0.03846153846):0.6548774975):0.2523804915):0.7609168682):0.03846153846,(((((AJ286999.02_AG.SN.1998_gp:10.69408276,(FN599777.02_AG.SN.2003_gp:14.94790968,JN673630.02_AG.SN.2009_gp:19.94811464):0.7461731502):2.559102604,FN599701.02_AG.SN.2001_gp:15.25339051):0.5702656346,((((FN599692.02_AG.SN.2000_gp:4.195000615,FN599742.02_AG.SN.2002_gp:7.194795504):7.436531284,HM002521.02_AG.SN.2008_gp:19.63153178):1.268302882,(HM002503.02_AG.SN.2008_gp:7.18220417,JN193499.02_AG.SN.2009_gp:9.181999282):13.71763049):1.396298625,JN673614.02_AG.SN.2009_gp:24.2959284):0.5275227578):0.3319144601,(((AJ583713.02_AG.SN.1998_gp:0.03846153846,FN599684.02_AG.SN.1998_gp:0.3118836619):8.588164682,HG315052.02_AG.SN.2008_gp:19.62642117):3.190332035,FN599732.02_AG.SN.1999_gp:13.81675307):1.338612399):0.7366687895,(JN673641.02_AG.SN.2009_gp:22.54561462,(KC350203.02_AG.SN.2010_gp:2.231481809,KU685068.02_AG.SN.2010_gp:2.445923536):22.09948622):2.346624664):0.03846153846):0.03846153846,FN599696.02_AG.SN.2000_gp:16.85728452):0.03846153846,((HF947612.02_AG.SN.2007_msm:18.10349604,(FN599793.02_AG.SN.2005_gp:11.97952311,KU685063.02_AG.SN.2010_gp:17.97931819):6.124177935):2.083058134,JN673635.02_AG.SN.2009_gp:25.18655424):0.8006718993):0.03846153846,JN673675.02_AG.SN.2010_gp:25.98450573):0.4393115457,((((HF947614.02_AG.SN.2007_msm:2.930176252,HF947619.02_AG.SN.2007_msm:3.104799162):12.97182256,HG315093.02_AG.SN.2008_gp:19.07682669):3.030598393,HG315039.02_AG.SN.2008_gp:22.10742508):0.7786866884,HM002535.02_AG.SN.2009_gp:23.88611175):1.599285228):0.5799331213,JN673682.02_AG.SN.2009_gp:26.0653301):0.07787303741,((FN599739.02_AG.SN.2002_gp:15.34631922,(HG424416.02_AG.SN.2010_gp:20.74011441,JN673609.02_AG.SN.2009_gp:19.7401144):3.605999842):1.653917005,((((FN599694.02_AG.SN.2000_gp:6.522849158,JN673626.02_AG.SN.2009_gp:14.52305416):5.484093018,JN673667.02_AG.SN.2010_gp:21.00714717):0.03846153846,((HG315086.02_AG.SN.2008_gp:16.15409756,JN673617.02_AG.SN.2009_gp:17.15409757):2.025322954,(JN673673.02_AG.SN.2010_gp:4.446898284,KC349989.02_AG.SN.2010_gp:5.446693441):14.7327271):1.86598332):0.5305958065,FN599791.02_AG.SN.2005_gp:17.5759996):3.424031591):2.142967019):0.09965236735,((((HF947620.02_AG.SN.2007_msm:1.614836603,HF947623.02_AG.SN.2007_msm:2.61463167):0.06050035929,(HF947624.02_AG.SN.2007_msm:1.481515756,(HF947627.02_AG.SN.2007_msm:1.481515756,HF947631.02_AG.SN.2007_msm:2.481310824):0.03846153846):0.1553596672):10.41273345,((((HF947632.02_AG.SN.2007_msm:5.817997639,(HF947633.02_AG.SN.2007_msm:4.589187021,HF947610.02_AG.SN.2007_gp:5.217882268):3.229015595):0.2180893383,HF947638.02_AG.SN.2007_msm:6.036086977):0.405565079,HF947640.02_AG.SN.2007_msm:6.441652056):0.03846153846,HF947643.02_AG.SN.2007_msm:5.441857078):3.607751839):9.752964073,KU685108.02_AG.SN.2012_gp:26.84103441):2.401821052):0.6993428697,((((((HF947644.02_AG.SN.2007_msm:0.3304933278,HF947645.02_AG.SN.2007_msm:3.010247269):19.13534897,FN599795.02_AG.SN.2005_gp:19.63545147):2.661429288,(((FN599736.02_AG.SN.2002_gp:3.214832167,HM002508.02_AG.SN.2007_gp:9.21462716):10.0382509,FN599799.02_AG.SN.2005_gp:16.25308302):5.053558832,(AJ251057.02_AG.SN.1998_gp:7.11078356,AJ583748.02_AG.SN.2000_gp:8.453717827):8.195653201):0.9902388994):0.274449633,FN599728.02_AG.SN.2000_gp:18.57112532):0.2062290543,(JN673633.02_AG.SN.2009_gp:25.80671281,JN673634.02_AG.SN.2009_gp:26.80650793):0.9708465771):0.03846153846,(FN599731.02_AG.SN.2000_gp:17.17969829,(HM002523.02_AG.SN.2009_gp:25.2723648,(KU685064.02_AG.SN.2010_gp:22.34871026,AJ583733.02_AG.SN.1999_gp:12.34850526):3.923654525):0.9073333541):0.6363227636):0.1261774527):0.07692307692,(((((((((((((AJ286141.02_AG.SN.1998_gp:5.865103643,AJ251056.02_AG.SN.1998_gp:6.864898443):0.5927215701,AJ583746.02_AG.SN.2000_gp:8.457825184):7.103688888,(FN599729.02_AG.SN.2000_gp:14.30892128,HM002542.02_AG.SN.2009_gp:23.30892115):1.252592787):0.535910624,(FN599774.02_AG.SN.2003_gp:16.03637242,(JN673636.02_AG.SN.2009_gp:12.05422136,HG424401.02_AG.SN.2010_gp:14.0540165):9.982150967):3.061052234):0.5824898982,((HG315038.02_AG.SN.2008_gp:10.62282243,HM002527.02_AG.SN.2008_gp:11.62261753):10.69224063,JN673659.02_AG.SN.2010_gp:23.31506302):3.36485142):0.6371719948,((HF947647.02_AG.SN.2007_msm:18.58876411,(KU685104.02_AG.SN.2011_gp:0.9727167964,KC350032.02_AG.SN.2011_gp:0.09573726995):22.49302678):5.689860836,(((HG315054.02_AG.SN.2008_gp:23.64524102,(((HM002496.02_AG.SN.2009_gp:21.77382102,JN193484.02_AG.SN.2009_gp:22.77361615):0.8202844916,(HG424415.02_AG.SN.2010_gp:23.56202898,JN193485.02_AG.SN.2009_gp:22.56202897):1.031871672):0.1954481167,HM002538.02_AG.SN.2009_gp:23.78934875):1.855687379):0.4713603784,((HM002530.02_AG.SN.2008_gp:21.83502674,JN673611.02_AG.SN.2009_gp:22.83502676):1.303530839,(HG315045.02_AG.SN.2008_gp:22.4952542,(HG315088.02_AG.SN.2008_gp:21.52692819,HG315089.02_AG.SN.2008_gp:21.52692819):0.9683260093):0.6433033767):1.977838918):0.6223306664,(((HG315035.02_AG.SN.2008_gp:22.17764183,(JN673678.02_AG.SN.2009_gp:19.95591354,(JX187619.02_AG.SN.2011_gp:2.750697014,KC350236.02_AG.SN.2010_gp:2.750492186):19.2052165):2.221933177):0.7048066841,HM002513.02_AG.SN.2008_gp:22.4289682):2.674538876,KC350094.02_AG.SN.2010_gp:27.55698742):0.1817397728):0.5396928655):0.03846153846):0.3530751713,((((((((((AJ583724.02_AG.SN.1998_gp:0.2102908882,FN599716.02_AG.SN.1998_gp:0.2102908882):11.45299001,JN673649.02_AG.SN.2009_gp:22.88878669):2.249320901,(AJ287001.02_AG.SN.1998_gp:12.99301258,(JN673663.02_AG.SN.2010_gp:5.373828566,HG424413.02_AG.SN.2010_gp:6.373623723):18.61938903):1.919384025):0.4856522186,(((AJ286998.02_AG.SN.1998_gp:0.3350938689,FN599724.02_AG.SN.1998_gp:0.3335621605):13.77558108,HG315055.02_AG.SN.2008_gp:24.27547863):0.1312069221,HG424419.02_AG.SN.2010_gp:26.40668558):0.9913634164):0.4104790276,(((((HM002519.02_AG.SN.2007_gp:17.49415465,HM002520.02_AG.SN.2008_gp:18.49415466):2.764977742,JN673658.02_AG.SN.2010_gp:23.25913243):0.751375954,KU685094.02_AG.SN.2010_gp:23.01071323):1.376866313,((KC349990.02_AG.SN.2011_gp:0.7209685728,KU685105.02_AG.SN.2011_gp:1.72076376):16.27289182,JN673644.02_AG.SN.2009_gp:14.99386042):8.393719135):0.698944659,(JN673628.02_AG.SN.2009_gp:21.35823354,JN673631.02_AG.SN.2009_gp:21.35823354):2.728290679):1.722208667):0.03846153846,(((((AJ286991.02_AG.SN.1998_gp:13.5381275,JN673599.02_AG.SN.2009_gp:23.53833254):0.8407557261,FN599758.02_AG.SN.2003_gp:18.37908835):0.5291240534,((((((((AJ583711.02_AG.SN.1999_gp:0.03846153846,FN599682.02_AG.SN.1999_gp:0.3720083283):10.21740593,FN599786.02_AG.SN.2005_gp:16.18365569):0.2816486431,(HM002514.02_AG.SN.2008_gp:18.52088132,((KU685107.02_AG.SN.2011_gp:15.80479045,HG315092.02_AG.SN.2008_gp:13.8045856):2.467008239,HG424417.02_AG.SN.2010_gp:18.27159386):2.249287485):1.944218064):0.7617717197,(((FN599772.02_AG.SN.2003_gp:10.84469887,JN193489.02_AG.SN.2009_gp:17.27772497):1.74478473,(JN673677.02_AG.SN.2008_gp:5.490023291,JX227940.02_AG.SN.2011_gp:9.489818434):11.5326913):2.106796884,HG424400.02_AG.SN.2010_gp:22.1293066):1.097564534):0.6101725889,HM002516.02_AG.SN.2008_gp:21.83704369):2.35940228,JN673640.02_AG.SN.2009_gp:24.19665086):0.3496092177,((((JN193490.02_AG.SN.2010_gp:8.090374571,KU685069.02_AG.SN.2010_gp:9.090169728):11.60366279,JN673664.02_AG.SN.2010_gp:19.69403737):3.544723904,((((FN599762.02_AG.SN.2003_gp:9.190203178,HG315090.02_AG.SN.2008_gp:14.19020325):2.139984914,FN599779.02_AG.SN.2003_gp:11.33018809):3.303239972,(HM002522.02_AG.SN.2007_gp:7.836860615,JN193491.02_AG.SN.2010_gp:11.79915559):9.834272575):2.349942614,FN599800.02_AG.SN.2005_gp:18.22425636):0.2551856445):0.8420390511,FN599766.02_AG.SN.2003_gp:17.08080043):1.465459741):0.4388753174,(((JN673660.02_AG.SN.2010_gp:22.1578453,HF947649.02_AG.SN.2007_msm:17.15764037):2.324174873,JN193500.02_AG.SN.2009_gp:23.48202019):1.464653669,((((((HG315042.02_AG.SN.2008_gp:19.20886156,KU685110.02_AG.SN.2012_gp:23.20886162):1.304553039,JN673616.02_AG.SN.2009_gp:21.51341461):1.292065084,KC349988.02_AG.SN.2010_gp:22.9613369):1.301586467,HG424399.02_AG.SN.2010_gp:24.10727102):1.136043703,((HG424402.02_AG.SN.2010_gp:7.090742945,HG315043.02_AG.SN.2008_gp:5.090742975):10.35701264,(JN673651.02_AG.SN.2009_gp:0.3084329794,JN673601.02_AG.SN.2010_gp:2.237445839):16.21010491):7.795559134):0.6648975797,JN673666.02_AG.SN.2010_gp:25.9082123):0.03846153846):0.03846153846):0.03846153846):0.4006845323,FN599769.02_AG.SN.2003_gp:19.42428155):0.03846153846,(FN599755.02_AG.SN.2003_gp:18.47885164,(FN599743.02_AG.SN.2001_gp:16.90402639,(FN599787.02_AG.SN.2005_gp:13.55642039,JN673650.02_AG.SN.2009_gp:16.55662533):7.347606054):0.5746201726):0.9838914512):0.3844514205):0.169556595,(JN673642.02_AG.SN.2009_gp:20.19128861,HG424414.02_AG.SN.2010_gp:21.19128863):6.825257537):0.03846153846,(((AJ583710.02_AG.SN.1999_gp:0.3300674664,FN599679.02_AG.SN.1999_gp:0.09715496379):13.17061167,((AJ583730.02_AG.SN.1999_gp:11.6097383,(HG315094.02_AG.SN.2008_gp:0.8504631684,HG424398.02_AG.SN.2010_gp:1.85064426):19.75929904):0.8904532986,(FN599796.02_AG.SN.2005_gp:15.71813769,(HG315091.02_AG.SN.2008_gp:14.19402472,HM002502.02_AG.SN.2008_gp:15.19381981):4.524112924):1.78225899):1.767369873):1.167442705,(AJ287000.02_AG.SN.1998_gp:12.39701574,HG315036.02_AG.SN.2008_gp:22.16185767):2.037988421):1.620003363):0.1553108293,(((((AJ286996.02_AG.SN.1998_gp:8.674547894,(HG315040.02_AG.SN.2008_gp:16.73945487,HM002501.02_AG.SN.2008_gp:16.73945487):1.935093171):4.080996236,FN599784.02_AG.SN.2005_gp:19.75554423):0.7404065459,JN673598.02_AG.SN.2008_gp:22.49615573):1.4222955,(JN673672.02_AG.SN.2010_gp:24.21102885,JN673600.02_AG.SN.2010_gp:24.21102885):1.707422348):0.5785511312,JN193497.02_AG.SN.2009_gp:25.49700234):0.7135210437):0.4211767003,(JN673679.02_AG.SN.2009_gp:0.03846153846,KC349993.02_AG.SN.2011_gp:1.538423936):27.09327612):0.03846153846):0.03846153846,((((((((AJ583717.02_AG.SN.1999_gp:0.0697350557,FN599690.02_AG.SN.1999_gp:0.0697350557):11.16529366,(KU685100.02_AG.SN.2011_gp:16.53310042,HG315100.02_AG.SN.2008_gp:14.53289556):6.701928118):0.3054574171,HG315034.02_AG.SN.2008_gp:21.41364746):2.96678314,JN193487.02_AG.SN.2009_gp:24.50726913):0.4677010546,(FN599747.02_AG.SN.2003_gp:14.34248148,FN599756.02_AG.SN.2003_gp:15.34227643):4.632488788):0.8838279059,(HM002505.02_AG.SN.2008_gp:22.5838508,JQ855855.02_AG.SN.2008_gp:21.5840557):3.274742399):0.7336627166,((AJ583738.02_AG.SN.1999_gp:0.4318892834,FN599715.02_AG.SN.1999_gp:0.4318892834):5.78962688,AJ583753.02_AG.SN.1999_gp:7.221310993):10.37094479):0.03846153846,((HM002512.02_AG.SN.2009_gp:21.30371751,HG315044.02_AG.SN.2008_gp:20.3037175):1.023885271,JN673665.02_AG.SN.2010_gp:22.32780764):5.303114682):0.07770082376):0.03846153846,FN599790.02_AG.SN.2005_gp:22.59337863):0.06229838794,(((((((AJ286994.02_AG.SN.1998_gp:9.574820947,JN673681.02_AG.SN.2009_gp:21.57461591):3.329139569,(FN599749.02_AG.SN.2003_gp:15.69688136,JN673629.02_AG.SN.2009_gp:20.69708632):3.206874033):1.626289568,(((((((AJ583721.02_AG.SN.1998_gp:0.03846153846,FN599721.02_AG.SN.1998_gp:0.3754206626):0.6049811977,AJ583751.02_AG.SN.2000_gp:3.605568487):9.642417513,JN673648.02_AG.SN.2009_gp:21.24819101):1.633481311,((JN193486.02_AG.SN.2010_gp:19.22932721,KT223760.02_AG.SN.2013_gp:23.22912242):2.278923507,(KC350076.02_AG.SN.2010_gp:18.18060688,HG315098.02_AG.SN.2008_gp:15.18081176):4.327438996):2.37342158):0.6012388721,(FN599719.02_AG.SN.1998_gp:10.94332242,(FN599759.02_AG.SN.2003_gp:8.536808174,(KC350365.02_AG.SN.2010_gp:1.304944699,KU685101.02_AG.SN.2011_gp:3.304739871):14.23186337):6.406719368):2.539383736):0.2413515168,JN673661.02_AG.SN.2010_gp:24.72426269):1.844448752,(((HM002524.02_AG.SN.2008_gp:23.03373444,AJ286136.02_AG.SN.1997_gp:13.03352937):1.266412752,(FN599794.02_AG.SN.2005_gp:12.10336842,HM002531.02_AG.SN.2008_gp:15.10336846):10.19657382):0.2301027432,JN673680.02_AG.SN.2010_gp:26.5302499):0.03846153846):0.03846153846):0.07271351148,(((((AJ583729.02_AG.SN.1999_gp:0.03846153846,FN599709.02_AG.SN.1999_gp:0.3707091884):7.33088136,JN673632.02_AG.SN.2009_gp:16.86930533):0.5623094085,HM002511.02_AG.SN.2008_gp:16.43161475):3.458036337,JN673669.02_AG.SN.2010_gp:22.88944621):1.357144827,JN673655.02_AG.SN.2009_gp:22.2467959):3.43309061):0.03846153846,((AJ286987.02_AG.SN.1998_gp:12.69817015,((FN599697.02_AG.SN.2001_gp:5.957027355,HM002506.02_AG.SN.2008_gp:11.95723236):10.04883986,(FN599695.02_AG.SN.2000_gp:12.90526412,HG315080.02_AG.SN.2008_gp:19.90546914):2.100603081):0.3498719072):1.075103198,(((AJ583718.02_AG.SN.1998_gp:0.33251613,FN599707.02_AG.SN.1998_gp:0.3301689222):0.1167119661,AJ583745.02_AG.SN.2001_gp:2.616814529):12.55344615,(AJ583712.02_AG.SN.1999_gp:0.3360281467,FN599683.02_AG.SN.1999_gp:0.03846153846):13.6318366):1.26078675):1.287300734):0.386861035,(((AJ583731.02_AG.SN.1999_gp:0.2066842581,FN599686.02_AG.SN.1999_gp:0.2066842581):5.989749082,JN673604.02_AG.SN.2008_gp:16.1962283):9.832319029,(((((((((FN599727.02_AG.SN.2000_gp:7.320523864,KC350366.02_AG.SN.2010_gp:17.3244773):1.140881008,HG315056.02_AG.SN.2008_gp:17.46119985):0.8305118536,(KU685109.02_AG.SN.2012_gp:21.49067829,(KU685061.02_AG.SN.2010_gp:15.67985899,JN673615.02_AG.SN.2009_gp:14.67985898):3.810819268):0.8010334758):0.5922182188,((JN193492.02_AG.SN.2008_gp:16.22943641,JN673645.02_AG.SN.2009_gp:17.22943643):0.3305968324,JN673623.02_AG.SN.2009_gp:16.97345968):2.323896678):0.8443535826,JN673603.02_AG.SN.2009_gp:19.72848839):1.158085422,(FN599738.02_AG.SN.2002_gp:11.42262323,JN673612.02_AG.SN.2009_gp:19.42241826):2.463950688):1.013247459,(FN599754.02_AG.SN.2003_gp:15.7804674,JN673625.02_AG.SN.2009_gp:20.78067236):1.119148912):0.6932505988,(((FM210694.02_AG.SN.2004_msm:0.6602911026,FM210695.02_AG.SN.2004_msm:3.660291058):2.137846956,(FM210700.02_AG.SN.2004_msm:1.260311674,FM210703.02_AG.SN.2004_msm:5.260106697):1.537826385):8.43106921,(HG315046.02_AG.SN.2008_gp:13.9979385,HG315037.02_AG.SN.2008_gp:14.9977336):1.23126871):6.363864679):0.03846153846,FN599783.02_AG.SN.2005_gp:18.59307193):3.397218808):0.07645686182):0.1143551121,((((AJ583728.02_AG.SN.1999_gp:0.2840292111,FN599711.02_AG.SN.1999_gp:0.3177241533):12.33404639,(HM002518.02_AG.SN.2008_gp:15.47596676,JN673619.02_AG.SN.2009_gp:15.47617165):7.141903805):1.524145806,(AJ286985.02_AG.SN.1998_gp:12.21293793,(((AJ287003.02_AG.SN.1998_gp:7.731948194,JN673622.02_AG.SN.2009_gp:18.33832376):3.63613983,JN673613.02_AG.SN.2009_gp:21.36829306):0.8554316425,JN673624.02_AG.SN.2009_gp:22.2237247):0.9413286853):0.9771678746):1.083716676,((((AJ286990.02_AG.SN.1998_gp:10.87129338,FN599698.02_AG.SN.2001_gp:12.87149854):0.2610291606,FN599768.02_AG.SN.2003_gp:15.13252767):2.309709142,((((JN193488.02_AG.SN.2010_gp:20.90126235,KU685077.02_AG.SN.2011_gp:22.90105752):0.2839647854,JN673647.02_AG.SN.2010_gp:22.18502229):1.587408555,(FN599750.02_AG.SN.2003_gp:14.28410199,JN673662.02_AG.SN.2010_gp:20.28430693):2.488328755):1.081458017,(JN673618.02_AG.SN.2010_gp:21.02142268,JN673654.02_AG.SN.2009_gp:21.02121782):2.832671029):0.5881430019):1.023943054,(AJ286997.02_AG.SN.1998_gp:0.03846153846,FN599725.02_AG.SN.1998_gp:0.3738981739):13.92775581):0.7597581602):0.9936262555):0.5898188971):0.03846153846,((FN599782.02_AG.SN.2005_gp:4.820398982,HM002525.02_AG.SN.2008_gp:6.820603929):18.02304974,((JN673608.02_AG.SN.2009_gp:18.6032523,(HM002528.02_AG.SN.2009_gp:4.202076194,HM002529.02_AG.SN.2009_gp:5.201871321):14.4011761):6.173453314,KU685074.02_AG.SN.2010_gp:26.77650075):1.06694804):1.004190979):0.09435374594,(((FM210688.02_AG.SN.2004_msm:3.233454189,FM210692.02_AG.SN.2004_msm:6.233454144):10.26766443,FN599735.02_AG.SN.1998_gp:7.50111871):3.583741239,((KU685078.02_AG.SN.2011_gp:1.030287674,KC350296.02_AG.SN.2010_gp:0.6143462394):10.77897269,HM002532.02_AG.SN.2008_gp:9.598657731):12.2755994):4.85733859):0.03846153846,(((((AJ583726.02_AG.SN.1998_gp:0.1330368718,FN599714.02_AG.SN.1998_gp:0.3300621596):9.685270236,FN599726.02_AG.SN.2000_gp:12.81810194):4.208329218,((((FN599775.02_AG.SN.2003_gp:8.811535398,JN673610.02_AG.SN.2008_gp:13.92248149):5.366810496,KU685079.02_AG.SN.2011_gp:21.28949684):3.143870716,(JN673627.02_AG.SN.2009_gp:13.48876813,KC350416.02_AG.SN.2010_gp:15.48856328):8.944599456):1.857137634,JN673639.02_AG.SN.2009_gp:24.29050522):0.7361309391):0.8193500808,((JN673656.02_AG.SN.2009_gp:23.58779302,(KC350276.02_AG.SN.2011_gp:23.84172649,(FN599753.02_AG.SN.2003_gp:14.90189161,FN599792.02_AG.SN.2005_gp:16.90189164):1.939629945):1.746066504):2.162918404,((JN193496.02_AG.SN.2010_gp:19.78998449,JN673652.02_AG.SN.2009_gp:17.79018935):4.155634521,((HG315048.02_AG.SN.2008_gp:17.10443656,KU685059.02_AG.SN.2010_gp:19.10443659):1.900781336,JQ855854.02_AG.SN.2009_gp:20.00521791):2.940401084):3.804887555):0.09527481823):0.5972276184,((JN193498.02_AG.SN.2009_gp:18.46331904,HM002533.02_AG.SN.2008_gp:18.46311415):5.831781391,JN673653.02_AG.SN.2009_gp:24.29510043):2.148113434):0.5374460528):0.03846153846):0.03846153846,(AJ286984.02_AG.SN.1998_gp:14.70297076,(HG315053.02_AG.SN.2008_gp:22.51395296,HG424396.02_AG.SN.2010_gp:24.51395293):2.189017649):1.328868736):0.2854668348,((((KC349986.02_AG.SN.2010_gp:24.2778768,(JN673621.02_AG.SN.2009_gp:21.16616757,KU685082.02_AG.SN.2011_gp:23.89159832):2.386073655):0.8671824536,KU685091.02_AG.SN.2010_gp:26.14485441):1.547554476,(HG424412.02_AG.SN.2010_gp:23.29727311,JN193501.02_AG.SN.2010_gp:23.29727311):4.395135784):0.04226350406,HG424394.02_AG.SN.2010_gp:27.73467239):1.608172573):0.6775895623,(AJ286995.02_AG.SN.1998_gp:0.03846153846,FN599734.02_AG.SN.1999_gp:0.5384241144):17.48221542):0.03846153846,HM002504.02_AG.SN.2009_gp:27.98231787):4.686100051;">
	</init>
	
 	
	
	<run id="mcmc" spec="MCMC" chainLength="20">
		<state id="state" storeEvery="5000">
			<parameter id="initI0" upper="140" name="stateNode">1.00</parameter>
			<parameter id="beta" upper="5" name="stateNode">0.20</parameter>
		</state>
		
		
	 	
 		<distribution id="posterior" spec="util.CompoundDistribution">
			<distribution id="prior" spec="util.CompoundDistribution">
				<!-- ARUDSIR Priors-->
				<prior id="initI0prior" name="distribution" x="@initI0">
					<LogNormal id="LogNormal:initI0" M="0" S="1" name="distr" />
				</prior>
				<prior id="betaPrior" name="distribution" x="@beta">
					<LogNormal id="LogNormal:beta" M="-1.6" S="0.5" name="distr" />
				</prior>
			</distribution>	
			
			<distribution id="likelihood" spec="util.CompoundDistribution">
				 <distribution spec='STreeLikelihoodODE' id = 'stlikelihood' solvePL='false'
             	 useStateName='false' approxLambda='false' finiteSizeCorrections='false'
                 popmodel='@sirmodel'  >
                 
                 <treeIntervals spec="STreeIntervals" tree='@tree'> </treeIntervals>
                 
    			</distribution>
			</distribution>
		</distribution>
		
		<operator id="ABCOperator" spec="ABCOperator" onlyScale="0" scaleFactor="1.02" multiply="true" parameter="@beta" weight="1.0"/>
		<operator id="ABCOperatorI0" spec="ABCOperator" onlyScale="0" scaleFactor="1.02" multiply="true" parameter="@initI0" weight="1.0"/>
		<logger id="tracelog" fileName="sn_crf02ag_sir02.log" logEvery="1" model="@posterior" sanitiseHeaders="true" sort="smart">
			<log idref="beta"/>
			<log idref="initI0"/>
			<log idref="posterior"/>
		</logger>
		<logger id="probtreelog" fileName="sn_crf02ag_sir02.trees" logEvery="1" mode="tree">
			<log id="logTrees" spec="STreeRootLogger" tree="@tree" density="@stlikelihood"/>
		</logger>
		<logger id="screenlog" logEvery="1">
			<log idref="posterior"/>
		</logger>
		<logger id = "popModelLogger" fileName="trajectory.log" logEvery="1">
			<log id="trajectoryLogger" spec="TrajectoryLogger" popModel="@sirmodel" pointFrequency="100"></log>
		</logger>
	</run>
</beast>
