<!-- Basic XML input file -->

<beast version='2.0' namespace='phydyn.model:beast.util:beast.evolution.alignment:beast.evolution.tree'>

	<model spec='PopModelODE' id='sirmodel' evaluator="compiled"
	     popParams='@initValues' modelParams='@rates'>
		
		<definition spec='Definition'>
			N=I+S+R
		</definition>
		
		<matrixeq spec='MatrixEquation' type="birth"  origin="I" destination="I"> 
			beta * I * S / N
		 </matrixeq> 
		
		<matrixeq spec='MatrixEquation' type="death" origin="I">
			gamma*I
		</matrixeq> 
		
		<matrixeq spec='MatrixEquation' type="nondeme" origin="S"> 
			- beta * I * S / N
		</matrixeq>
		
		<matrixeq spec='MatrixEquation' type="nondeme" origin="R"> 
			gamma * I
		</matrixeq>
	</model>
	
	<rates spec="ModelParameters" id='rates'>	
		<param spec='ParamValue' names='gamma' values='0.1'/>
		<param spec='ParamValue' names='beta' values='0.50'/>
	</rates>	

			
	<trajparams id='initValues' spec='TrajectoryParameters' method="classicrk" 
	            integrationSteps="5001" rTol="0.01" aTol="1.0e-4" order="3" t0="0" t1="35">
			<initialValue spec="ParamValue" names='I' values='1.0'  />
			<initialValue spec="ParamValue" names='S' values='2000.0' />
	</trajparams>
	
	
    <run spec='TrajectoryOut' model='@sirmodel' file="examples/senegal/trajSenegal.csv">   </run>
    
</beast>
