<?xml version="1.0" encoding="UTF-8" standalone="no"?>
<beast beautitemplate='Standard' beautistatus='' namespace="phydyn.model:phydyn.distribution:phydyn.loggers:phydyn.operators:beast.core:beast.evolution.alignment:beast.evolution.tree.coalescent:beast.core.util:beast.evolution.nuc:beast.evolution.operators:beast.evolution.sitemodel:beast.evolution.substitutionmodel:beast.evolution.likelihood" version="2.0">
	<data id="sequences" name="alignment">
		<sequence id="inv3loc_0" taxon="inv3loc_0" totalcount="4" value="??"/>
		<sequence id="inv4loc_1" taxon="inv4loc_1" totalcount="4" value="??"/>
		<sequence id="inv5loc_1" taxon="inv5loc_1" totalcount="4" value="??"/>
		<sequence id="inv6loc_1" taxon="inv6loc_1" totalcount="4" value="??"/>
		<sequence id="inv2loc_0" taxon="inv2loc_0" totalcount="4" value="??"/>
		<sequence id="inv1loc_0" taxon="inv1loc_0" totalcount="4" value="??"/>
	</data>	
	  
	<model spec='PopModelODE' id='simplemodel' 
	       popParams='@simpleparams' modelParams='@simplerates'
	        evaluator="compiled">
	    <definition spec="Definition"> gamma01 = m10*I1/I0 </definition>
	    <definition spec="Definition"> gamma10 = m01*I0/I1 </definition>
		<matrixeq spec='MatrixEquation' type="birth" origin="I0" destination="I0"> 100*I0/2 </matrixeq> 
		<matrixeq spec='MatrixEquation' type="birth" origin="I1" destination="I1"> 100*I1/2 </matrixeq>
		<matrixeq spec='MatrixEquation' type="migration" origin="I0" destination="I1"> gamma01*I0 </matrixeq>	
		<matrixeq spec='MatrixEquation' type="migration" origin="I1" destination="I0"> gamma10*I1 </matrixeq>	
		<matrixeq spec='MatrixEquation' type="death" origin="I0"> 100*I0/2 -gamma01*I0+ gamma10*I1 </matrixeq> 
		<matrixeq spec='MatrixEquation' type="death" origin="I1"> 100*I1/2  -gamma10*I1+ gamma01*I0  </matrixeq>
		<matrixeq spec='MatrixEquation' type="nondeme" origin="S"> 0  </matrixeq>
	</model>
	
	<rates spec="ModelParameters" id='simplerates'>
		<param spec='ParamValue' names='m10 dummy' values='0.01 5.0'></param>
		<param spec='ParamValue' names='m01' values='@migRate'></param>
	</rates>
	
	
	<params spec='TrajectoryParameters' id="simpleparams"  method="classicrk" 
		integrationSteps="1001" rTol="0.01" aTol="1.0e-4" order="3" t0="-0.1">
			<initialValue spec="ParamValue" names='I0'  values='@initI0' />
			<initialValue spec="ParamValue" names='IX I1' values='52.00 25.0'/>
			<initialValue spec="ParamValue" names='S'  values='100.0' />
	</params>
	
	<!-- Define tree outside state -->
	<init spec="beast.util.TreeParser" id="tree"
			taxa="@sequences" adjustTipHeights="false"
			IsLabelledNewick="true"
			newick="(((inv3loc_0:2.5,inv4loc_1:8):4,(inv5loc_1:10,inv6loc_1:6):5.8):27,(inv2loc_0:10,inv1loc_0:20):22):0.0;"/>
 		
	
	<run id="mcmc" spec="MCMC" chainLength="2">
		<state id="state" storeEvery="5000">
			<!--<tree id="tree" name="stateNode"/>-->
			<!-- ARUDSIR STATE NODES-->
			<parameter id="migRate" upper="140" name="stateNode">0.001</parameter>
			<parameter id="initI0" upper="140" name="stateNode">50.00</parameter>
		</state>
		<init spec="beast.util.TreeParser" id="NewickTree.t:Species"
			initial="@tree" taxa="@sequences" adjustTipHeights="false"
			IsLabelledNewick="true"
			newick="(((inv3loc_0:2.5,inv4loc_1:8):4,(inv5loc_1:10,inv6loc_1:6):5.8):27,(inv2loc_0:10,inv1loc_0:20):22):0.0;"/>
 		
 		<distribution id="posterior" spec="util.CompoundDistribution">
			<distribution id="prior" spec="util.CompoundDistribution">
				<!-- ARUDSIR Priors-->
			</distribution>			
			<distribution id="likelihood" spec="util.CompoundDistribution">
				 <distribution spec='STreeLikelihoodODE' id = 'stlikelihood' solvePL='false'
             	 useStateName='false' approxLambda='false' finiteSizeCorrections='false'
                 popmodel='@simplemodel'  >
                 <treeIntervals spec="STreeIntervals" tree='@tree'> </treeIntervals>
    			</distribution>
			</distribution>
		</distribution>
		<operator id="ABCOperator" spec="ABCOperator" onlyScale="0" scaleFactor="1.02" multiply="true" parameter="@migRate" weight="1.0"/>
		<operator id="ABCOperatorI0" spec="ABCOperator" onlyScale="0" scaleFactor="1.02" multiply="true" parameter="@initI0" weight="1.0"/>
		<logger id="tracelog" fileName="rootStateProbabilities_phydyn.log" logEvery="1" model="@posterior" sanitiseHeaders="true" sort="smart">
			<log idref="migRate"/>
			<log idref="posterior"/>
		</logger>
		<logger id="probtreelog" fileName="rootStateProbabilities_phydyn.trees" logEvery="1" mode="tree">
			<log id="logTrees" spec="STreeRootLogger" tree="@tree" density="@stlikelihood"/>
		</logger>
		<logger id="screenlog" logEvery="1">
			<log idref="posterior"/>
		</logger>
	</run>
</beast>
