<!--
force of infection: max(0, a*t + b )
-->

<beast beautitemplate='Standard' beautistatus='' namespace="phydyn.model:phydyn.distribution:phydyn.loggers:phydyn.operators:beast.core:beast.evolution.alignment:beast.evolution.tree.coalescent:beast.core.util:beast.evolution.nuc:beast.evolution.operators:beast.evolution.sitemodel:beast.evolution.substitutionmodel:beast.evolution.likelihood" version="2.0">

<map name="Uniform">beast.math.distributions.Uniform</map>
<map name="Exponential">beast.math.distributions.Exponential</map>
<map name="LogNormal">beast.math.distributions.LogNormalDistributionModel</map>
<map name="Normal">beast.math.distributions.Normal</map>
<map name="Beta">beast.math.distributions.Beta</map>
<map name="Gamma">beast.math.distributions.Gamma</map>
<map name="LaplaceDistribution">beast.math.distributions.LaplaceDistribution</map>
<map name="prior">beast.math.distributions.Prior</map>
<map name="InverseGamma">beast.math.distributions.InverseGamma </map>


<data id="sequences" name="alignment">
<sequence id="EBOV|19560R_EMLK|KU296580|SLE|Kambia|2015-07-07"  taxon="EBOV|19560R_EMLK|KU296580|SLE|Kambia|2015-07-07"  totalcount="4" value="??"/>
<sequence id="EBOV|20547_EMLK|KU296455|SLE|Kambia|2015-09-07"  taxon="EBOV|20547_EMLK|KU296455|SLE|Kambia|2015-09-07"  totalcount="4" value="??"/>
<sequence id="EBOV|15438R_EMLK|KU296353|SLE|Kambia|2015-06-14"  taxon="EBOV|15438R_EMLK|KU296353|SLE|Kambia|2015-06-14"  totalcount="4" value="??"/>
<sequence id="EBOV|15661_EMLK|KU296822|SLE|Kambia|2015-06-28"  taxon="EBOV|15661_EMLK|KU296822|SLE|Kambia|2015-06-28"  totalcount="4" value="??"/>
<sequence id="EBOV|15314_EMLK|KU296600|SLE|Kambia|2015-06-06"  taxon="EBOV|15314_EMLK|KU296600|SLE|Kambia|2015-06-06"  totalcount="4" value="??"/>
<sequence id="EBOV|PL7577|KU296385|SLE|PortLoko|2015-06-03"  taxon="EBOV|PL7577|KU296385|SLE|PortLoko|2015-06-03"  totalcount="4" value="??"/>
<sequence id="EBOV|PL7511|KU296685|SLE|PortLoko|2015-06-01"  taxon="EBOV|PL7511|KU296685|SLE|PortLoko|2015-06-01"  totalcount="4" value="??"/>
<sequence id="EBOV|15360_EMLK|KU296399|SLE|Kambia|2015-06-08"  taxon="EBOV|15360_EMLK|KU296399|SLE|Kambia|2015-06-08"  totalcount="4" value="??"/>
<sequence id="EBOV|PL8310|KU296618|SLE|PortLoko|2015-06-21"  taxon="EBOV|PL8310|KU296618|SLE|PortLoko|2015-06-21"  totalcount="4" value="??"/>
<sequence id="EBOV|PL9199|KU296371|SLE|PortLoko|2015-07-13"  taxon="EBOV|PL9199|KU296371|SLE|PortLoko|2015-07-13"  totalcount="4" value="??"/>
<sequence id="EBOV|PL9150|KU296522|SLE|PortLoko|2015-07-12"  taxon="EBOV|PL9150|KU296522|SLE|PortLoko|2015-07-12"  totalcount="4" value="??"/>
<sequence id="EBOV|PL8128|KU296340|SLE|PortLoko|2015-06-16"  taxon="EBOV|PL8128|KU296340|SLE|PortLoko|2015-06-16"  totalcount="4" value="??"/>
<sequence id="EBOV|PL6656|KU296523|SLE|PortLoko|2015-05-01"  taxon="EBOV|PL6656|KU296523|SLE|PortLoko|2015-05-01"  totalcount="4" value="??"/>
<sequence id="EBOV|PL7774|KU296589|SLE||2015-06-08"  taxon="EBOV|PL7774|KU296589|SLE||2015-06-08"  totalcount="4" value="??"/>
<sequence id="EBOV|PL7773|KU296417|SLE|x|2015-06-08"  taxon="EBOV|PL7773|KU296417|SLE|x|2015-06-08"  totalcount="4" value="??"/>
<sequence id="EBOV|PL7401|KU296819|SLE|PortLoko|2015-05-27"  taxon="EBOV|PL7401|KU296819|SLE|PortLoko|2015-05-27"  totalcount="4" value="??"/>
<sequence id="EBOV|PL7429|KU296617|SLE|PortLoko|2015-05-29"  taxon="EBOV|PL7429|KU296617|SLE|PortLoko|2015-05-29"  totalcount="4" value="??"/>
<sequence id="EBOV|PL7375|KU296498|SLE|PortLoko|2015-05-27"  taxon="EBOV|PL7375|KU296498|SLE|PortLoko|2015-05-27"  totalcount="4" value="??"/>
<sequence id="EBOV|PL7946|KU296667|SLE|PortLoko|2015-06-12"  taxon="EBOV|PL7946|KU296667|SLE|PortLoko|2015-06-12"  totalcount="4" value="??"/>
<sequence id="EBOV|14846_EMLK|KU296831|SLE|Kambia|2015-04-29"  taxon="EBOV|14846_EMLK|KU296831|SLE|Kambia|2015-04-29"  totalcount="4" value="??"/>
<sequence id="EBOV|PL7820|KU296804|SLE|PortLoko|2015-06-09"  taxon="EBOV|PL7820|KU296804|SLE|PortLoko|2015-06-09"  totalcount="4" value="??"/>
<sequence id="EBOV|PL7685|KU296556|SLE|PortLoko|2015-06-06"  taxon="EBOV|PL7685|KU296556|SLE|PortLoko|2015-06-06"  totalcount="4" value="??"/>
<sequence id="EBOV|14743_EML|KU296298|SLE|Kambia|2015-04-19"  taxon="EBOV|14743_EML|KU296298|SLE|Kambia|2015-04-19"  totalcount="4" value="??"/>
<sequence id="EBOV|DML24708|KT357845|SLE|Kono|2015-01-28"  taxon="EBOV|DML24708|KT357845|SLE|Kono|2015-01-28"  totalcount="4" value="??"/>
<sequence id="EBOV|15000_EMLK|KU296504|SLE|Kambia|2015-05-13"  taxon="EBOV|15000_EMLK|KU296504|SLE|Kambia|2015-05-13"  totalcount="4" value="??"/>
<sequence id="EBOV|PL7053|KU296757|SLE|PortLoko|2015-05-15"  taxon="EBOV|PL7053|KU296757|SLE|PortLoko|2015-05-15"  totalcount="4" value="??"/>
<sequence id="EBOV|PL4736|KU296724|SLE|Kambia|2015-03-13"  taxon="EBOV|PL4736|KU296724|SLE|Kambia|2015-03-13"  totalcount="4" value="??"/>
<sequence id="EBOV|J0092|KP759650|SLE|WesternRural|2014-10-25"  taxon="EBOV|J0092|KP759650|SLE|WesternRural|2014-10-25"  totalcount="4" value="??"/>
<sequence id="EBOV|KT5022|KU296519|SLE|WesternRural|2015-02-13"  taxon="EBOV|KT5022|KU296519|SLE|WesternRural|2015-02-13"  totalcount="4" value="??"/>
<sequence id="EBOV|77588_EMLK|KU296801|SLE|WesternUrban|2015-01-04"  taxon="EBOV|77588_EMLK|KU296801|SLE|WesternUrban|2015-01-04"  totalcount="4" value="??"/>
<sequence id="EBOV|J0051|KP759633|SLE|WesternUrban|2014-10-07"  taxon="EBOV|J0051|KP759633|SLE|WesternUrban|2014-10-07"  totalcount="4" value="??"/>
<sequence id="EBOV|G3846|KM233109|SLE|Kailahun|2014-06-18"  taxon="EBOV|G3846|KM233109|SLE|Kailahun|2014-06-18"  totalcount="4" value="??"/>
<sequence id="EBOV|G3952.1|KR105211|SLE|Kailahun|2014-06-25"  taxon="EBOV|G3952.1|KR105211|SLE|Kailahun|2014-06-25"  totalcount="4" value="??"/>
<sequence id="EBOV|G5647.1|KR105315|SLE|x|2014-09-11"  taxon="EBOV|G5647.1|KR105315|SLE|x|2014-09-11"  totalcount="4" value="??"/>
<sequence id="EBOV|G5640.1|KR105313|SLE|x|2014-09-11"  taxon="EBOV|G5640.1|KR105313|SLE|x|2014-09-11"  totalcount="4" value="??"/>
<sequence id="EBOV|G5644.1|KR105314|SLE|x|2014-09-11"  taxon="EBOV|G5644.1|KR105314|SLE|x|2014-09-11"  totalcount="4" value="??"/>
<sequence id="EBOV|G5016.1|KR105293|SLE|Kenema|2014-08-16"  taxon="EBOV|G5016.1|KR105293|SLE|Kenema|2014-08-16"  totalcount="4" value="??"/>
<sequence id="EBOV|G5571.1|KR105311|SLE|Kenema|2014-09-08"  taxon="EBOV|G5571.1|KR105311|SLE|Kenema|2014-09-08"  totalcount="4" value="??"/>
<sequence id="EBOV|G5765.1|KR105326|SLE|Moyamba|2014-09-16"  taxon="EBOV|G5765.1|KR105326|SLE|Moyamba|2014-09-16"  totalcount="4" value="??"/>
<sequence id="EBOV|G4433.1|KR105254|SLE|Kailahun|2014-07-20"  taxon="EBOV|G4433.1|KR105254|SLE|Kailahun|2014-07-20"  totalcount="4" value="??"/>
<sequence id="EBOV|G3809|KM233086|SLE|Kailahun|2014-06-15"  taxon="EBOV|G3809|KM233086|SLE|Kailahun|2014-06-15"  totalcount="4" value="??"/>
<sequence id="EBOV|G3821|KM233095|SLE|Kailahun|2014-06-15"  taxon="EBOV|G3821|KM233095|SLE|Kailahun|2014-06-15"  totalcount="4" value="??"/>
<sequence id="EBOV|G6060.1|KR105342|SLE|Pujehun|2014-09-25"  taxon="EBOV|G6060.1|KR105342|SLE|Pujehun|2014-09-25"  totalcount="4" value="??"/>
<sequence id="EBOV|20141643|KR653233|SLE|Pujehun|2014-10-04"  taxon="EBOV|20141643|KR653233|SLE|Pujehun|2014-10-04"  totalcount="4" value="??"/>
<sequence id="EBOV|20140161|KR653265|SLE|Kailahun|2014-08-27"  taxon="EBOV|20140161|KR653265|SLE|Kailahun|2014-08-27"  totalcount="4" value="??"/>
<sequence id="EBOV|G3818|KM233092|SLE|Kailahun|2014-06-15"  taxon="EBOV|G3818|KM233092|SLE|Kailahun|2014-06-15"  totalcount="4" value="??"/>
<sequence id="EBOV|G4151.1|KR105215|SLE|Kenema|2014-07-06"  taxon="EBOV|G4151.1|KR105215|SLE|Kenema|2014-07-06"  totalcount="4" value="??"/>
<sequence id="EBOV|G3827|KM233101|SLE|Kailahun|2014-06-16"  taxon="EBOV|G3827|KM233101|SLE|Kailahun|2014-06-16"  totalcount="4" value="??"/>
<sequence id="EBOV|NM042|KM233116|SLE|Kambia|2014-06-04"  taxon="EBOV|NM042|KM233116|SLE|Kambia|2014-06-04"  totalcount="4" value="??"/>
<sequence id="EBOV|G3819|KM233093|SLE|Kailahun|2014-06-15"  taxon="EBOV|G3819|KM233093|SLE|Kailahun|2014-06-15"  totalcount="4" value="??"/>
<sequence id="EBOV|EM113|KM233040|SLE|Kailahun|2014-06-03"  taxon="EBOV|EM113|KM233040|SLE|Kailahun|2014-06-03"  totalcount="4" value="??"/>
<sequence id="EBOV|EM124|KM233045|SLE|Kailahun|2014-06-04"  taxon="EBOV|EM124|KM233045|SLE|Kailahun|2014-06-04"  totalcount="4" value="??"/>
<sequence id="EBOV|EM110|KM233037|SLE|Kailahun|2014-06-03"  taxon="EBOV|EM110|KM233037|SLE|Kailahun|2014-06-03"  totalcount="4" value="??"/>
<sequence id="EBOV|G3949.1|KR105209|SLE|x|2014-06-24"  taxon="EBOV|G3949.1|KR105209|SLE|x|2014-06-24"  totalcount="4" value="??"/>
<sequence id="EBOV|G3789|KM233076|SLE|Kailahun|2014-06-14"  taxon="EBOV|G3789|KM233076|SLE|Kailahun|2014-06-14"  totalcount="4" value="??"/>
<sequence id="EBOV|G4254.1|KR105225|SLE|Kailahun|2014-07-11"  taxon="EBOV|G4254.1|KR105225|SLE|Kailahun|2014-07-11"  totalcount="4" value="??"/>
<sequence id="EBOV|20143317|KR653282|SLE|Bombali|2014-10-29"  taxon="EBOV|20143317|KR653282|SLE|Bombali|2014-10-29"  totalcount="4" value="??"/>
<sequence id="EBOV|J0174|KP759708|SLE|WesternArea|2014-11-11"  taxon="EBOV|J0174|KP759708|SLE|WesternArea|2014-11-11"  totalcount="4" value="??"/>
<sequence id="EBOV|J0144|KP759605|SLE|Kambia|2014-11-04"  taxon="EBOV|J0144|KP759605|SLE|Kambia|2014-11-04"  totalcount="4" value="??"/>
<sequence id="EBOV|J0143|KP759604|SLE|Kambia|2014-11-04"  taxon="EBOV|J0143|KP759604|SLE|Kambia|2014-11-04"  totalcount="4" value="??"/>
<sequence id="EBOV|75731_EMLH|KU296564|SLE|WesternUrban|2015-01-16"  taxon="EBOV|75731_EMLH|KU296564|SLE|WesternUrban|2015-01-16"  totalcount="4" value="??"/>
<sequence id="EBOV|J0147|KP759611|SLE|WesternUrban|2014-11-07"  taxon="EBOV|J0147|KP759611|SLE|WesternUrban|2014-11-07"  totalcount="4" value="??"/>
<sequence id="EBOV|DML24683|KT357843|SLE|Kono|2015-01-26"  taxon="EBOV|DML24683|KT357843|SLE|Kono|2015-01-26"  totalcount="4" value="??"/>
<sequence id="EBOV|DML24854|KT357851|SLE|Kono|2015-02-06"  taxon="EBOV|DML24854|KT357851|SLE|Kono|2015-02-06"  totalcount="4" value="??"/>
<sequence id="EBOV|DML24853|KT357850|SLE|Kono|2015-02-06"  taxon="EBOV|DML24853|KT357850|SLE|Kono|2015-02-06"  totalcount="4" value="??"/>
<sequence id="EBOV|DML24601|KT357834|SLE|Kono|2015-01-20"  taxon="EBOV|DML24601|KT357834|SLE|Kono|2015-01-20"  totalcount="4" value="??"/>
<sequence id="EBOV|DML25103|KT357853|SLE|Kono|2015-02-19"  taxon="EBOV|DML25103|KT357853|SLE|Kono|2015-02-19"  totalcount="4" value="??"/>
<sequence id="EBOV|DML24720|KT357846|SLE|Kono|2015-01-29"  taxon="EBOV|DML24720|KT357846|SLE|Kono|2015-01-29"  totalcount="4" value="??"/>
<sequence id="EBOV|DML24511|KT357828|SLE|Kono|2015-01-14"  taxon="EBOV|DML24511|KT357828|SLE|Kono|2015-01-14"  totalcount="4" value="??"/>
<sequence id="EBOV|20140174|KR653294|SLE|WesternUrban|2014-08-27"  taxon="EBOV|20140174|KR653294|SLE|WesternUrban|2014-08-27"  totalcount="4" value="??"/>
<sequence id="EBOV|20141397|KR653288|SLE|Moyamba|2014-09-28"  taxon="EBOV|20141397|KR653288|SLE|Moyamba|2014-09-28"  totalcount="4" value="??"/>
<sequence id="EBOV|508_EMLH|KU296304|SLE|WesternUrban|2015-01-31"  taxon="EBOV|508_EMLH|KU296304|SLE|WesternUrban|2015-01-31"  totalcount="4" value="??"/>
<sequence id="EBOV|491_EMLH|KU296588|SLE|x|2015-01-30"  taxon="EBOV|491_EMLH|KU296588|SLE|x|2015-01-30"  totalcount="4" value="??"/>
<sequence id="EBOV|490_EMLH|KU296746|SLE|x|2015-01-30"  taxon="EBOV|490_EMLH|KU296746|SLE|x|2015-01-30"  totalcount="4" value="??"/>
<sequence id="EBOV|J0028|KP759683|SLE|Bombali|2014-10-02"  taxon="EBOV|J0028|KP759683|SLE|Bombali|2014-10-02"  totalcount="4" value="??"/>
<sequence id="EBOV|J0157|KP759699|SLE|WesternUrban|2014-11-06"  taxon="EBOV|J0157|KP759699|SLE|WesternUrban|2014-11-06"  totalcount="4" value="??"/>
<sequence id="EBOV|PL4119|KU296645|SLE|PortLoko|2015-02-28"  taxon="EBOV|PL4119|KU296645|SLE|PortLoko|2015-02-28"  totalcount="4" value="??"/>
<sequence id="EBOV|PL4283|KU296840|SLE|PortLoko|2015-03-03"  taxon="EBOV|PL4283|KU296840|SLE|PortLoko|2015-03-03"  totalcount="4" value="??"/>
<sequence id="EBOV|PL4932|KU296547|SLE|PortLoko|2015-03-18"  taxon="EBOV|PL4932|KU296547|SLE|PortLoko|2015-03-18"  totalcount="4" value="??"/>
<sequence id="EBOV|PL5534|KU296784|SLE|PortLoko|2015-03-29"  taxon="EBOV|PL5534|KU296784|SLE|PortLoko|2015-03-29"  totalcount="4" value="??"/>
<sequence id="EBOV|PL4443|KU296418|SLE|PortLoko|2015-03-07"  taxon="EBOV|PL4443|KU296418|SLE|PortLoko|2015-03-07"  totalcount="4" value="??"/>
<sequence id="EBOV|MK0464|KU296835|SLE|x|2014-12-24"  taxon="EBOV|MK0464|KU296835|SLE|x|2014-12-24"  totalcount="4" value="??"/>
<sequence id="EBOV|G5059.1|KR105296|SLE|Kenema|2014-08-18"  taxon="EBOV|G5059.1|KR105296|SLE|Kenema|2014-08-18"  totalcount="4" value="??"/>
<sequence id="EBOV|G4345.1|KR105239|SLE|Kenema|2014-07-18"  taxon="EBOV|G4345.1|KR105239|SLE|Kenema|2014-07-18"  totalcount="4" value="??"/>
<sequence id="EBOV|G3856|KM233113|SLE|Kenema|2014-06-18"  taxon="EBOV|G3856|KM233113|SLE|Kenema|2014-06-18"  totalcount="4" value="??"/>
<sequence id="EBOV|20140008|KR653251|SLE|Kenema|2014-08-22"  taxon="EBOV|20140008|KR653251|SLE|Kenema|2014-08-22"  totalcount="4" value="??"/>
<sequence id="EBOV|G4312.2|KR105230|SLE|PortLoko|2014-07-12"  taxon="EBOV|G4312.2|KR105230|SLE|PortLoko|2014-07-12"  totalcount="4" value="??"/>
<sequence id="EBOV|G4907.1|KR105277|SLE|Kenema|2014-08-12"  taxon="EBOV|G4907.1|KR105277|SLE|Kenema|2014-08-12"  totalcount="4" value="??"/>
<sequence id="EBOV|G4960.1|KR105283|SLE|Kenema|2014-08-14"  taxon="EBOV|G4960.1|KR105283|SLE|Kenema|2014-08-14"  totalcount="4" value="??"/>
<sequence id="EBOV|G4942.1|KR105279|SLE|Moyamba|2014-08-12"  taxon="EBOV|G4942.1|KR105279|SLE|Moyamba|2014-08-12"  totalcount="4" value="??"/>
<sequence id="EBOV|G4837.1|KR105272|SLE|Kenema|2014-08-09"  taxon="EBOV|G4837.1|KR105272|SLE|Kenema|2014-08-09"  totalcount="4" value="??"/>
<sequence id="EBOV|1116|KR534534|GIN|Dalaba|2014-09-24"  taxon="EBOV|1116|KR534534|GIN|Dalaba|2014-09-24"  totalcount="4" value="??"/>
<sequence id="EBOV|J0117|KP759665|SLE|WesternRural|2014-10-31"  taxon="EBOV|J0117|KP759665|SLE|WesternRural|2014-10-31"  totalcount="4" value="??"/>
<sequence id="EBOV|20141582|KR653230|SLE|Bo|2014-10-04"  taxon="EBOV|20141582|KR653230|SLE|Bo|2014-10-04"  totalcount="4" value="??"/>
<sequence id="EBOV|KT5249|KU296601|SLE|WesternUrban|2015-02-22"  taxon="EBOV|KT5249|KU296601|SLE|WesternUrban|2015-02-22"  totalcount="4" value="??"/>
<sequence id="EBOV|12193_EMLH|KU296616|SLE|WesternUrban|2015-02-23"  taxon="EBOV|12193_EMLH|KU296616|SLE|WesternUrban|2015-02-23"  totalcount="4" value="??"/>
<sequence id="EBOV|12189_EMLH|KU296369|SLE|WesternUrban|2015-02-23"  taxon="EBOV|12189_EMLH|KU296369|SLE|WesternUrban|2015-02-23"  totalcount="4" value="??"/>
<sequence id="EBOV|J0068|KP759732|SLE|WesternRural|2014-10-09"  taxon="EBOV|J0068|KP759732|SLE|WesternRural|2014-10-09"  totalcount="4" value="??"/>
<sequence id="EBOV|J0064|KP759728|SLE|WesternUrban|2014-10-09"  taxon="EBOV|J0064|KP759728|SLE|WesternUrban|2014-10-09"  totalcount="4" value="??"/>
<sequence id="EBOV|356_EMLH|KU296546|SLE|x|2015-01-21"  taxon="EBOV|356_EMLH|KU296546|SLE|x|2015-01-21"  totalcount="4" value="??"/>
<sequence id="EBOV|77525_EMLK|KU296820|SLE||2014-12-30"  taxon="EBOV|77525_EMLK|KU296820|SLE||2014-12-30"  totalcount="4" value="??"/>
<sequence id="EBOV|KT4935|KU296467|SLE|WesternRural|2015-02-11"  taxon="EBOV|KT4935|KU296467|SLE|WesternRural|2015-02-11"  totalcount="4" value="??"/>
<sequence id="EBOV|J0091|KP759759|SLE|WesternArea|2014-10-25"  taxon="EBOV|J0091|KP759759|SLE|WesternArea|2014-10-25"  totalcount="4" value="??"/>
<sequence id="EBOV|DML12194|KT357818|SLE|WesternUrban|2015-03-04"  taxon="EBOV|DML12194|KT357818|SLE|WesternUrban|2015-03-04"  totalcount="4" value="??"/>
<sequence id="EBOV|J0081|KP759750|SLE|WesternRural|2014-10-16"  taxon="EBOV|J0081|KP759750|SLE|WesternRural|2014-10-16"  totalcount="4" value="??"/>
<sequence id="EBOV|MK2449|KU296466|SLE|Bombali|2015-02-26"  taxon="EBOV|MK2449|KU296466|SLE|Bombali|2015-02-26"  totalcount="4" value="??"/>
<sequence id="EBOV|MK2370|KU296760|SLE|Bombali|2015-02-25"  taxon="EBOV|MK2370|KU296760|SLE|Bombali|2015-02-25"  totalcount="4" value="??"/>
<sequence id="EBOV|731_EMLH|KU296765|SLE|WesternUrban|2015-02-11"  taxon="EBOV|731_EMLH|KU296765|SLE|WesternUrban|2015-02-11"  totalcount="4" value="??"/>
<sequence id="EBOV|KT5382|KU296657|SLE|WesternRural|2015-02-25"  taxon="EBOV|KT5382|KU296657|SLE|WesternRural|2015-02-25"  totalcount="4" value="??"/>
<sequence id="EBOV|KT5859|KU296463|SLE|x|2015-03-10"  taxon="EBOV|KT5859|KU296463|SLE|x|2015-03-10"  totalcount="4" value="??"/>
<sequence id="EBOV|MK2436|KU296626|SLE|Bombali|2015-02-26"  taxon="EBOV|MK2436|KU296626|SLE|Bombali|2015-02-26"  totalcount="4" value="??"/>
<sequence id="EBOV|PL4059|KU296485|SLE|PortLoko|2015-02-26"  taxon="EBOV|PL4059|KU296485|SLE|PortLoko|2015-02-26"  totalcount="4" value="??"/>
<sequence id="EBOV|MK2255|KU296648|SLE|Bombali|2015-02-21"  taxon="EBOV|MK2255|KU296648|SLE|Bombali|2015-02-21"  totalcount="4" value="??"/>
<sequence id="EBOV|MK2341|KU296494|SLE|Bombali|2015-02-24"  taxon="EBOV|MK2341|KU296494|SLE|Bombali|2015-02-24"  totalcount="4" value="??"/>
<sequence id="EBOV|MK3043|KU296474|SLE|Bombali|2015-03-14"  taxon="EBOV|MK3043|KU296474|SLE|Bombali|2015-03-14"  totalcount="4" value="??"/>
<sequence id="EBOV|12628_EMLH|KU296692|SLE|WesternRural|2015-03-23"  taxon="EBOV|12628_EMLH|KU296692|SLE|WesternRural|2015-03-23"  totalcount="4" value="??"/>
<sequence id="EBOV|MK2405|KU296542|SLE|Bombali|2015-02-25"  taxon="EBOV|MK2405|KU296542|SLE|Bombali|2015-02-25"  totalcount="4" value="??"/>
<sequence id="EBOV|MK2437|KU296469|SLE|Bombali|2015-02-26"  taxon="EBOV|MK2437|KU296469|SLE|Bombali|2015-02-26"  totalcount="4" value="??"/>
<sequence id="EBOV|MK3462|KU296565|SLE|Bombali|2015-03-26"  taxon="EBOV|MK3462|KU296565|SLE|Bombali|2015-03-26"  totalcount="4" value="??"/>
<sequence id="EBOV|MK2371|KU296397|SLE|Bombali|2015-02-25"  taxon="EBOV|MK2371|KU296397|SLE|Bombali|2015-02-25"  totalcount="4" value="??"/>
<sequence id="EBOV|MK2307|KU296536|SLE|x|2015-02-23"  taxon="EBOV|MK2307|KU296536|SLE|x|2015-02-23"  totalcount="4" value="??"/>
<sequence id="EBOV|MK2570|KU296346|SLE|Bombali|2015-03-01"  taxon="EBOV|MK2570|KU296346|SLE|Bombali|2015-03-01"  totalcount="4" value="??"/>
<sequence id="EBOV|PL4569|KU296598|SLE|PortLoko|2015-03-10"  taxon="EBOV|PL4569|KU296598|SLE|PortLoko|2015-03-10"  totalcount="4" value="??"/>
<sequence id="EBOV|PL4696|KU296513|SLE|PortLoko|2015-03-13"  taxon="EBOV|PL4696|KU296513|SLE|PortLoko|2015-03-13"  totalcount="4" value="??"/>
<sequence id="EBOV|KT5542|KU296557|SLE|x|2015-02-20"  taxon="EBOV|KT5542|KU296557|SLE|x|2015-02-20"  totalcount="4" value="??"/>
<sequence id="EBOV|12767_EMLH|KU296768|SLE|WesternUrban|2015-04-04"  taxon="EBOV|12767_EMLH|KU296768|SLE|WesternUrban|2015-04-04"  totalcount="4" value="??"/>
<sequence id="EBOV|DML12137|KT357819|SLE|WesternUrban|2015-02-28"  taxon="EBOV|DML12137|KT357819|SLE|WesternUrban|2015-02-28"  totalcount="4" value="??"/>
<sequence id="EBOV|DML12033|KT357813|SLE|WesternUrban|2015-02-19"  taxon="EBOV|DML12033|KT357813|SLE|WesternUrban|2015-02-19"  totalcount="4" value="??"/>
<sequence id="EBOV|MK2431|KU296562|SLE|Bombali|2015-02-25"  taxon="EBOV|MK2431|KU296562|SLE|Bombali|2015-02-25"  totalcount="4" value="??"/>
<sequence id="EBOV|MK2673|KU296749|SLE|Bombali|2015-03-03"  taxon="EBOV|MK2673|KU296749|SLE|Bombali|2015-03-03"  totalcount="4" value="??"/>
<sequence id="EBOV|KT4828|KU296745|SLE|x|2015-02-10"  taxon="EBOV|KT4828|KU296745|SLE|x|2015-02-10"  totalcount="4" value="??"/>
<sequence id="EBOV|MK2717|KU296425|SLE|Bombali|2015-03-04"  taxon="EBOV|MK2717|KU296425|SLE|Bombali|2015-03-04"  totalcount="4" value="??"/>
<sequence id="EBOV|MK3183|KU296800|SLE|Bombali|2015-03-17"  taxon="EBOV|MK3183|KU296800|SLE|Bombali|2015-03-17"  totalcount="4" value="??"/>
<sequence id="EBOV|KT5245|KU296411|SLE|x|2015-02-22"  taxon="EBOV|KT5245|KU296411|SLE|x|2015-02-22"  totalcount="4" value="??"/>
<sequence id="EBOV|77573_EMLK|KU296516|SLE|WesternUrban|2015-01-03"  taxon="EBOV|77573_EMLK|KU296516|SLE|WesternUrban|2015-01-03"  totalcount="4" value="??"/>
<sequence id="EBOV|KT4730|KU296416|SLE|x|2015-02-07"  taxon="EBOV|KT4730|KU296416|SLE|x|2015-02-07"  totalcount="4" value="??"/>
<sequence id="EBOV|J0129|KP759600|SLE|WesternUrban|2014-11-02"  taxon="EBOV|J0129|KP759600|SLE|WesternUrban|2014-11-02"  totalcount="4" value="??"/>
<sequence id="EBOV|77558_EMLK|KU296733|SLE||2015-01-02"  taxon="EBOV|77558_EMLK|KU296733|SLE||2015-01-02"  totalcount="4" value="??"/>
<sequence id="EBOV|12757_EMLH|KU296468|SLE|WesternUrban|2015-04-03"  taxon="EBOV|12757_EMLH|KU296468|SLE|WesternUrban|2015-04-03"  totalcount="4" value="??"/>
<sequence id="EBOV|634_EMLH|KU296799|SLE|WesternUrban|2015-02-06"  taxon="EBOV|634_EMLH|KU296799|SLE|WesternUrban|2015-02-06"  totalcount="4" value="??"/>
<sequence id="EBOV|12855_EMLH|KU296723|SLE|WesternUrban|2015-04-15"  taxon="EBOV|12855_EMLH|KU296723|SLE|WesternUrban|2015-04-15"  totalcount="4" value="??"/>
<sequence id="EBOV|18636_EMLH|KU296460|SLE|x|2015-07-08"  taxon="EBOV|18636_EMLH|KU296460|SLE|x|2015-07-08"  totalcount="4" value="??"/>
<sequence id="EBOV|18596_EMLH|KU296715|SLE|WesternUrban|2015-07-05"  taxon="EBOV|18596_EMLH|KU296715|SLE|WesternUrban|2015-07-05"  totalcount="4" value="??"/>
<sequence id="EBOV|18648_EMLH|KU296701|SLE|WesternUrban|2015-07-09"  taxon="EBOV|18648_EMLH|KU296701|SLE|WesternUrban|2015-07-09"  totalcount="4" value="??"/>
<sequence id="EBOV|18660_EMLH|KU296838|SLE|WesternUrban|2015-07-10"  taxon="EBOV|18660_EMLH|KU296838|SLE|WesternUrban|2015-07-10"  totalcount="4" value="??"/>
<sequence id="EBOV|DML14366|KT357859|SLE|WesternUrban|2015-07-11"  taxon="EBOV|DML14366|KT357859|SLE|WesternUrban|2015-07-11"  totalcount="4" value="??"/>
<sequence id="EBOV|18706_EMLH|KU296599|SLE|x|2015-07-14"  taxon="EBOV|18706_EMLH|KU296599|SLE|x|2015-07-14"  totalcount="4" value="??"/>
<sequence id="EBOV|18649_EMLH|KU296456|SLE|WesternUrban|2015-07-10"  taxon="EBOV|18649_EMLH|KU296456|SLE|WesternUrban|2015-07-10"  totalcount="4" value="??"/>
<sequence id="EBOV|15070R_DML||SLE|WesternUrban|2015-08-06"  taxon="EBOV|15070R_DML||SLE|WesternUrban|2015-08-06"  totalcount="4" value="??"/>
<sequence id="EBOV|12916_EMLH|KU296318|SLE|WesternUrban|2015-04-29"  taxon="EBOV|12916_EMLH|KU296318|SLE|WesternUrban|2015-04-29"  totalcount="4" value="??"/>
<sequence id="EBOV|12854_EMLH|KU296729|SLE|WesternUrban|2015-04-15"  taxon="EBOV|12854_EMLH|KU296729|SLE|WesternUrban|2015-04-15"  totalcount="4" value="??"/>
<sequence id="EBOV|J0172|KP759626|SLE|WesternRural|2014-11-11"  taxon="EBOV|J0172|KP759626|SLE|WesternRural|2014-11-11"  totalcount="4" value="??"/>
<sequence id="EBOV|20145853|KR653290|SLE|Pujehun|2014-11-26"  taxon="EBOV|20145853|KR653290|SLE|Pujehun|2014-11-26"  totalcount="4" value="??"/>
<sequence id="EBOV|KT5974|KU296475|SLE|x|2015-03-16"  taxon="EBOV|KT5974|KU296475|SLE|x|2015-03-16"  totalcount="4" value="??"/>
<sequence id="EBOV|PL2101|KU296714|SLE|PortLoko|2015-01-18"  taxon="EBOV|PL2101|KU296714|SLE|PortLoko|2015-01-18"  totalcount="4" value="??"/>
<sequence id="EBOV|PL2668|KU296294|SLE|PortLoko|2015-01-29"  taxon="EBOV|PL2668|KU296294|SLE|PortLoko|2015-01-29"  totalcount="4" value="??"/>
<sequence id="EBOV|77711_EMLK|KU296644|SLE|WesternUrban|2015-01-10"  taxon="EBOV|77711_EMLK|KU296644|SLE|WesternUrban|2015-01-10"  totalcount="4" value="??"/>
<sequence id="EBOV|14888_EMLK|KU296423|SLE|Kambia|2015-05-03"  taxon="EBOV|14888_EMLK|KU296423|SLE|Kambia|2015-05-03"  totalcount="4" value="??"/>
<sequence id="EBOV|77677_EMLK|KU296558|SLE||2015-01-08"  taxon="EBOV|77677_EMLK|KU296558|SLE||2015-01-08"  totalcount="4" value="??"/>
<sequence id="EBOV|77673_EMLK|KU296458|SLE||2015-01-08"  taxon="EBOV|77673_EMLK|KU296458|SLE||2015-01-08"  totalcount="4" value="??"/>
<sequence id="EBOV|77716_EMLK|KU296569|SLE|WesternUrban|2015-01-10"  taxon="EBOV|77716_EMLK|KU296569|SLE|WesternUrban|2015-01-10"  totalcount="4" value="??"/>
<sequence id="EBOV|J0086|KP759646|SLE|WesternRural|2014-10-23"  taxon="EBOV|J0086|KP759646|SLE|WesternRural|2014-10-23"  totalcount="4" value="??"/>
<sequence id="EBOV|DML25344|KT357856|SLE|Kono|2015-03-06"  taxon="EBOV|DML25344|KT357856|SLE|Kono|2015-03-06"  totalcount="4" value="??"/>
<sequence id="EBOV|762_EMLH|KU296728|SLE|x|2015-02-12"  taxon="EBOV|762_EMLH|KU296728|SLE|x|2015-02-12"  totalcount="4" value="??"/>
<sequence id="EBOV|PL3984|KU296330|SLE|PortLoko|2015-02-25"  taxon="EBOV|PL3984|KU296330|SLE|PortLoko|2015-02-25"  totalcount="4" value="??"/>
<sequence id="EBOV|468_EMLH|KU296773|SLE|x|2015-01-29"  taxon="EBOV|468_EMLH|KU296773|SLE|x|2015-01-29"  totalcount="4" value="??"/>
<sequence id="EBOV|442_EMLH|KU296375|SLE||2015-01-26"  taxon="EBOV|442_EMLH|KU296375|SLE||2015-01-26"  totalcount="4" value="??"/>
<sequence id="EBOV|77574_EMLK|KU296700|SLE||2015-01-03"  taxon="EBOV|77574_EMLK|KU296700|SLE||2015-01-03"  totalcount="4" value="??"/>
<sequence id="EBOV|KT4695|KU296549|SLE|WesternRural|2015-02-04"  taxon="EBOV|KT4695|KU296549|SLE|WesternRural|2015-02-04"  totalcount="4" value="??"/>
<sequence id="EBOV|489_EMLH|KU296324|SLE|WesternRural|2015-01-30"  taxon="EBOV|489_EMLH|KU296324|SLE|WesternRural|2015-01-30"  totalcount="4" value="??"/>
<sequence id="EBOV|KT5073|KU296553|SLE|x|2015-02-16"  taxon="EBOV|KT5073|KU296553|SLE|x|2015-02-16"  totalcount="4" value="??"/>
<sequence id="EBOV|KT4609|KU296622|SLE||2015-01-31"  taxon="EBOV|KT4609|KU296622|SLE||2015-01-31"  totalcount="4" value="??"/>
<sequence id="EBOV|20144610|KR653270|SLE|Tonkolili|2014-11-12"  taxon="EBOV|20144610|KR653270|SLE|Tonkolili|2014-11-12"  totalcount="4" value="??"/>
<sequence id="EBOV|20143753|KR653236|SLE|Tonkolili|2014-11-05"  taxon="EBOV|20143753|KR653236|SLE|Tonkolili|2014-11-05"  totalcount="4" value="??"/>
<sequence id="EBOV|MK0367|KU296770|SLE|Bombali|2014-12-21"  taxon="EBOV|MK0367|KU296770|SLE|Bombali|2014-12-21"  totalcount="4" value="??"/>
<sequence id="EBOV|MK0045|KU296776|SLE|Bombali|2014-12-09"  taxon="EBOV|MK0045|KU296776|SLE|Bombali|2014-12-09"  totalcount="4" value="??"/>
<sequence id="EBOV|MK1036|KU296834|SLE|Bombali|2015-01-11"  taxon="EBOV|MK1036|KU296834|SLE|Bombali|2015-01-11"  totalcount="4" value="??"/>
<sequence id="EBOV|MK1320|KU296354|SLE|Bombali|2015-01-20"  taxon="EBOV|MK1320|KU296354|SLE|Bombali|2015-01-20"  totalcount="4" value="??"/>
<sequence id="EBOV|MK0365|KU296406|SLE|Bombali|2014-12-21"  taxon="EBOV|MK0365|KU296406|SLE|Bombali|2014-12-21"  totalcount="4" value="??"/>
<sequence id="EBOV|MK0364|KU296453|SLE|Bombali|2014-12-21"  taxon="EBOV|MK0364|KU296453|SLE|Bombali|2014-12-21"  totalcount="4" value="??"/>
<sequence id="EBOV|MK0434|KU296554|SLE|Bombali|2014-12-23"  taxon="EBOV|MK0434|KU296554|SLE|Bombali|2014-12-23"  totalcount="4" value="??"/>
<sequence id="EBOV|MK0857|KU296789|SLE|x|2015-01-05"  taxon="EBOV|MK0857|KU296789|SLE|x|2015-01-05"  totalcount="4" value="??"/>
<sequence id="EBOV|MK0369|KU296413|SLE|Bombali|2014-12-21"  taxon="EBOV|MK0369|KU296413|SLE|Bombali|2014-12-21"  totalcount="4" value="??"/>
<sequence id="EBOV|MK0388|KU296630|SLE|Bombali|2014-12-22"  taxon="EBOV|MK0388|KU296630|SLE|Bombali|2014-12-22"  totalcount="4" value="??"/>
<sequence id="EBOV|MK0723|KU296610|SLE||2015-01-01"  taxon="EBOV|MK0723|KU296610|SLE||2015-01-01"  totalcount="4" value="??"/>
<sequence id="EBOV|MK0549|KU296825|SLE|Bombali|2014-12-27"  taxon="EBOV|MK0549|KU296825|SLE|Bombali|2014-12-27"  totalcount="4" value="??"/>
<sequence id="EBOV|MK0869|KU296534|SLE|Bombali|2015-01-05"  taxon="EBOV|MK0869|KU296534|SLE|Bombali|2015-01-05"  totalcount="4" value="??"/>
<sequence id="EBOV|J0096|KP759654|SLE|WesternUrban|2014-10-27"  taxon="EBOV|J0096|KP759654|SLE|WesternUrban|2014-10-27"  totalcount="4" value="??"/>
<sequence id="EBOV|J0020|KP759755|SLE|Bombali|2014-09-25"  taxon="EBOV|J0020|KP759755|SLE|Bombali|2014-09-25"  totalcount="4" value="??"/>
<sequence id="EBOV|MK0709|KU296373|SLE|Tonkolili|2014-12-31"  taxon="EBOV|MK0709|KU296373|SLE|Tonkolili|2014-12-31"  totalcount="4" value="??"/>
<sequence id="EBOV|1365|KR534554|GIN|Forecariah|2014-10-09"  taxon="EBOV|1365|KR534554|GIN|Forecariah|2014-10-09"  totalcount="4" value="??"/>
<sequence id="EBOV|G5296.1|KR105303|SLE|x|2014-08-25"  taxon="EBOV|G5296.1|KR105303|SLE|x|2014-08-25"  totalcount="4" value="??"/>
<sequence id="EBOV|20145835|KR653295|SLE|Tonkolili|2014-11-25"  taxon="EBOV|20145835|KR653295|SLE|Tonkolili|2014-11-25"  totalcount="4" value="??"/>
<sequence id="EBOV|KT2641|KU296709|SLE|x|2014-12-12"  taxon="EBOV|KT2641|KU296709|SLE|x|2014-12-12"  totalcount="4" value="??"/>
<sequence id="EBOV|KT4801|KU296722|SLE|x|2015-02-10"  taxon="EBOV|KT4801|KU296722|SLE|x|2015-02-10"  totalcount="4" value="??"/>
<sequence id="EBOV|MK0085|KU296738|SLE|Bombali|2014-12-10"  taxon="EBOV|MK0085|KU296738|SLE|Bombali|2014-12-10"  totalcount="4" value="??"/>
<sequence id="EBOV|20141497|KR653273|SLE|Bombali|2014-10-01"  taxon="EBOV|20141497|KR653273|SLE|Bombali|2014-10-01"  totalcount="4" value="??"/>
<sequence id="EBOV|G4263.1|KR105227|SLE|Kenema|2014-07-11"  taxon="EBOV|G4263.1|KR105227|SLE|Kenema|2014-07-11"  totalcount="4" value="??"/>
<sequence id="EBOV|G3829|KM233102|SLE|Kailahun|2014-06-16"  taxon="EBOV|G3829|KM233102|SLE|Kailahun|2014-06-16"  totalcount="4" value="??"/>
<sequence id="EBOV|G3889.1|KR105205|SLE|Kenema|2014-06-19"  taxon="EBOV|G3889.1|KR105205|SLE|Kenema|2014-06-19"  totalcount="4" value="??"/>
<sequence id="EBOV|G4736.1|KR105269|SLE|Kenema|2014-08-05"  taxon="EBOV|G4736.1|KR105269|SLE|Kenema|2014-08-05"  totalcount="4" value="??"/>
<sequence id="EBOV|G4730.1|KR105268|SLE|Kenema|2014-08-05"  taxon="EBOV|G4730.1|KR105268|SLE|Kenema|2014-08-05"  totalcount="4" value="??"/>
<sequence id="EBOV|G4423.1|KR105251|SLE|Kailahun|2014-07-19"  taxon="EBOV|G4423.1|KR105251|SLE|Kailahun|2014-07-19"  totalcount="4" value="??"/>
<sequence id="EBOV|G4255.1|KR105226|SLE|Kailahun|2014-07-11"  taxon="EBOV|G4255.1|KR105226|SLE|Kailahun|2014-07-11"  totalcount="4" value="??"/>
<sequence id="EBOV|G4334.1|KR105237|SLE|Kenema|2014-07-14"  taxon="EBOV|G4334.1|KR105237|SLE|Kenema|2014-07-14"  totalcount="4" value="??"/>
<sequence id="EBOV|1215|KR534584|GIN|Conakry|2014-10-02"  taxon="EBOV|1215|KR534584|GIN|Conakry|2014-10-02"  totalcount="4" value="??"/>
<sequence id="EBOV|20140590|KR653278|SLE|Kenema|2014-09-07"  taxon="EBOV|20140590|KR653278|SLE|Kenema|2014-09-07"  totalcount="4" value="??"/>
<sequence id="EBOV|G3825|KM233098|SLE|Kailahun|2014-06-16"  taxon="EBOV|G3825|KM233098|SLE|Kailahun|2014-06-16"  totalcount="4" value="??"/>
<sequence id="EBOV|1105|KR534579|GIN|Conakry|2014-09-24"  taxon="EBOV|1105|KR534579|GIN|Conakry|2014-09-24"  totalcount="4" value="??"/>
<sequence id="EBOV|1651|KR534570|GIN|Conakry|2014-10-24"  taxon="EBOV|1651|KR534570|GIN|Conakry|2014-10-24"  totalcount="4" value="??"/>
<sequence id="EBOV|PL4094|KU296476|SLE|Kambia|2015-02-27"  taxon="EBOV|PL4094|KU296476|SLE|Kambia|2015-02-27"  totalcount="4" value="??"/>
<sequence id="EBOV|EM_COY_2015_016238||GIN|Forecariah|2015-05-03"  taxon="EBOV|EM_COY_2015_016238||GIN|Forecariah|2015-05-03"  totalcount="4" value="??"/>
<sequence id="EBOV|EM_COY_2015_014060||GIN|Dubreka|2015-03-25"  taxon="EBOV|EM_COY_2015_014060||GIN|Dubreka|2015-03-25"  totalcount="4" value="??"/>
<sequence id="EBOV|EM-FORE_2015_1160||GIN|Forecariah|2015-07-13"  taxon="EBOV|EM-FORE_2015_1160||GIN|Forecariah|2015-07-13"  totalcount="4" value="??"/>
<sequence id="EBOV|EM-FORE-2015-664||GIN|Forecariah|2015-06-04"  taxon="EBOV|EM-FORE-2015-664||GIN|Forecariah|2015-06-04"  totalcount="4" value="??"/>
<sequence id="EBOV|EM-FORE-2015-669||GIN|Forecariah|2015-06-05"  taxon="EBOV|EM-FORE-2015-669||GIN|Forecariah|2015-06-05"  totalcount="4" value="??"/>
<sequence id="EBOV|EM_FORE_2015_697||GIN|Forecariah|2015-06-07"  taxon="EBOV|EM_FORE_2015_697||GIN|Forecariah|2015-06-07"  totalcount="4" value="??"/>
<sequence id="EBOV|EM_FORE_2015_1024||GIN|Forecariah|2015-06-29"  taxon="EBOV|EM_FORE_2015_1024||GIN|Forecariah|2015-06-29"  totalcount="4" value="??"/>
<sequence id="EBOV|EM_FORE_2015_1023||GIN|Forecariah|2015-06-29"  taxon="EBOV|EM_FORE_2015_1023||GIN|Forecariah|2015-06-29"  totalcount="4" value="??"/>
<sequence id="EBOV|EM_FORE_2015_1076||GIN|Forecariah|2015-07-01"  taxon="EBOV|EM_FORE_2015_1076||GIN|Forecariah|2015-07-01"  totalcount="4" value="??"/>
<sequence id="EBOV|REDC-GUI-2015-00497||GIN|Conakry|2015-07-12"  taxon="EBOV|REDC-GUI-2015-00497||GIN|Conakry|2015-07-12"  totalcount="4" value="??"/>
<sequence id="EBOV|EM_FORE_2015_934||GIN|Forecariah|2015-06-23"  taxon="EBOV|EM_FORE_2015_934||GIN|Forecariah|2015-06-23"  totalcount="4" value="??"/>
<sequence id="EBOV|EM_FORE_2015_1140||GIN|Forecariah|2015-07-03"  taxon="EBOV|EM_FORE_2015_1140||GIN|Forecariah|2015-07-03"  totalcount="4" value="??"/>
<sequence id="EBOV|EM_FORE_2015_1047||GIN|Forecariah|2015-06-30"  taxon="EBOV|EM_FORE_2015_1047||GIN|Forecariah|2015-06-30"  totalcount="4" value="??"/>
<sequence id="EBOV|EM-FORE-2015-1414||GIN|Forecariah|2015-07-13"  taxon="EBOV|EM-FORE-2015-1414||GIN|Forecariah|2015-07-13"  totalcount="4" value="??"/>
<sequence id="EBOV|EM_COY_2015_016278||GIN|Forecariah|2015-05-05"  taxon="EBOV|EM_COY_2015_016278||GIN|Forecariah|2015-05-05"  totalcount="4" value="??"/>
<sequence id="EBOV|EM_COY_2015_015980||GIN|Forecariah|2015-04-20"  taxon="EBOV|EM_COY_2015_015980||GIN|Forecariah|2015-04-20"  totalcount="4" value="??"/>
<sequence id="EBOV|EM_COY_2015_023888||GIN|Dubreka|2015-09-15"  taxon="EBOV|EM_COY_2015_023888||GIN|Dubreka|2015-09-15"  totalcount="4" value="??"/>
<sequence id="EBOV|REDC-GUI-2015-00502||GIN|Conakry|2015-07-13"  taxon="EBOV|REDC-GUI-2015-00502||GIN|Conakry|2015-07-13"  totalcount="4" value="??"/>
<sequence id="EBOV|REDC_GUI_2015_01285||GIN|Conakry|2015-08-24"  taxon="EBOV|REDC_GUI_2015_01285||GIN|Conakry|2015-08-24"  totalcount="4" value="??"/>
<sequence id="EBOV|CON-10193||GIN|Conakry|2015-08-03"  taxon="EBOV|CON-10193||GIN|Conakry|2015-08-03"  totalcount="4" value="??"/>
<sequence id="EBOV|REDC_GUI_2015_00494B||GIN|Conakry|2015-07-12"  taxon="EBOV|REDC_GUI_2015_00494B||GIN|Conakry|2015-07-12"  totalcount="4" value="??"/>
<sequence id="EBOV|REDC_GUI_2015_00483||GIN|Conakry|2015-07-12"  taxon="EBOV|REDC_GUI_2015_00483||GIN|Conakry|2015-07-12"  totalcount="4" value="??"/>
<sequence id="EBOV|REDC_GUI_2015_00545||GIN|Conakry|2015-07-15"  taxon="EBOV|REDC_GUI_2015_00545||GIN|Conakry|2015-07-15"  totalcount="4" value="??"/>
<sequence id="EBOV|EM_GUI_2015_004674||GIN|Siguiri|2015-03-26"  taxon="EBOV|EM_GUI_2015_004674||GIN|Siguiri|2015-03-26"  totalcount="4" value="??"/>
<sequence id="EBOV|14750_EML|KU296459|SLE|Kambia|2015-04-20"  taxon="EBOV|14750_EML|KU296459|SLE|Kambia|2015-04-20"  totalcount="4" value="??"/>
<sequence id="EBOV|PL5361|KU296415|SLE|Kambia|2015-03-26"  taxon="EBOV|PL5361|KU296415|SLE|Kambia|2015-03-26"  totalcount="4" value="??"/>
<sequence id="EBOV|PL4347|KU296720|SLE|Kambia|2015-03-04"  taxon="EBOV|PL4347|KU296720|SLE|Kambia|2015-03-04"  totalcount="4" value="??"/>
<sequence id="EBOV|742|KR534587|GIN|Conakry|2014-08-26"  taxon="EBOV|742|KR534587|GIN|Conakry|2014-08-26"  totalcount="4" value="??"/>
<sequence id="EBOV|684|KR534517|GIN|Conakry|2014-08-20"  taxon="EBOV|684|KR534517|GIN|Conakry|2014-08-20"  totalcount="4" value="??"/>
<sequence id="EBOV|G5064.1|KR105297|SLE|Moyamba|2014-08-17"  taxon="EBOV|G5064.1|KR105297|SLE|Moyamba|2014-08-17"  totalcount="4" value="??"/>
<sequence id="EBOV|955|KR534524|GIN|Coyah|2014-09-11"  taxon="EBOV|955|KR534524|GIN|Coyah|2014-09-11"  totalcount="4" value="??"/>
<sequence id="EBOV|1039|KR534578|GIN|Conakry|2014-09-19"  taxon="EBOV|1039|KR534578|GIN|Conakry|2014-09-19"  totalcount="4" value="??"/>
<sequence id="EBOV|J0168|KP759705|SLE|WesternArea|2014-11-11"  taxon="EBOV|J0168|KP759705|SLE|WesternArea|2014-11-11"  totalcount="4" value="??"/>
<sequence id="EBOV|J0032|KP759691|SLE|PortLoko|2014-09-30"  taxon="EBOV|J0032|KP759691|SLE|PortLoko|2014-09-30"  totalcount="4" value="??"/>
<sequence id="EBOV|J0074|KP759739|SLE|WesternRural|2014-10-13"  taxon="EBOV|J0074|KP759739|SLE|WesternRural|2014-10-13"  totalcount="4" value="??"/>
<sequence id="EBOV|J0079|KP759748|SLE|WesternRural|2014-10-16"  taxon="EBOV|J0079|KP759748|SLE|WesternRural|2014-10-16"  totalcount="4" value="??"/>
<sequence id="EBOV|J0103|KP759658|SLE|PortLoko|2014-10-29"  taxon="EBOV|J0103|KP759658|SLE|PortLoko|2014-10-29"  totalcount="4" value="??"/>
<sequence id="EBOV|J0104|KP759765|SLE|PortLoko|2014-10-29"  taxon="EBOV|J0104|KP759765|SLE|PortLoko|2014-10-29"  totalcount="4" value="??"/>
<sequence id="EBOV|J0038|KP759618|SLE|PortLoko|2014-09-30"  taxon="EBOV|J0038|KP759618|SLE|PortLoko|2014-09-30"  totalcount="4" value="??"/>
<sequence id="EBOV|20144865|KR653231|SLE|PortLoko|2014-11-13"  taxon="EBOV|20144865|KR653231|SLE|PortLoko|2014-11-13"  totalcount="4" value="??"/>
<sequence id="EBOV|J0088|KP759648|SLE|PortLoko|2014-10-20"  taxon="EBOV|J0088|KP759648|SLE|PortLoko|2014-10-20"  totalcount="4" value="??"/>
<sequence id="EBOV|77724_EMLK|KU296656|SLE|x|2015-01-10"  taxon="EBOV|77724_EMLK|KU296656|SLE|x|2015-01-10"  totalcount="4" value="??"/>
<sequence id="EBOV|77582_EMLK|KU296816|SLE|WesternUrban|2015-01-03"  taxon="EBOV|77582_EMLK|KU296816|SLE|WesternUrban|2015-01-03"  totalcount="4" value="??"/>
<sequence id="EBOV|J0164|KP759623|SLE|WesternRural|2014-11-09"  taxon="EBOV|J0164|KP759623|SLE|WesternRural|2014-11-09"  totalcount="4" value="??"/>
<sequence id="EBOV|J0030|KP759606|SLE|PortLoko|2014-10-03"  taxon="EBOV|J0030|KP759606|SLE|PortLoko|2014-10-03"  totalcount="4" value="??"/>
<sequence id="EBOV|PL5201|KU296612|SLE|PortLoko|2015-03-23"  taxon="EBOV|PL5201|KU296612|SLE|PortLoko|2015-03-23"  totalcount="4" value="??"/>
<sequence id="EBOV|PL4322|KU296677|SLE|PortLoko|2015-03-05"  taxon="EBOV|PL4322|KU296677|SLE|PortLoko|2015-03-05"  totalcount="4" value="??"/>
<sequence id="EBOV|PL4127|KU296529|SLE|PortLoko|2015-02-28"  taxon="EBOV|PL4127|KU296529|SLE|PortLoko|2015-02-28"  totalcount="4" value="??"/>
<sequence id="EBOV|Makona-GE1|KP728283|SLE|WesternArea|2014-11-21"  taxon="EBOV|Makona-GE1|KP728283|SLE|WesternArea|2014-11-21"  totalcount="4" value="??"/>
<sequence id="EBOV|J0049|KP759717|SLE|PortLoko|2014-10-07"  taxon="EBOV|J0049|KP759717|SLE|PortLoko|2014-10-07"  totalcount="4" value="??"/>
<sequence id="EBOV|J0115|KP759597|SLE|PortLoko|2014-10-29"  taxon="EBOV|J0115|KP759597|SLE|PortLoko|2014-10-29"  totalcount="4" value="??"/>
<sequence id="EBOV|J0061|KP759637|SLE|PortLoko|2014-10-10"  taxon="EBOV|J0061|KP759637|SLE|PortLoko|2014-10-10"  totalcount="4" value="??"/>
<sequence id="EBOV|J0142|KP759690|SLE|WesternUrban|2014-11-03"  taxon="EBOV|J0142|KP759690|SLE|WesternUrban|2014-11-03"  totalcount="4" value="??"/>
<sequence id="EBOV|KT5388|KU296355|SLE|WesternRural|2015-02-25"  taxon="EBOV|KT5388|KU296355|SLE|WesternRural|2015-02-25"  totalcount="4" value="??"/>
<sequence id="EBOV|J0158|KP759700|SLE|WesternRural|2014-11-08"  taxon="EBOV|J0158|KP759700|SLE|WesternRural|2014-11-08"  totalcount="4" value="??"/>
<sequence id="EBOV|J0120|KP759599|SLE|WesternRural|2014-10-30"  taxon="EBOV|J0120|KP759599|SLE|WesternRural|2014-10-30"  totalcount="4" value="??"/>
<sequence id="EBOV|J0071|KP759736|SLE|PortLoko|2014-10-09"  taxon="EBOV|J0071|KP759736|SLE|PortLoko|2014-10-09"  totalcount="4" value="??"/>
<sequence id="EBOV|J0058|KP759724|SLE|PortLoko|2014-10-08"  taxon="EBOV|J0058|KP759724|SLE|PortLoko|2014-10-08"  totalcount="4" value="??"/>
<sequence id="EBOV|J0083|KP759752|SLE|PortLoko|2014-10-18"  taxon="EBOV|J0083|KP759752|SLE|PortLoko|2014-10-18"  totalcount="4" value="??"/>
<sequence id="EBOV|J0033|KP759692|SLE|PortLoko|2014-10-03"  taxon="EBOV|J0033|KP759692|SLE|PortLoko|2014-10-03"  totalcount="4" value="??"/>
<sequence id="EBOV|J0119|KP759667|SLE|WesternUrban|2014-10-30"  taxon="EBOV|J0119|KP759667|SLE|WesternUrban|2014-10-30"  totalcount="4" value="??"/>
<sequence id="EBOV|G5996.1|KR105337|SLE|x|2014-09-25"  taxon="EBOV|G5996.1|KR105337|SLE|x|2014-09-25"  totalcount="4" value="??"/>
<sequence id="EBOV|MK1156|KU296605|SLE|Bombali|2015-01-15"  taxon="EBOV|MK1156|KU296605|SLE|Bombali|2015-01-15"  totalcount="4" value="??"/>
<sequence id="EBOV|DML12458|KT357823|SLE|WesternUrban|2015-03-28"  taxon="EBOV|DML12458|KT357823|SLE|WesternUrban|2015-03-28"  totalcount="4" value="??"/>
<sequence id="EBOV|J0145|KP759693|SLE|WesternRural|2014-11-06"  taxon="EBOV|J0145|KP759693|SLE|WesternRural|2014-11-06"  totalcount="4" value="??"/>
<sequence id="EBOV|J0125|KP759674|SLE|WesternRural|2014-10-31"  taxon="EBOV|J0125|KP759674|SLE|WesternRural|2014-10-31"  totalcount="4" value="??"/>
<sequence id="EBOV|J0046|KP759715|SLE|WesternRural|2014-10-07"  taxon="EBOV|J0046|KP759715|SLE|WesternRural|2014-10-07"  totalcount="4" value="??"/>
<sequence id="EBOV|G6089.1|KR105345|SLE|Tonkolili|2014-09-27"  taxon="EBOV|G6089.1|KR105345|SLE|Tonkolili|2014-09-27"  totalcount="4" value="??"/>
<sequence id="EBOV|MK2656|KU296577|SLE|Koinadugu|2015-03-03"  taxon="EBOV|MK2656|KU296577|SLE|Koinadugu|2015-03-03"  totalcount="4" value="??"/>
<sequence id="EBOV|G6095.1|KR105347|SLE|Tonkolili|2014-09-27"  taxon="EBOV|G6095.1|KR105347|SLE|Tonkolili|2014-09-27"  totalcount="4" value="??"/>
<sequence id="EBOV|MK0864|KU296334|SLE|x|2015-01-05"  taxon="EBOV|MK0864|KU296334|SLE|x|2015-01-05"  totalcount="4" value="??"/>
<sequence id="EBOV|75711_EMLH|KU296596|SLE|WesternUrban|2015-01-15"  taxon="EBOV|75711_EMLH|KU296596|SLE|WesternUrban|2015-01-15"  totalcount="4" value="??"/>
<sequence id="EBOV|J0034|KP759608|SLE|PortLoko|2014-09-30"  taxon="EBOV|J0034|KP759608|SLE|PortLoko|2014-09-30"  totalcount="4" value="??"/>
<sequence id="EBOV|J0175|KP759709|SLE|WesternArea|2014-11-11"  taxon="EBOV|J0175|KP759709|SLE|WesternArea|2014-11-11"  totalcount="4" value="??"/>
<sequence id="EBOV|LIBR10113|KT725367|LBR|x|2014-08-20"  taxon="EBOV|LIBR10113|KT725367|LBR|x|2014-08-20"  totalcount="4" value="??"/>
<sequence id="EBOV|CDC-NIH-2313||LBR|Montserrado|2014-10-10"  taxon="EBOV|CDC-NIH-2313||LBR|Montserrado|2014-10-10"  totalcount="4" value="??"/>
<sequence id="EBOV|LIBR10056|KT725276|LBR|Margibi|2014-09-23"  taxon="EBOV|LIBR10056|KT725276|LBR|Margibi|2014-09-23"  totalcount="4" value="??"/>
<sequence id="EBOV|LIBR10230|KT725354|LBR|Montserrado|2014-09-26"  taxon="EBOV|LIBR10230|KT725354|LBR|Montserrado|2014-09-26"  totalcount="4" value="??"/>
<sequence id="EBOV|LIBR10021|KT725335|LBR|x|2014-08-18"  taxon="EBOV|LIBR10021|KT725335|LBR|x|2014-08-18"  totalcount="4" value="??"/>
<sequence id="EBOV|EM_000958|KR817084|GIN|Nzerekore|2014-09-30"  taxon="EBOV|EM_000958|KR817084|GIN|Nzerekore|2014-09-30"  totalcount="4" value="??"/>
<sequence id="EBOV|LIBR10060|KT725357|LBR|Montserrado|2014-09-23"  taxon="EBOV|LIBR10060|KT725357|LBR|Montserrado|2014-09-23"  totalcount="4" value="??"/>
<sequence id="EBOV|CDC-NIH-257||LBR|Montserrado|2014-08-27"  taxon="EBOV|CDC-NIH-257||LBR|Montserrado|2014-08-27"  totalcount="4" value="??"/>
<sequence id="EBOV|LIBR10087|KT725346|LBR|Margibi|2014-08-26"  taxon="EBOV|LIBR10087|KT725346|LBR|Margibi|2014-08-26"  totalcount="4" value="??"/>
<sequence id="EBOV|201403007|KP178538|LBR|x|2014-08-03"  taxon="EBOV|201403007|KP178538|LBR|x|2014-08-03"  totalcount="4" value="??"/>
<sequence id="EBOV|EM_000028|KR817069|GIN|Macenta|2014-09-01"  taxon="EBOV|EM_000028|KR817069|GIN|Macenta|2014-09-01"  totalcount="4" value="??"/>
<sequence id="EBOV|EM_000321|KR817074|GIN|Macenta|2014-09-09"  taxon="EBOV|EM_000321|KR817074|GIN|Macenta|2014-09-09"  totalcount="4" value="??"/>
<sequence id="EBOV|1371|KR534555|GIN|Conakry|2014-10-10"  taxon="EBOV|1371|KR534555|GIN|Conakry|2014-10-10"  totalcount="4" value="??"/>
<sequence id="EBOV|EM_078608|KR817164|GIN|Macenta|2014-12-04"  taxon="EBOV|EM_078608|KR817164|GIN|Macenta|2014-12-04"  totalcount="4" value="??"/>
<sequence id="EBOV|CDC-NIH-683||LBR|Montserrado|2014-09-06"  taxon="EBOV|CDC-NIH-683||LBR|Montserrado|2014-09-06"  totalcount="4" value="??"/>
<sequence id="EBOV|EM_074438|KR817118|GIN|Nzerekore|2014-08-01"  taxon="EBOV|EM_074438|KR817118|GIN|Nzerekore|2014-08-01"  totalcount="4" value="??"/>
<sequence id="EBOV|EM_000219|KR817073|GIN|Macenta|2014-09-07"  taxon="EBOV|EM_000219|KR817073|GIN|Macenta|2014-09-07"  totalcount="4" value="??"/>
<sequence id="EBOV|EM_080067|KR817234|LBR|x|2014-06-20"  taxon="EBOV|EM_080067|KR817234|LBR|x|2014-06-20"  totalcount="4" value="??"/>
<sequence id="EBOV|G4437.1|KR105255|SLE|Kenema|2014-07-20"  taxon="EBOV|G4437.1|KR105255|SLE|Kenema|2014-07-20"  totalcount="4" value="??"/>
<sequence id="EBOV|20140517|KR653263|SLE|Kailahun|2014-09-05"  taxon="EBOV|20140517|KR653263|SLE|Kailahun|2014-09-05"  totalcount="4" value="??"/>
<sequence id="EBOV|G3972.1|KR105212|SLE|x|2014-06-24"  taxon="EBOV|G3972.1|KR105212|SLE|x|2014-06-24"  totalcount="4" value="??"/>
<sequence id="EBOV|LIBR10209|KT725371|LBR|Montserrado|2014-09-19"  taxon="EBOV|LIBR10209|KT725371|LBR|Montserrado|2014-09-19"  totalcount="4" value="??"/>
<sequence id="EBOV|LIBR10135|KT725260|LBR|x|2014-09-07"  taxon="EBOV|LIBR10135|KT725260|LBR|x|2014-09-07"  totalcount="4" value="??"/>
<sequence id="EBOV|LIBR10210|KT725321|LBR|Montserrado|2014-09-19"  taxon="EBOV|LIBR10210|KT725321|LBR|Montserrado|2014-09-19"  totalcount="4" value="??"/>
<sequence id="EBOV|LIBR0605|KR006958|LBR|Montserrado|2014-12-20"  taxon="EBOV|LIBR0605|KR006958|LBR|Montserrado|2014-12-20"  totalcount="4" value="??"/>
<sequence id="EBOV|LIBR0423|KR006954|LBR|Montserrado|2014-12-03"  taxon="EBOV|LIBR0423|KR006954|LBR|Montserrado|2014-12-03"  totalcount="4" value="??"/>
<sequence id="EBOV|LIBR10195|KT725264|LBR|x|2014-08-26"  taxon="EBOV|LIBR10195|KT725264|LBR|x|2014-08-26"  totalcount="4" value="??"/>
<sequence id="EBOV|LIBR10201|KT725306|LBR|Montserrado|2014-08-27"  taxon="EBOV|LIBR10201|KT725306|LBR|Montserrado|2014-08-27"  totalcount="4" value="??"/>
<sequence id="EBOV|LIBR10037|KT725311|LBR|x|2014-08-10"  taxon="EBOV|LIBR10037|KT725311|LBR|x|2014-08-10"  totalcount="4" value="??"/>
<sequence id="EBOV|G3679|KM034558|SLE|Kailahun|2014-05-28"  taxon="EBOV|G3679|KM034558|SLE|Kailahun|2014-05-28"  totalcount="4" value="??"/>
<sequence id="EBOV|EM096|KM034551|SLE|Kailahun|2014-05-26"  taxon="EBOV|EM096|KM034551|SLE|Kailahun|2014-05-26"  totalcount="4" value="??"/>
<sequence id="EBOV|EM_080223|KR817241|LBR|x|2014-07-04"  taxon="EBOV|EM_080223|KR817241|LBR|x|2014-07-04"  totalcount="4" value="??"/>
<sequence id="EBOV|G3769|KM233065|SLE|Kailahun|2014-06-12"  taxon="EBOV|G3769|KM233065|SLE|Kailahun|2014-06-12"  totalcount="4" value="??"/>
<sequence id="EBOV|G3810|KM233087|SLE|Kailahun|2014-06-15"  taxon="EBOV|G3810|KM233087|SLE|Kailahun|2014-06-15"  totalcount="4" value="??"/>
<sequence id="EBOV|G3820|KM233094|SLE|Kailahun|2014-06-15"  taxon="EBOV|G3820|KM233094|SLE|Kailahun|2014-06-15"  totalcount="4" value="??"/>
<sequence id="EBOV|LIBR10025|KT725315|LBR|Margibi|2014-08-16"  taxon="EBOV|LIBR10025|KT725315|LBR|Margibi|2014-08-16"  totalcount="4" value="??"/>
<sequence id="EBOV|LIBR0993|KR006960|LBR|Montserrado|2015-01-20"  taxon="EBOV|LIBR0993|KR006960|LBR|Montserrado|2015-01-20"  totalcount="4" value="??"/>
<sequence id="EBOV|LIBR10237|KT725275|LBR|x|2014-07-11"  taxon="EBOV|LIBR10237|KT725275|LBR|x|2014-07-11"  totalcount="4" value="??"/>
<sequence id="EBOV|LIBR10250|KT725360|LBR|x|2014-06-23"  taxon="EBOV|LIBR10250|KT725360|LBR|x|2014-06-23"  totalcount="4" value="??"/>
<sequence id="EBOV|LIBR10240|KT725320|LBR|x|2014-06-24"  taxon="EBOV|LIBR10240|KT725320|LBR|x|2014-06-24"  totalcount="4" value="??"/>
<sequence id="EBOV|LIBR10202|KT725356|LBR|Montserrado|2014-08-27"  taxon="EBOV|LIBR10202|KT725356|LBR|Montserrado|2014-08-27"  totalcount="4" value="??"/>
<sequence id="EBOV|LIBR0115|KT725254|LBR|GrandBassa|2014-11-10"  taxon="EBOV|LIBR0115|KT725254|LBR|GrandBassa|2014-11-10"  totalcount="4" value="??"/>
<sequence id="EBOV|LIBR10022|KT725378|LBR|x|2014-08-16"  taxon="EBOV|LIBR10022|KT725378|LBR|x|2014-08-16"  totalcount="4" value="??"/>
<sequence id="EBOV|LIBR11079|KT725372|LBR|Montserrado|2014-10-02"  taxon="EBOV|LIBR11079|KT725372|LBR|Montserrado|2014-10-02"  totalcount="4" value="??"/>
<sequence id="EBOV|LIBR10047|KT725345|LBR|Margibi|2014-10-01"  taxon="EBOV|LIBR10047|KT725345|LBR|Margibi|2014-10-01"  totalcount="4" value="??"/>
<sequence id="EBOV|LIBR0159|KT725327|LBR|Montserrado|2014-11-13"  taxon="EBOV|LIBR0159|KT725327|LBR|Montserrado|2014-11-13"  totalcount="4" value="??"/>
<sequence id="EBOV|LIBR10238|KT725322|LBR|x|2014-07-18"  taxon="EBOV|LIBR10238|KT725322|LBR|x|2014-07-18"  totalcount="4" value="??"/>
<sequence id="EBOV|LIBR10249|KT725388|LBR|x|2014-07-04"  taxon="EBOV|LIBR10249|KT725388|LBR|x|2014-07-04"  totalcount="4" value="??"/>
<sequence id="EBOV|LIBR10239|KT725324|LBR|x|2014-07-19"  taxon="EBOV|LIBR10239|KT725324|LBR|x|2014-07-19"  totalcount="4" value="??"/>
<sequence id="EBOV|LIBR10262|KT725285|LBR|Montserrado|2014-10-16"  taxon="EBOV|LIBR10262|KT725285|LBR|Montserrado|2014-10-16"  totalcount="4" value="??"/>
<sequence id="EBOV|LIBR10172|KT725289|LBR|x|2014-09-01"  taxon="EBOV|LIBR10172|KT725289|LBR|x|2014-09-01"  totalcount="4" value="??"/>
<sequence id="EBOV|LIBR10212|KT725373|LBR|x|2014-09-19"  taxon="EBOV|LIBR10212|KT725373|LBR|x|2014-09-19"  totalcount="4" value="??"/>
<sequence id="EBOV|EM_080165|KR817238|SLE|Kailahun|2014-06-26"  taxon="EBOV|EM_080165|KR817238|SLE|Kailahun|2014-06-26"  totalcount="4" value="??"/>
<sequence id="EBOV|G3787|KM233074|SLE|Kailahun|2014-06-14"  taxon="EBOV|G3787|KM233074|SLE|Kailahun|2014-06-14"  totalcount="4" value="??"/>
<sequence id="EBOV|G3831|KM233103|SLE|Kailahun|2014-06-16"  taxon="EBOV|G3831|KM233103|SLE|Kailahun|2014-06-16"  totalcount="4" value="??"/>
<sequence id="EBOV|EM_004580|KR817105|GIN|Faranah|2015-01-27"  taxon="EBOV|EM_004580|KR817105|GIN|Faranah|2015-01-27"  totalcount="4" value="??"/>
<sequence id="EBOV|EM_076948|KR817157|GIN|Gueckedou|2014-11-13"  taxon="EBOV|EM_076948|KR817157|GIN|Gueckedou|2014-11-13"  totalcount="4" value="??"/>
<sequence id="EBOV|EM_074353|KR817112|LBR|Lofa|2014-07-22"  taxon="EBOV|EM_074353|KR817112|LBR|Lofa|2014-07-22"  totalcount="4" value="??"/>
<sequence id="EBOV|EM_074351|KR817110|LBR|Lofa|2014-07-22"  taxon="EBOV|EM_074351|KR817110|LBR|Lofa|2014-07-22"  totalcount="4" value="??"/>
<sequence id="EBOV|EM_074548|KR817123|LBR|Lofa|2014-08-08"  taxon="EBOV|EM_074548|KR817123|LBR|Lofa|2014-08-08"  totalcount="4" value="??"/>
<sequence id="EBOV|EM_075929|KR817136|GIN|Beyla|2014-10-10"  taxon="EBOV|EM_075929|KR817136|GIN|Beyla|2014-10-10"  totalcount="4" value="??"/>
<sequence id="EBOV|EM_076335|KR817147|GIN|Kerouane|2014-10-23"  taxon="EBOV|EM_076335|KR817147|GIN|Kerouane|2014-10-23"  totalcount="4" value="??"/>
<sequence id="EBOV|EM_078556|KR817163|GIN|Kankan|2014-12-01"  taxon="EBOV|EM_078556|KR817163|GIN|Kankan|2014-12-01"  totalcount="4" value="??"/>
<sequence id="EBOV|1454|KR534560|GIN|Conakry|2014-10-14"  taxon="EBOV|1454|KR534560|GIN|Conakry|2014-10-14"  totalcount="4" value="??"/>
<sequence id="EBOV|Makona-Mali-DPR2|KP260800|GIN|x|2014-11-12"  taxon="EBOV|Makona-Mali-DPR2|KP260800|GIN|x|2014-11-12"  totalcount="4" value="??"/>
<sequence id="EBOV|EM_004059|KR817090|GIN|Kissidougou|2014-12-20"  taxon="EBOV|EM_004059|KR817090|GIN|Kissidougou|2014-12-20"  totalcount="4" value="??"/>
<sequence id="EBOV|EM_004259|KR817094|GIN|Kissidougou|2014-12-26"  taxon="EBOV|EM_004259|KR817094|GIN|Kissidougou|2014-12-26"  totalcount="4" value="??"/>
<sequence id="EBOV|EM_078763|KR817176|GIN|Kissidougou|2014-12-17"  taxon="EBOV|EM_078763|KR817176|GIN|Kissidougou|2014-12-17"  totalcount="4" value="??"/>
<sequence id="EBOV|EM_075932|KR817139|GIN|Macenta|2014-10-10"  taxon="EBOV|EM_075932|KR817139|GIN|Macenta|2014-10-10"  totalcount="4" value="??"/>
<sequence id="EBOV|Conakry_633|KR534512|GIN|Gueckedou|2014-08-12"  taxon="EBOV|Conakry_633|KR534512|GIN|Gueckedou|2014-08-12"  totalcount="4" value="??"/>
<sequence id="EBOV|1623|KR534568|GIN|Forecariah|2014-10-24"  taxon="EBOV|1623|KR534568|GIN|Forecariah|2014-10-24"  totalcount="4" value="??"/>
<sequence id="EBOV|1568|KR534565|GIN|Forecariah|2014-10-18"  taxon="EBOV|1568|KR534565|GIN|Forecariah|2014-10-18"  totalcount="4" value="??"/>
<sequence id="EBOV|1342|KR534552|GIN|Conakry|2014-10-08"  taxon="EBOV|1342|KR534552|GIN|Conakry|2014-10-08"  totalcount="4" value="??"/>
<sequence id="EBOV|1274|KR534542|GIN|Coyah|2014-10-04"  taxon="EBOV|1274|KR534542|GIN|Coyah|2014-10-04"  totalcount="4" value="??"/>
<sequence id="EBOV|1445|KR534559|GIN|Conakry|2014-10-14"  taxon="EBOV|1445|KR534559|GIN|Conakry|2014-10-14"  totalcount="4" value="??"/>
<sequence id="EBOV|1480|KR534561|GIN|Conakry|2014-10-15"  taxon="EBOV|1480|KR534561|GIN|Conakry|2014-10-15"  totalcount="4" value="??"/>
<sequence id="EBOV|LIBR10130|KT725343|LBR|Montserrado|2014-09-01"  taxon="EBOV|LIBR10130|KT725343|LBR|Montserrado|2014-09-01"  totalcount="4" value="??"/>
<sequence id="EBOV|LIBR10137|KT725385|LBR|x|2014-09-09"  taxon="EBOV|LIBR10137|KT725385|LBR|x|2014-09-09"  totalcount="4" value="??"/>
<sequence id="EBOV|LIBR10224|KT725302|LBR|Montserrado|2014-09-26"  taxon="EBOV|LIBR10224|KT725302|LBR|Montserrado|2014-09-26"  totalcount="4" value="??"/>
<sequence id="EBOV|LIBR0503|KR006956|LBR|Sinoe|2014-12-10"  taxon="EBOV|LIBR0503|KR006956|LBR|Sinoe|2014-12-10"  totalcount="4" value="??"/>
<sequence id="EBOV|LIBR10261|KT725287|LBR|Sinoe|2014-10-14"  taxon="EBOV|LIBR10261|KT725287|LBR|Sinoe|2014-10-14"  totalcount="4" value="??"/>
<sequence id="EBOV|LIBR10110|KT725387|LBR|x|2014-08-20"  taxon="EBOV|LIBR10110|KT725387|LBR|x|2014-08-20"  totalcount="4" value="??"/>
<sequence id="EBOV|1100||GIN|Conakry|2014-09-23"  taxon="EBOV|1100||GIN|Conakry|2014-09-23"  totalcount="4" value="??"/>
<sequence id="EBOV|EM_079880|KR817220|GIN|Gueckedou|2014-06-05"  taxon="EBOV|EM_079880|KR817220|GIN|Gueckedou|2014-06-05"  totalcount="4" value="??"/>
<sequence id="EBOV|G3676|KM034554|SLE|Kailahun|2014-05-27"  taxon="EBOV|G3676|KM034554|SLE|Kailahun|2014-05-27"  totalcount="4" value="??"/>
<sequence id="EBOV|EM_074531|KR817122|GIN|Gueckedou|2014-08-08"  taxon="EBOV|EM_074531|KR817122|GIN|Gueckedou|2014-08-08"  totalcount="4" value="??"/>
<sequence id="EBOV|EM_074461|KR817120|GIN|Gueckedou|2014-08-04"  taxon="EBOV|EM_074461|KR817120|GIN|Gueckedou|2014-08-04"  totalcount="4" value="??"/>
<sequence id="EBOV|EM_079442|KR817192|GIN|Gueckedou|2014-04-03"  taxon="EBOV|EM_079442|KR817192|GIN|Gueckedou|2014-04-03"  totalcount="4" value="??"/>
<sequence id="EBOV|EM_079517|KR817198|GIN|Gueckedou|2014-04-11"  taxon="EBOV|EM_079517|KR817198|GIN|Gueckedou|2014-04-11"  totalcount="4" value="??"/>
<sequence id="EBOV|Gueckedou-C07|KJ660347|GIN|Gueckedou|2014-03-20"  taxon="EBOV|Gueckedou-C07|KJ660347|GIN|Gueckedou|2014-03-20"  totalcount="4" value="??"/>
<sequence id="EBOV|EM_079450|KR817194|LBR|x|2014-04-01"  taxon="EBOV|EM_079450|KR817194|LBR|x|2014-04-01"  totalcount="4" value="??"/>
<sequence id="EBOV|EM_079657|KR817205|GIN|Gueckedou|2014-05-07"  taxon="EBOV|EM_079657|KR817205|GIN|Gueckedou|2014-05-07"  totalcount="4" value="??"/>
<sequence id="EBOV|EM_079915|KR817226|GIN|Gueckedou|2014-06-10"  taxon="EBOV|EM_079915|KR817226|GIN|Gueckedou|2014-06-10"  totalcount="4" value="??"/>
<sequence id="EBOV|EM_079685|KR817209|GIN|Gueckedou|2014-05-11"  taxon="EBOV|EM_079685|KR817209|GIN|Gueckedou|2014-05-11"  totalcount="4" value="??"/>
<sequence id="EBOV|EM_079749|KR817212|GIN|Gueckedou|2014-05-21"  taxon="EBOV|EM_079749|KR817212|GIN|Gueckedou|2014-05-21"  totalcount="4" value="??"/>
<sequence id="EBOV|1652|KR534571|GIN|Coyah|2014-10-24"  taxon="EBOV|1652|KR534571|GIN|Coyah|2014-10-24"  totalcount="4" value="??"/>
<sequence id="EBOV|1249|KR534541|GIN|Conakry|2014-10-04"  taxon="EBOV|1249|KR534541|GIN|Conakry|2014-10-04"  totalcount="4" value="??"/>
<sequence id="EBOV|EM_COY_2015_016449||GIN|Forecariah|2015-05-11"  taxon="EBOV|EM_COY_2015_016449||GIN|Forecariah|2015-05-11"  totalcount="4" value="??"/>
<sequence id="EBOV|EM_COY_2015_017021||GIN|Fria|2015-05-25"  taxon="EBOV|EM_COY_2015_017021||GIN|Fria|2015-05-25"  totalcount="4" value="??"/>
<sequence id="EBOV|EM_COY_2015_015982||GIN|Forecariah|2015-04-20"  taxon="EBOV|EM_COY_2015_015982||GIN|Forecariah|2015-04-20"  totalcount="4" value="??"/>
<sequence id="EBOV|EM_COY_2015_016236||GIN|Forecariah|2015-05-03"  taxon="EBOV|EM_COY_2015_016236||GIN|Forecariah|2015-05-03"  totalcount="4" value="??"/>
<sequence id="EBOV|CON12930||GIN|Conakry|2015-10-13"  taxon="EBOV|CON12930||GIN|Conakry|2015-10-13"  totalcount="4" value="??"/>
<sequence id="EBOV|EM_COY_2015_014098||GIN|Conakry|2015-03-26"  taxon="EBOV|EM_COY_2015_014098||GIN|Conakry|2015-03-26"  totalcount="4" value="??"/>
<sequence id="EBOV|IPDPFHGINSP_GUI_2015_4786||GIN|Conakry|2015-03-26"  taxon="EBOV|IPDPFHGINSP_GUI_2015_4786||GIN|Conakry|2015-03-26"  totalcount="4" value="??"/>
<sequence id="EBOV|KG45||GIN|Boke|2015-06-09"  taxon="EBOV|KG45||GIN|Boke|2015-06-09"  totalcount="4" value="??"/>
<sequence id="EBOV|KG87||GIN|Boke|2015-06-19"  taxon="EBOV|KG87||GIN|Boke|2015-06-19"  totalcount="4" value="??"/>
<sequence id="EBOV|KG88||GIN|Boke|2015-06-19"  taxon="EBOV|KG88||GIN|Boke|2015-06-19"  totalcount="4" value="??"/>
<sequence id="EBOV|KG90||GIN|Boke|2015-06-19"  taxon="EBOV|KG90||GIN|Boke|2015-06-19"  totalcount="4" value="??"/>
<sequence id="EBOV|EM_COY_2015_016743||GIN|Boke|2015-05-19"  taxon="EBOV|EM_COY_2015_016743||GIN|Boke|2015-05-19"  totalcount="4" value="??"/>
<sequence id="EBOV|IPDPFHGINSP_GUI_2015_6899||GIN|Boke|2015-05-14"  taxon="EBOV|IPDPFHGINSP_GUI_2015_6899||GIN|Boke|2015-05-14"  totalcount="4" value="??"/>
<sequence id="EBOV|KG12||GIN|Boke|2015-05-27"  taxon="EBOV|KG12||GIN|Boke|2015-05-27"  totalcount="4" value="??"/>
<sequence id="EBOV|1327|KR534591|GIN|Coyah|2014-10-07"  taxon="EBOV|1327|KR534591|GIN|Coyah|2014-10-07"  totalcount="4" value="??"/>
<sequence id="EBOV|EM_079750|KR817213|GIN|Gueckedou|2014-05-21"  taxon="EBOV|EM_079750|KR817213|GIN|Gueckedou|2014-05-21"  totalcount="4" value="??"/>
<sequence id="EBOV|EM_079775|KR817216|GIN|Gueckedou|2014-05-24"  taxon="EBOV|EM_079775|KR817216|GIN|Gueckedou|2014-05-24"  totalcount="4" value="??"/>
<sequence id="EBOV|EM_079414|KR817185|GIN|Gueckedou|2014-03-31"  taxon="EBOV|EM_079414|KR817185|GIN|Gueckedou|2014-03-31"  totalcount="4" value="??"/>
 

</data>
	
	<model spec='PopModelODE' id='sirmodel' evaluator="compiled"
	     popParams='@initValues' modelParams='@rates'>
		
		<definition spec='Definition'>
			beta = max(0.0, a*t + b)
		</definition>
		
		<matrixeq spec='MatrixEquation' type="birth"  origin="I" destination="I"> 
			beta * I
		 </matrixeq> 
		
		<matrixeq spec='MatrixEquation' type="death" origin="I">
			gamma*I
		</matrixeq> 
			
		<matrixeq spec='MatrixEquation' type="nondeme" origin="R"> 
			gamma * I
		</matrixeq>
	</model>
	
	<rates spec="ModelParameters" id='rates'>	
		<param spec='ParamValue' names='gamma' values='24.33333'/>
		<param spec='ParamValue' names='a' values='@a'/>
		<param spec='ParamValue' names='b' values='@b'/>
	</rates>
	
	<trajparams id='initValues' spec='TrajectoryParameters' method="adams-bashforth" 
	            integrationSteps="1001" rTol="0.01" aTol="1.0e-4" order="3" t0="0">
			<initialValue spec="ParamValue" names='I' values='@initI0'  />
			<initialValue spec="ParamValue" names='R' values='0.0'  />
	</trajparams>
	
	<!-- ?Define tree outside state -->
	<init spec="beast.util.TreeParser" id="tree"
			taxa="@sequences" 
			adjustTipHeights="false"
			IsLabelledNewick="true"
			newick="((((((((((((((((((((((EBOV|19560R_EMLK|KU296580|SLE|Kambia|2015-07-07:0.01414025367,EBOV|20547_EMLK|KU296455|SLE|Kambia|2015-09-07:0.1840032674):0.09397628605,EBOV|15438R_EMLK|KU296353|SLE|Kambia|2015-06-14:0.0451028411):0.1470725743,EBOV|15661_EMLK|KU296822|SLE|Kambia|2015-06-28:0.2305315797):0,EBOV|15314_EMLK|KU296600|SLE|Kambia|2015-06-06:0.1702576071):0.2074846057,((((EBOV|PL7577|KU296385|SLE|PortLoko|2015-06-03:0.1356643222,EBOV|PL7511|KU296685|SLE|PortLoko|2015-06-01:0.1301848701):0.2095411573,(((EBOV|15360_EMLK|KU296399|SLE|Kambia|2015-06-08:0.2037018214,((EBOV|PL8310|KU296618|SLE|PortLoko|2015-06-21:0.05441088436,(EBOV|PL9199|KU296371|SLE|PortLoko|2015-07-13:0.002739726027,EBOV|PL9150|KU296522|SLE|PortLoko|2015-07-12:0):0.1119451309):0,EBOV|PL8128|KU296340|SLE|PortLoko|2015-06-16:0.04071225422):0.1849073754):0.03136697634,(((EBOV|PL6656|KU296523|SLE|PortLoko|2015-05-01:0.04394733261,((EBOV|PL7774|KU296589|SLE||2015-06-08:0.1480569217,EBOV|PL7773|KU296417|SLE|x|2015-06-08:0.1480569217):0,(EBOV|PL7401|KU296819|SLE|PortLoko|2015-05-27:0.06227204182,(EBOV|PL7429|KU296617|SLE|PortLoko|2015-05-29:0.06775149388,EBOV|PL7375|KU296498|SLE|PortLoko|2015-05-27:0.06227204182):0):0.0529081675):0):0,(EBOV|PL7946|KU296667|SLE|PortLoko|2015-06-12:0.1205479452,(EBOV|14846_EMLK|KU296831|SLE|Kambia|2015-04-29:0,EBOV|PL7820|KU296804|SLE|PortLoko|2015-06-09:0.1123287671):0):0.03846788056):0,EBOV|PL7685|KU296556|SLE|PortLoko|2015-06-06:0.1425774696):0.0870118761):0.1238353118,(EBOV|14743_EML|KU296298|SLE|Kambia|2015-04-19:0.2219178082,EBOV|DML24708|KT357845|SLE|Kono|2015-01-28:0):0):0):0,EBOV|15000_EMLK|KU296504|SLE|Kambia|2015-05-13:0.2876712329):0,EBOV|PL7053|KU296757|SLE|PortLoko|2015-05-15:0.2931506849):0.02431755534):0,EBOV|PL4736|KU296724|SLE|Kambia|2015-03-13:0.1448655005):0.322446717,(EBOV|J0092|KP759650|SLE|WesternRural|2014-10-25:0.08649029978,EBOV|KT5022|KU296519|SLE|WesternRural|2015-02-13:0.3905998888):0):0,EBOV|77588_EMLK|KU296801|SLE|WesternUrban|2015-01-04:0.2810108477):0.1618195358,EBOV|J0051|KP759633|SLE|WesternUrban|2014-10-07:0.1989947671):0.2242437977,EBOV|G3846|KM233109|SLE|Kailahun|2014-06-18:0.1191289757):0.0383392205,EBOV|G3952.1|KR105211|SLE|Kailahun|2014-06-25:0.1766462784):0,((((EBOV|G5647.1|KR105315|SLE|x|2014-09-11:0,EBOV|G5640.1|KR105313|SLE|x|2014-09-11:0):0,EBOV|G5644.1|KR105314|SLE|x|2014-09-11:0):0.2354852436,EBOV|G5016.1|KR105293|SLE|Kenema|2014-08-16:0.1642523668):0.1380340484,((((EBOV|G5571.1|KR105311|SLE|Kenema|2014-09-08:0.02252923007,EBOV|G5765.1|KR105326|SLE|Moyamba|2014-09-16:0.04444703829):0.2106130044,EBOV|G4433.1|KR105254|SLE|Kailahun|2014-07-20:0.09615593307):0.08769446527,(EBOV|G3809|KM233086|SLE|Kailahun|2014-06-15:0.004572851539,EBOV|G3821|KM233095|SLE|Kailahun|2014-06-15:0.004572851539):0.08338713584):0.02220097354,((((EBOV|G6060.1|KR105342|SLE|Pujehun|2014-09-25:0.04891452706,EBOV|20141643|KR653233|SLE|Pujehun|2014-10-04:0.07357206131):0.2880894275,EBOV|20140161|KR653265|SLE|Kailahun|2014-08-27:0.2575518998):0.05251352514,EBOV|G3818|KM233092|SLE|Kailahun|2014-06-15:0.1100654249):0,(EBOV|G4151.1|KR105215|SLE|Kenema|2014-07-06:0.1193357037,(EBOV|G3827|KM233101|SLE|Kailahun|2014-06-16:0.05740507774,((EBOV|NM042|KM233116|SLE|Kambia|2014-06-04:0.003077661067,(EBOV|G3819|KM233093|SLE|Kailahun|2014-06-15:0.03321464737,(EBOV|EM113|KM233040|SLE|Kailahun|2014-06-03:0.0003379350392,(EBOV|EM124|KM233045|SLE|Kailahun|2014-06-04:0.003077661067,(EBOV|EM110|KM233037|SLE|Kailahun|2014-06-03:0.0003379350392,(EBOV|G3949.1|KR105209|SLE|x|2014-06-24:0.05787218161,EBOV|G3789|KM233076|SLE|Kailahun|2014-06-14:0.03047492134):0):0):0):0):0):0,EBOV|G4254.1|KR105225|SLE|Kailahun|2014-07-11:0.1044475241):0.02145070435):0.00713610545):0.04826396776):9.553599966e-05):0.02226244063):0.01682561658):0.01498439094,((EBOV|20143317|KR653282|SLE|Bombali|2014-10-29:0.3624477048,(EBOV|J0174|KP759708|SLE|WesternArea|2014-11-11:0.3869684025,(EBOV|J0144|KP759605|SLE|Kambia|2014-11-04:0.3073414755,EBOV|J0143|KP759604|SLE|Kambia|2014-11-04:0.3073414755):0.06044884479):0.01109574063):0.03249575975,((((EBOV|75731_EMLH|KU296564|SLE|WesternUrban|2015-01-16:0.3059617255,EBOV|J0147|KP759611|SLE|WesternUrban|2014-11-07:0.1141809035):0.10081606,((((EBOV|DML24683|KT357843|SLE|Kono|2015-01-26:0.01542885427,(EBOV|DML24854|KT357851|SLE|Kono|2015-02-06:0,EBOV|DML24853|KT357850|SLE|Kono|2015-02-06:0):0.04556584057):0.3007721542,(EBOV|DML24601|KT357834|SLE|Kono|2015-01-20:0.122000917,EBOV|DML25103|KT357853|SLE|Kono|2015-02-19:0.2041926978):0.1777617353):0,EBOV|DML24720|KT357846|SLE|Kono|2015-01-29:0.3244201866):0,EBOV|DML24511|KT357828|SLE|Kono|2015-01-14:0.2833242962):0.1179740372):0.09275082296,(EBOV|20140174|KR653294|SLE|WesternUrban|2014-08-27:0.05925261509,EBOV|20141397|KR653288|SLE|Moyamba|2014-09-28:0.146923848):0.0512348974):0.07010250826,((((EBOV|508_EMLH|KU296304|SLE|WesternUrban|2015-01-31:0.4636337649,(EBOV|491_EMLH|KU296588|SLE|x|2015-01-30:0,EBOV|490_EMLH|KU296746|SLE|x|2015-01-30:0):0.4608940389):0.09701877434,EBOV|J0028|KP759683|SLE|Bombali|2014-10-02:0.2291456899):0.05007446781,EBOV|J0157|KP759699|SLE|WesternUrban|2014-11-06:0.3751105687):0,((EBOV|PL4119|KU296645|SLE|PortLoko|2015-02-28:0.1953360317,((EBOV|PL4283|KU296840|SLE|PortLoko|2015-03-03:0.04781291284,EBOV|PL4932|KU296547|SLE|PortLoko|2015-03-18:0.08890880325):0,(EBOV|PL5534|KU296784|SLE|PortLoko|2015-03-29:0.1094253516,EBOV|PL4443|KU296418|SLE|PortLoko|2015-03-07:0.04915137903):0.009620437914):0.155742297):0.06382641714,EBOV|MK0464|KU296835|SLE|x|2014-12-24:0.07834053106):0.4282768869):0):0.04175070404):0.1418926843):0,((((EBOV|G5059.1|KR105296|SLE|Kenema|2014-08-18:0.2494325323,EBOV|G4345.1|KR105239|SLE|Kenema|2014-07-18:0.1645010254):0,EBOV|G3856|KM233113|SLE|Kenema|2014-06-18:0.08230924459):0,((EBOV|20140008|KR653251|SLE|Kenema|2014-08-22:0.1123287671,(EBOV|G4312.2|KR105230|SLE|PortLoko|2014-07-12:0,EBOV|G4907.1|KR105277|SLE|Kenema|2014-08-12:0.08493150685):0):0.02130395437,(EBOV|G4960.1|KR105283|SLE|Kenema|2014-08-14:0.08657429521,(EBOV|G4942.1|KR105279|SLE|Moyamba|2014-08-12:0.08109484316,EBOV|G4837.1|KR105272|SLE|Kenema|2014-08-09:0.07287566507):0):0.02514061806):0.1267587149):0.08419747099,((EBOV|1116|KR534534|GIN|Dalaba|2014-09-24:0.3676243172,(((EBOV|J0117|KP759665|SLE|WesternRural|2014-10-31:0.212787481,(EBOV|20141582|KR653230|SLE|Bo|2014-10-04:0.1388148783,((((EBOV|KT5249|KU296601|SLE|WesternUrban|2015-02-22:0.08042465307,EBOV|12193_EMLH|KU296616|SLE|WesternUrban|2015-02-23:0.0831643791):0.01543710855,EBOV|12189_EMLH|KU296369|SLE|WesternUrban|2015-02-23:0.09860148764):0.4292544865,((EBOV|J0068|KP759732|SLE|WesternRural|2014-10-09:0.05661362614,EBOV|J0064|KP759728|SLE|WesternUrban|2014-10-09:0.05661362614):0,(EBOV|356_EMLH|KU296546|SLE|x|2015-01-21:0.3266595821,EBOV|77525_EMLK|KU296820|SLE||2014-12-30:0.2663856095):0.01488555086):0.09589988229):0,((EBOV|KT4935|KU296467|SLE|WesternRural|2015-02-11:0.3561472052,EBOV|J0091|KP759759|SLE|WesternArea|2014-10-25:0.05751706823):0.1388320566,EBOV|DML12194|KT357818|SLE|WesternUrban|2015-03-04:0.5525135084):0):0):0):0.0127894862,EBOV|J0081|KP759750|SLE|WesternRural|2014-10-16:0.1844810768):0.1817261847,((((((EBOV|MK2449|KU296466|SLE|Bombali|2015-02-26:0.08074160352,(((EBOV|MK2370|KU296760|SLE|Bombali|2015-02-25:0.06183193151,(EBOV|731_EMLH|KU296765|SLE|WesternUrban|2015-02-11:0.02347576712,(EBOV|KT5382|KU296657|SLE|WesternRural|2015-02-25:0.06183193151,EBOV|KT5859|KU296463|SLE|x|2015-03-10:0.09744836986):0):0):0,EBOV|MK2436|KU296626|SLE|Bombali|2015-02-26:0.06457165753):0.008197815321,EBOV|PL4059|KU296485|SLE|PortLoko|2015-02-26:0.07276947286):0.007972130664):0.08982108471,((((EBOV|MK2255|KU296648|SLE|Bombali|2015-02-21:0.09261942545,(((EBOV|MK2341|KU296494|SLE|Bombali|2015-02-24:0.06375324682,EBOV|MK3043|KU296474|SLE|Bombali|2015-03-14:0.1130683153):0,EBOV|12628_EMLH|KU296692|SLE|WesternRural|2015-03-23:0.1377258496):0,EBOV|MK2405|KU296542|SLE|Bombali|2015-02-25:0.06649297285):0.03708535671):0.04899099743,EBOV|MK2437|KU296469|SLE|Bombali|2015-02-26:0.155309053):0,EBOV|MK3462|KU296565|SLE|Bombali|2015-03-26:0.2320213818):0.0152536352,((((EBOV|MK2371|KU296397|SLE|Bombali|2015-02-25:0.0606892741,EBOV|MK2307|KU296536|SLE|x|2015-02-23:0.05520982204):0.04323142376,EBOV|MK2570|KU296346|SLE|Bombali|2015-03-01:0.114879602):0.01696860375,(((((((EBOV|PL4569|KU296598|SLE|PortLoko|2015-03-10:0.0370121081,EBOV|PL4696|KU296513|SLE|PortLoko|2015-03-13:0.04523128618):0.08404497595,EBOV|KT5542|KU296557|SLE|x|2015-02-20:0.07174201555):0.01682590955,(EBOV|12767_EMLH|KU296768|SLE|WesternUrban|2015-04-04:0.1484751154,EBOV|DML12137|KT357819|SLE|WesternUrban|2015-02-28:0.05258470443):0.05790102889):0,EBOV|DML12033|KT357813|SLE|WesternUrban|2015-02-19:0.08582819907):0,EBOV|MK2431|KU296562|SLE|Bombali|2015-02-25:0.1022665552):0,EBOV|MK2673|KU296749|SLE|Bombali|2015-03-03:0.1187049114):0.01862274637,((EBOV|KT4828|KU296745|SLE|x|2015-02-10:0.06850989056,EBOV|MK2717|KU296425|SLE|Bombali|2015-03-04:0.1287838632):0,EBOV|MK3183|KU296800|SLE|Bombali|2015-03-17:0.1644003015):0.01128352064):0):0.04693366059,EBOV|KT5245|KU296411|SLE|x|2015-02-22:0.1596037841):0):0):0.06888547122,EBOV|77573_EMLK|KU296516|SLE|WesternUrban|2015-01-03:0.09150295397):0.09842582594,(EBOV|KT4730|KU296416|SLE|x|2015-02-07:0.2858191909,(((EBOV|J0129|KP759600|SLE|WesternUrban|2014-11-02:0,EBOV|77558_EMLK|KU296733|SLE||2015-01-02:0.1671232877):0,EBOV|12757_EMLH|KU296468|SLE|WesternUrban|2015-04-03:0.4164383562):0,EBOV|634_EMLH|KU296799|SLE|WesternUrban|2015-02-06:0.2630136986):0.02006576621):0):0.242914037,((((EBOV|12855_EMLH|KU296723|SLE|WesternUrban|2015-04-15:0.02118317559,(((EBOV|18636_EMLH|KU296460|SLE|x|2015-07-08:0.0668410874,(EBOV|18596_EMLH|KU296715|SLE|WesternUrban|2015-07-05:0.05862190932,(EBOV|18648_EMLH|KU296701|SLE|WesternUrban|2015-07-09:0.06958081343,(EBOV|18660_EMLH|KU296838|SLE|WesternUrban|2015-07-10:0.07232053945,((EBOV|DML14366|KT357859|SLE|WesternUrban|2015-07-11:0.07050528615,EBOV|18706_EMLH|KU296599|SLE|x|2015-07-14:0.07872446423):0.004554979329,EBOV|18649_EMLH|KU296456|SLE|WesternUrban|2015-07-10:0.07232053945):0):0):0):0):0,EBOV|15070R_DML||SLE|WesternUrban|2015-08-06:0.1462931422):0.1844790745,EBOV|12916_EMLH|KU296318|SLE|WesternUrban|2015-04-29:0.05953933997):0):0,EBOV|12854_EMLH|KU296729|SLE|WesternUrban|2015-04-15:0.02118317559):0.6567790649,EBOV|J0172|KP759626|SLE|WesternRural|2014-11-11:0.2533047062):0,EBOV|20145853|KR653290|SLE|Pujehun|2014-11-26:0.2944005966):0.03433263123):0.1337856011,((((EBOV|KT5974|KU296475|SLE|x|2015-03-16:0.1561643836,(EBOV|PL2101|KU296714|SLE|PortLoko|2015-01-18:0,EBOV|PL2668|KU296294|SLE|PortLoko|2015-01-29:0.0301369863):0):0.5597235311,(((EBOV|77711_EMLK|KU296644|SLE|WesternUrban|2015-01-10:0.04564507003,(EBOV|14888_EMLK|KU296423|SLE|Kambia|2015-05-03:0.3150684932,EBOV|77677_EMLK|KU296558|SLE||2015-01-08:0):0.04016561797):0.08927600647,(EBOV|77673_EMLK|KU296458|SLE||2015-01-08:0,EBOV|77716_EMLK|KU296569|SLE|WesternUrban|2015-01-10:0.005479452055):0.1294416244):0.2352608825,EBOV|J0086|KP759646|SLE|WesternRural|2014-10-23:0.1537436028):0.1676237639):0.04800077726,(EBOV|DML25344|KT357856|SLE|Kono|2015-03-06:0.1698630137,((EBOV|762_EMLH|KU296728|SLE|x|2015-02-12:0.1095890411,EBOV|PL3984|KU296330|SLE|PortLoko|2015-02-25:0.1452054795):0,(((EBOV|468_EMLH|KU296773|SLE|x|2015-01-29:0.07123287671,(EBOV|442_EMLH|KU296375|SLE||2015-01-26:0.06301369863,EBOV|77574_EMLK|KU296700|SLE||2015-01-03:0):0):0,(EBOV|KT4695|KU296549|SLE|WesternRural|2015-02-04:0.05792663116,EBOV|489_EMLH|KU296324|SLE|WesternRural|2015-01-30:0.04422800102):0.02974460172):0,(EBOV|KT5073|KU296553|SLE|x|2015-02-16:0.05443123181,EBOV|KT4609|KU296622|SLE||2015-01-31:0.01059561537):0.0661167134):0):0):0.566628418):0,(EBOV|20144610|KR653270|SLE|Tonkolili|2014-11-12:0.01917808219,EBOV|20143753|KR653236|SLE|Tonkolili|2014-11-05:0):0.4049845824):0):0.01601719972):0.06169102824):0,((((((EBOV|MK0367|KU296770|SLE|Bombali|2014-12-21:0.1227726205,EBOV|MK0045|KU296776|SLE|Bombali|2014-12-09:0.0898959082):0.1409614609,((EBOV|MK1036|KU296834|SLE|Bombali|2015-01-11:0.2143379055,((((EBOV|MK1320|KU296354|SLE|Bombali|2015-01-20:0.1073194797,(EBOV|MK0365|KU296406|SLE|Bombali|2014-12-21:0.02512769892,EBOV|MK0364|KU296453|SLE|Bombali|2014-12-21:0.02512769892):0):0,EBOV|MK0434|KU296554|SLE|Bombali|2014-12-23:0.03060715097):0.1086972533,(EBOV|MK0857|KU296789|SLE|x|2015-01-05:0.1749208427,((EBOV|MK0369|KU296413|SLE|Bombali|2014-12-21:0.1338249523,EBOV|MK0388|KU296630|SLE|Bombali|2014-12-22:0.1365646783):0,EBOV|MK0723|KU296610|SLE||2015-01-01:0.1639619386):0):0):0.009861418692,EBOV|MK0549|KU296825|SLE|Bombali|2014-12-27:0.1601247271):0.01311728798):0.09620537424,EBOV|MK0869|KU296534|SLE|Bombali|2015-01-05:0.2941049236):0.01072504829):0.1548647034,(EBOV|J0096|KP759654|SLE|WesternUrban|2014-10-27:0.2679138534,EBOV|J0020|KP759755|SLE|Bombali|2014-09-25:0.1802426205):0):0.0638385198,EBOV|MK0709|KU296373|SLE|Tonkolili|2014-12-31:0.5098345649):0,((EBOV|1365|KR534554|GIN|Forecariah|2014-10-09:0.1671373418,EBOV|G5296.1|KR105303|SLE|x|2014-08-25:0.04384967054):0.06282084134,((EBOV|20145835|KR653295|SLE|Tonkolili|2014-11-25:0.2597224078,((EBOV|KT2641|KU296709|SLE|x|2014-12-12:0.158163293,EBOV|KT4801|KU296722|SLE|x|2015-02-10:0.3225468547):0.02554770257,EBOV|MK0085|KU296738|SLE|Bombali|2014-12-10:0.1782315435):0.1225867547):0.09900289856,EBOV|20141497|KR653273|SLE|Bombali|2014-10-01:0.2080403749):0):0.05247912156):0.1243374517,(((((((EBOV|G4263.1|KR105227|SLE|Kenema|2014-07-11:0.1060858557,EBOV|G3829|KM233102|SLE|Kailahun|2014-06-16:0.03759270502):0,(EBOV|G3889.1|KR105205|SLE|Kenema|2014-06-19:0.0458118831,((EBOV|G4736.1|KR105269|SLE|Kenema|2014-08-05:0.1039863765,EBOV|G4730.1|KR105268|SLE|Kenema|2014-08-05:0.1039863765):0.07059262988,((EBOV|G4423.1|KR105251|SLE|Kailahun|2014-07-19:0.07100096103,EBOV|G4255.1|KR105226|SLE|Kailahun|2014-07-11:0.04908315282):0.05700270289,(EBOV|G4334.1|KR105237|SLE|Kenema|2014-07-14:0.1143050338,(EBOV|1215|KR534584|GIN|Conakry|2014-10-02:0.2357903203,EBOV|20140590|KR653278|SLE|Kenema|2014-09-07:0.1672971696):0.0976927957):0):0):0):0):0,EBOV|G3825|KM233098|SLE|Kailahun|2014-06-16:0.03759270502):0,(EBOV|1105|KR534579|GIN|Conakry|2014-09-24:0.249402581,(EBOV|1651|KR534570|GIN|Conakry|2014-10-24:0,((EBOV|PL4094|KU296476|SLE|Kambia|2015-02-27:0.236065527,((EBOV|EM_COY_2015_016238||GIN|Forecariah|2015-05-03:0.1995220559,EBOV|EM_COY_2015_014060||GIN|Dubreka|2015-03-25:0.0926727408):0.2146256629,((EBOV|EM-FORE_2015_1160||GIN|Forecariah|2015-07-13:0.5232323137,((EBOV|EM-FORE-2015-664||GIN|Forecariah|2015-06-04:0.08666039946,(((EBOV|EM-FORE-2015-669||GIN|Forecariah|2015-06-05:0.08940012549,EBOV|EM_FORE_2015_697||GIN|Forecariah|2015-06-07:0.09487957754):0,EBOV|EM_FORE_2015_1024||GIN|Forecariah|2015-06-29:0.1551535501):0,((EBOV|EM_FORE_2015_1023||GIN|Forecariah|2015-06-29:0.02604814798,(EBOV|EM_FORE_2015_1076||GIN|Forecariah|2015-07-01:0.0004657213551,EBOV|REDC-GUI-2015-00497||GIN|Conakry|2015-07-12:0.03060270766):0.03106187868):0.05846664172,(((EBOV|EM_FORE_2015_934||GIN|Forecariah|2015-06-23:0.05732396072,EBOV|EM_FORE_2015_1140||GIN|Forecariah|2015-07-03:0.08472122099):0,EBOV|EM_FORE_2015_1047||GIN|Forecariah|2015-06-30:0.07650204291):0,EBOV|EM-FORE-2015-1414||GIN|Forecariah|2015-07-13:0.1121184813):0.01075247282):0.07063876044):0):0.1282473987,EBOV|EM_COY_2015_016278||GIN|Forecariah|2015-05-05:0.1327160174):0.2014752005):0.08543595298,(EBOV|EM_COY_2015_015980||GIN|Forecariah|2015-04-20:0.3785312804,((EBOV|EM_COY_2015_023888||GIN|Dubreka|2015-09-15:0.3068177647,((EBOV|REDC-GUI-2015-00502||GIN|Conakry|2015-07-13:0.1136005429,EBOV|REDC_GUI_2015_01285||GIN|Conakry|2015-08-24:0.228669036):0,((EBOV|CON-10193||GIN|Conakry|2015-08-03:0.09464821057,(EBOV|REDC_GUI_2015_00494B||GIN|Conakry|2015-07-12:0.03437423796,EBOV|REDC_GUI_2015_00483||GIN|Conakry|2015-07-12:0.03437423796):0):0.01095886241,EBOV|REDC_GUI_2015_00545||GIN|Conakry|2015-07-15:0.05355227845):0.06552771647):0.01787475605):0.4771929678,EBOV|EM_GUI_2015_004674||GIN|Siguiri|2015-03-26:0.3100381297):0):0):0):0):0,((EBOV|14750_EML|KU296459|SLE|Kambia|2015-04-20:0.06849315068,EBOV|PL5361|KU296415|SLE|Kambia|2015-03-26:0):0.1950232035,EBOV|PL4347|KU296720|SLE|Kambia|2015-03-04:0.1347492309):0.1150149262):0.1091399525):0.3315943618):0.06216272678):0,EBOV|742|KR534587|GIN|Conakry|2014-08-26:0.232113253):0.05244341518,(((EBOV|684|KR534517|GIN|Conakry|2014-08-20:0.09375796091,(EBOV|G5064.1|KR105297|SLE|Moyamba|2014-08-17:0.08306732979,(EBOV|955|KR534524|GIN|Coyah|2014-09-11:0.1515604805,EBOV|1039|KR534578|GIN|Conakry|2014-09-19:0.1734782887):0):0.002471453038):0.09670078598,((((EBOV|J0168|KP759705|SLE|WesternArea|2014-11-11:0.1853970426,(EBOV|J0032|KP759691|SLE|PortLoko|2014-09-30:0.03586223235,EBOV|J0074|KP759739|SLE|WesternRural|2014-10-13:0.0714786707):0.03446631706):0.2324589646,EBOV|J0079|KP759748|SLE|WesternRural|2014-10-16:0.3466231305):0,((EBOV|J0103|KP759658|SLE|PortLoko|2014-10-29:0.0331485591,EBOV|J0104|KP759765|SLE|PortLoko|2014-10-29:0.0331485591):0.06836418246,EBOV|J0038|KP759618|SLE|PortLoko|2014-09-30:0.02206068677):0.2807268272):0,(EBOV|20144865|KR653231|SLE|PortLoko|2014-11-13:0.4089735416,EBOV|J0088|KP759648|SLE|PortLoko|2014-10-20:0.3432201169):0.01436191764):0):0.07765956509,((((((EBOV|77724_EMLK|KU296656|SLE|x|2015-01-10:0.01917808219,EBOV|77582_EMLK|KU296816|SLE|WesternUrban|2015-01-03:0):0.4040556538,EBOV|J0164|KP759623|SLE|WesternRural|2014-11-09:0.2533707223):0,EBOV|J0030|KP759606|SLE|PortLoko|2014-10-03:0.1520008593):0,(((EBOV|PL5201|KU296612|SLE|PortLoko|2015-03-23:0.1447445221,(EBOV|PL4322|KU296677|SLE|PortLoko|2015-03-05:0.06054230007,EBOV|PL4127|KU296529|SLE|PortLoko|2015-02-28:0.04684366993):0.03488715354):0.1895020532,EBOV|Makona-GE1|KP728283|SLE|WesternArea|2014-11-21:0):0.1386462309,EBOV|J0049|KP759717|SLE|PortLoko|2014-10-07:0.01535855965):0.1476012038):0.04848470455,(EBOV|J0115|KP759597|SLE|PortLoko|2014-10-29:0.2081831044,EBOV|J0061|KP759637|SLE|PortLoko|2014-10-10:0.1561283098):0.06353533622):0.04064726368,EBOV|J0142|KP759690|SLE|WesternUrban|2014-11-03:0.3260643344):0.1475334296):0):0.001670143016,((((EBOV|KT5388|KU296355|SLE|WesternRural|2015-02-25:0.4021274281,(EBOV|J0158|KP759700|SLE|WesternRural|2014-11-08:0.09196321104,EBOV|J0120|KP759599|SLE|WesternRural|2014-10-30:0.06730567679):0.01153408006):0.1663871334,(((EBOV|J0071|KP759736|SLE|PortLoko|2014-10-09:0.06063103055,EBOV|J0058|KP759724|SLE|PortLoko|2014-10-08:0.05789130452):0.05445328122,(EBOV|J0083|KP759752|SLE|PortLoko|2014-10-18:0.139741846,EBOV|J0033|KP759692|SLE|PortLoko|2014-10-03:0.0986459556):0):0.07260833188,EBOV|J0119|KP759667|SLE|WesternUrban|2014-10-30:0.2452268902):0):0.1268994756,EBOV|G5996.1|KR105337|SLE|x|2014-09-25:0.2762359548):0,((EBOV|MK1156|KU296605|SLE|Bombali|2015-01-15:0.4977971562,((EBOV|DML12458|KT357823|SLE|WesternUrban|2015-03-28:0.4054794521,(EBOV|J0145|KP759693|SLE|WesternRural|2014-11-06:0.01643835616,EBOV|J0125|KP759674|SLE|WesternRural|2014-10-31:0):0):0.164113805,EBOV|J0046|KP759715|SLE|WesternRural|2014-10-07:0.09836038038):0.1254641731):0.01514615269,((EBOV|G6089.1|KR105345|SLE|Tonkolili|2014-09-27:0.1078757016,EBOV|MK2656|KU296577|SLE|Koinadugu|2015-03-03:0.5380126879):0.05023100445,((EBOV|G6095.1|KR105347|SLE|Tonkolili|2014-09-27:0.05101741091,(EBOV|MK0864|KU296334|SLE|x|2015-01-05:0.2763381411,EBOV|75711_EMLH|KU296596|SLE|WesternUrban|2015-01-15:0.3037354013):0.0486518726):0.1040831886,(EBOV|J0034|KP759608|SLE|PortLoko|2014-09-30:0.1633197776,EBOV|J0175|KP759709|SLE|WesternArea|2014-11-11:0.2783882708):0):0.003006106516):0.05346673982):0.07014196104):0.09218263713):0):0.001945451211):0.0673755491):0.005945871572):0.03373408146,((EBOV|LIBR10113|KT725367|LBR|x|2014-08-20:0.1038063389,(EBOV|CDC-NIH-2313||LBR|Montserrado|2014-10-10:0.1954540071,EBOV|LIBR10056|KT725276|LBR|Margibi|2014-09-23:0.1488786646):0.04807835919):0.1612927707,(((EBOV|LIBR10230|KT725354|LBR|Montserrado|2014-09-26:0.182063247,EBOV|LIBR10021|KT725335|LBR|x|2014-08-18:0.07521393198):0.1844057255,EBOV|EM_000958|KR817084|GIN|Nzerekore|2014-09-30:0.3774278767):0,(EBOV|LIBR10060|KT725357|LBR|Montserrado|2014-09-23:0.3214635507,EBOV|CDC-NIH-257||LBR|Montserrado|2014-08-27:0.247490948):0.03678624377):0):0.1136902988):0,(((EBOV|LIBR10087|KT725346|LBR|Margibi|2014-08-26:0.1861273486,EBOV|201403007|KP178538|LBR|x|2014-08-03:0.1231136499):0.1602292067,((EBOV|EM_000028|KR817069|GIN|Macenta|2014-09-01:0.3179354478,EBOV|EM_000321|KR817074|GIN|Macenta|2014-09-09:0.339853256):0,(EBOV|1371|KR534555|GIN|Conakry|2014-10-10:0.2689234104,EBOV|EM_078608|KR817164|GIN|Macenta|2014-12-04:0.419608342):0.1558613524):0.04485946365):0.04887120926,((((EBOV|CDC-NIH-683||LBR|Montserrado|2014-09-06:0.3190200682,(EBOV|EM_074438|KR817118|GIN|Nzerekore|2014-08-01:0.06083466925,EBOV|EM_000219|KR817073|GIN|Macenta|2014-09-07:0.1622045323):0.159555262):0.04315321014,EBOV|EM_080067|KR817234|LBR|x|2014-06-20:0.1484746482):0.06319147247,(((EBOV|G4437.1|KR105255|SLE|Kenema|2014-07-20:0.1682255773,EBOV|20140517|KR653263|SLE|Kailahun|2014-09-05:0.2969927005):0.1256323242,(((EBOV|G3972.1|KR105212|SLE|x|2014-06-24:0.09854095229,(((((EBOV|LIBR10209|KT725371|LBR|Montserrado|2014-09-19:0.07223599117,EBOV|LIBR10135|KT725260|LBR|x|2014-09-07:0.03935927884):0.03856732353,EBOV|LIBR10210|KT725321|LBR|Montserrado|2014-09-19:0.1108033147):0,(EBOV|LIBR0605|KR006958|LBR|Montserrado|2014-12-20:0.2096100816,EBOV|LIBR0423|KR006954|LBR|Montserrado|2014-12-03:0.1630347391):0.1532480276):0.01015437446,EBOV|LIBR10195|KT725264|LBR|x|2014-08-26:0.05520426451):0.1388434805,(EBOV|LIBR10201|KT725306|LBR|Montserrado|2014-08-27:0.1034488144,EBOV|LIBR10037|KT725311|LBR|x|2014-08-10:0.05687347189):0.09333865672):0.07709594698):0.1240840725,((EBOV|G3679|KM034558|SLE|Kailahun|2014-05-28:0.005479452055,EBOV|EM096|KM034551|SLE|Kailahun|2014-05-26:0):0.14317297,(EBOV|EM_080223|KR817241|LBR|x|2014-07-04:0.250022285,((EBOV|G3769|KM233065|SLE|Kailahun|2014-06-12:0.1149107642,EBOV|G3810|KM233087|SLE|Kailahun|2014-06-15:0.1231299423):0,EBOV|G3820|KM233094|SLE|Kailahun|2014-06-15:0.1231299423):0.07483754823):0):0):0,(((EBOV|LIBR10025|KT725315|LBR|Margibi|2014-08-16:0.005237821426,EBOV|LIBR0993|KR006960|LBR|Montserrado|2015-01-20:0.4353748077):0.2219182036,(EBOV|LIBR10237|KT725275|LBR|x|2014-07-11:0.128525888,(EBOV|LIBR10250|KT725360|LBR|x|2014-06-23:0.0792108195,(EBOV|LIBR10240|KT725320|LBR|x|2014-06-24:0.08195054553,(EBOV|LIBR10202|KT725356|LBR|Montserrado|2014-08-27:0.2572930113,(EBOV|LIBR0115|KT725254|LBR|GrandBassa|2014-11-10:0.3534246575,((EBOV|LIBR10022|KT725378|LBR|x|2014-08-16:0.1178082192,(((((EBOV|LIBR11079|KT725372|LBR|Montserrado|2014-10-02:0.002739726027,(EBOV|LIBR10047|KT725345|LBR|Margibi|2014-10-01:0,EBOV|LIBR0159|KT725327|LBR|Montserrado|2014-11-13:0.1178082192):0):0.2438356164,EBOV|LIBR10238|KT725322|LBR|x|2014-07-18:0.03835616438):0,EBOV|LIBR10249|KT725388|LBR|x|2014-07-04:0):0,EBOV|LIBR10239|KT725324|LBR|x|2014-07-19:0.04109589041):0,EBOV|LIBR10262|KT725285|LBR|Montserrado|2014-10-16:0.2849315068):0):0,EBOV|LIBR10172|KT725289|LBR|x|2014-09-01:0.1616438356):0):0.1093478058):0):0):0):0):0.09729129967,EBOV|LIBR10212|KT725373|LBR|x|2014-09-19:0.4175980096):0.04338317958):0):0,(EBOV|EM_080165|KR817238|SLE|Kailahun|2014-06-26:0.06463728745,(EBOV|G3787|KM233074|SLE|Kailahun|2014-06-14:0.008704355433,EBOV|G3831|KM233103|SLE|Kailahun|2014-06-16:0.01418380749):0.02305621969):0.1634671894):0):0,((EBOV|EM_004580|KR817105|GIN|Faranah|2015-01-27:0.3576540923,EBOV|EM_076948|KR817157|GIN|Gueckedou|2014-11-13:0.1521746403):0.1919386155,(EBOV|EM_074353|KR817112|LBR|Lofa|2014-07-22:0.03178448867,EBOV|EM_074351|KR817110|LBR|Lofa|2014-07-22:0.03178448867):0):0.2675528649):0):0):0,((((EBOV|EM_074548|KR817123|LBR|Lofa|2014-08-08:0.01996305911,(EBOV|EM_075929|KR817136|GIN|Beyla|2014-10-10:0.1850350158,(EBOV|EM_076335|KR817147|GIN|Kerouane|2014-10-23:0.1723405604,(EBOV|EM_078556|KR817163|GIN|Kankan|2014-12-01:0.2670977887,EBOV|1454|KR534560|GIN|Conakry|2014-10-14:0.1355909394):0.01209208682):0.04831089377):0.007530783):0.02775746442,(EBOV|Makona-Mali-DPR2|KP260800|GIN|x|2014-11-12:0.3107342222,((EBOV|EM_004059|KR817090|GIN|Kissidougou|2014-12-20:0.1260781616,(EBOV|EM_004259|KR817094|GIN|Kissidougou|2014-12-26:0.1286002665,EBOV|EM_078763|KR817176|GIN|Kissidougou|2014-12-17:0.1039427322):0.01391625124):0.1433761226,EBOV|EM_075932|KR817139|GIN|Macenta|2014-10-10:0.07493373621):0.145389527):0):0,((EBOV|Conakry_633|KR534512|GIN|Gueckedou|2014-08-12:0,(((EBOV|1623|KR534568|GIN|Forecariah|2014-10-24:0.03017710366,EBOV|1568|KR534565|GIN|Forecariah|2014-10-18:0.0137387475):0.04465231452,(EBOV|1342|KR534552|GIN|Conakry|2014-10-08:0.03099380175,EBOV|1274|KR534542|GIN|Coyah|2014-10-04:0.02003489764):0):0.02480063663,EBOV|1445|KR534559|GIN|Conakry|2014-10-14:0.07223279454):0.1003699452):0.01279748672,EBOV|1480|KR534561|GIN|Conakry|2014-10-15:0.1881399525):0.04588194092):0.1110446668,(EBOV|LIBR10130|KT725343|LBR|Montserrado|2014-09-01:0.1604891445,((EBOV|LIBR10137|KT725385|LBR|x|2014-09-09:0.1308963706,(EBOV|LIBR10224|KT725302|LBR|Montserrado|2014-09-26:0.177471713,(EBOV|LIBR0503|KR006956|LBR|Sinoe|2014-12-10:0.3259647559,EBOV|LIBR10261|KT725287|LBR|Sinoe|2014-10-14:0.1698003723):0.05698640924):0):0,EBOV|LIBR10110|KT725387|LBR|x|2014-08-20:0.07610185003):0.05151058216):0.06402947047):0.1871475057):0.01053183332,EBOV|1100||GIN|Conakry|2014-09-23:0.4824719266):0.04939522083,(EBOV|EM_079880|KR817220|GIN|Gueckedou|2014-06-05:0.1093533887,EBOV|G3676|KM034554|SLE|Kailahun|2014-05-27:0.08469585447):0.1211438957):0,(EBOV|EM_074531|KR817122|GIN|Gueckedou|2014-08-08:0.1812723866,EBOV|EM_074461|KR817120|GIN|Gueckedou|2014-08-04:0.1703134825):0.2245673636):0.1215371694,EBOV|EM_079442|KR817192|GIN|Gueckedou|2014-04-03:0.179431714):0.08539830524,(((EBOV|EM_079517|KR817198|GIN|Gueckedou|2014-04-11:0.195327602,EBOV|Gueckedou-C07|KJ660347|GIN|Gueckedou|2014-03-20:0.1350536294):0.0375504095,((EBOV|EM_079450|KR817194|LBR|x|2014-04-01:0.06805809269,(EBOV|EM_079657|KR817205|GIN|Gueckedou|2014-05-07:0.1325869224,((EBOV|EM_079915|KR817226|GIN|Gueckedou|2014-06-10:0.08219178082,EBOV|EM_079685|KR817209|GIN|Gueckedou|2014-05-11:0):0.03720692543,EBOV|EM_079749|KR817212|GIN|Gueckedou|2014-05-21:0.06460418571):0.106338901):0.0341013073):0.1068005992,(EBOV|1652|KR534571|GIN|Coyah|2014-10-24:0.05479452055,((EBOV|1249|KR534541|GIN|Conakry|2014-10-04:0,((EBOV|EM_COY_2015_016449||GIN|Forecariah|2015-05-11:0.22491259,EBOV|EM_COY_2015_017021||GIN|Fria|2015-05-25:0.2632687543):0.249994768,((EBOV|EM_COY_2015_015982||GIN|Forecariah|2015-04-20:0.06621379098,EBOV|EM_COY_2015_016236||GIN|Forecariah|2015-05-03:0.1018302293):0.29847219,(EBOV|CON12930||GIN|Conakry|2015-10-13:0.8184199201,((EBOV|EM_COY_2015_014098||GIN|Conakry|2015-03-26:0.01196252315,EBOV|IPDPFHGINSP_GUI_2015_4786||GIN|Conakry|2015-03-26:0.01196252315):0.02407899647,(((((EBOV|KG45||GIN|Boke|2015-06-09:0.02551361365,(EBOV|KG87||GIN|Boke|2015-06-19:0.04268663709,EBOV|KG88||GIN|Boke|2015-06-19:0.04268663709):0.01022423683):0.03493888992,EBOV|KG90||GIN|Boke|2015-06-19:0.08784976384):0.04790446171,EBOV|EM_COY_2015_016743||GIN|Boke|2015-05-19:0.0508227187):0,EBOV|IPDPFHGINSP_GUI_2015_6899||GIN|Boke|2015-05-14:0.03712408856):0,EBOV|KG12||GIN|Boke|2015-05-27:0.07274052692):0.1331640064):0.231693469):0.02845784171):0.05268713036):0.125092642):0,EBOV|1327|KR534591|GIN|Coyah|2014-10-07:0.008219178082):0):0.6844477329):0.03062205934):0,((EBOV|EM_079750|KR817213|GIN|Gueckedou|2014-05-21:0.06208176212,EBOV|EM_079775|KR817216|GIN|Gueckedou|2014-05-24:0.0703009402):0.2131091299,EBOV|EM_079414|KR817185|GIN|Gueckedou|2014-03-31:0.1354648646):0.06727616055):0.05386981603);">
	</init>
	
	<run id="mcmc" spec="MCMC" chainLength="30">
		<state id="state" storeEvery="100">
			<parameter id="initI0" lower="0.0" upper="140" name="stateNode">0.10</parameter>
			<parameter id="b" lower="0.0" upper="Infinity" name="stateNode">35.0</parameter>
			<parameter id="a" lower="-Infinity" upper="Infinity" name="stateNode">-17.00</parameter>
		</state>
	 	
 		<distribution id="posterior" spec="util.CompoundDistribution">
			<distribution id="prior" spec="util.CompoundDistribution">
				<prior id="initI0prior" name="distribution" x="@initI0">
					<LogNormal id="LogNormal:initI0" M="0" S="1" name="distr" />
				</prior>
				<prior id="bPrior" name="distribution" x="@b">
					<LogNormal id="LogNormal:b" M="3.4" S="1" name="distr" />
				</prior>
				<prior id="aPrior" name="distribution" x="@a">
					<Normal id="Normal:a" mean="0.0" sigma="30.0" name="distr" />
				</prior>
			</distribution>	
			
			<distribution id="likelihood" spec="util.CompoundDistribution">
				 <distribution spec='STreeLikelihoodODE' id = 'stlikelihood'
             	 useStateName='false' 
             	 approxLambda='false' finiteSizeCorrections='false'
             	 solvePL='false'
                 popmodel='@sirmodel'  >
                 
                 <treeIntervals spec="STreeIntervals" tree='@tree'> </treeIntervals>
                 
    			</distribution>
			</distribution>
		</distribution>
		
		<operator id="rwoperator:b" spec="RealRandomWalkOperator" windowSize="1.0" parameter="@b" useGaussian='true' weight="1" />
		<operator id="rwoperator:a" spec="RealRandomWalkOperator" windowSize="1.0" parameter="@a" useGaussian='true' weight="1" />
		<operator id="rwoperator:initI0" spec="RealRandomWalkOperator" windowSize="1.0" parameter="@initI0" useGaussian='true' weight="1" />
		
		<logger id="tracelog" fileName="ebov0_sir0.0.log" logEvery="1" model="@posterior" sanitiseHeaders="true" sort="smart">
			<log idref="b"/>
			<log idref="a"/>
			<log idref="initI0"/>
			<log idref="prior"/>
			<log idref="posterior"/>
		</logger>
		<logger id="screenlog" logEvery="1">
			<log idref="b"/>
			<log idref="a"/>
			<log idref="initI0"/>
			<log idref="prior"/>
			<log idref="posterior"/>
		</logger>
		<logger id = "popModelLogger" fileName="ebov0_sir0.0.traj" logEvery="1">
			<log id="trajectoryLogger" spec="TrajectoryLogger" popModel="@sirmodel" pointFrequency="1"></log>
		</logger>
	</run>
</beast>
