<!--
force of infection: max(0, a*t + b )
-->

<beast beautitemplate='Standard' beautistatus='' namespace="phydyn.model:phydyn.distribution:phydyn.loggers:phydyn.operators:beast.core:beast.evolution.alignment:beast.evolution.tree.coalescent:beast.core.util:beast.evolution.nuc:beast.evolution.operators:beast.evolution.sitemodel:beast.evolution.substitutionmodel:beast.evolution.likelihood" version="2.0">

<map name="Uniform">beast.math.distributions.Uniform</map>
<map name="Exponential">beast.math.distributions.Exponential</map>
<map name="LogNormal">beast.math.distributions.LogNormalDistributionModel</map>
<map name="Normal">beast.math.distributions.Normal</map>
<map name="Beta">beast.math.distributions.Beta</map>
<map name="Gamma">beast.math.distributions.Gamma</map>
<map name="LaplaceDistribution">beast.math.distributions.LaplaceDistribution</map>
<map name="prior">beast.math.distributions.Prior</map>
<map name="InverseGamma">beast.math.distributions.InverseGamma </map>


<data id="sequences" name="alignment">
<sequence id="EBOV|EM_079413|KR817184|GIN|Gueckedou|2014-03-31_I"  taxon="EBOV|EM_079413|KR817184|GIN|Gueckedou|2014-03-31_I"  totalcount="4" value="??"/>
<sequence id="EBOV|EM_080063|KR817230|GIN|Gueckedou|2014-06-20_I"  taxon="EBOV|EM_080063|KR817230|GIN|Gueckedou|2014-06-20_I"  totalcount="4" value="??"/>
<sequence id="EBOV|517|KR534509|GIN|Siguiri|2014-07-24_I"  taxon="EBOV|517|KR534509|GIN|Siguiri|2014-07-24_I"  totalcount="4" value="??"/>
<sequence id="EBOV|EM_074335|KR817107|x|x|2014-07-18_I"  taxon="EBOV|EM_074335|KR817107|x|x|2014-07-18_I"  totalcount="4" value="??"/>
<sequence id="EBOV|EM_079815|KR817217|GIN|Gueckedou|2014-05-28_I"  taxon="EBOV|EM_079815|KR817217|GIN|Gueckedou|2014-05-28_I"  totalcount="4" value="??"/>
<sequence id="EBOV|EM_079442|KR817192|GIN|Gueckedou|2014-04-03_I"  taxon="EBOV|EM_079442|KR817192|GIN|Gueckedou|2014-04-03_I"  totalcount="4" value="??"/>
<sequence id="EBOV|G3676|KM034554|SLE|Kailahun|2014-05-27_I"  taxon="EBOV|G3676|KM034554|SLE|Kailahun|2014-05-27_I"  totalcount="4" value="??"/>
<sequence id="EBOV|G3683|KM034561|SLE|Kailahun|2014-05-28_I"  taxon="EBOV|G3683|KM034561|SLE|Kailahun|2014-05-28_I"  totalcount="4" value="??"/>
<sequence id="EBOV|EM_080193|KR817239|LBR|x|2014-06-29_I"  taxon="EBOV|EM_080193|KR817239|LBR|x|2014-06-29_I"  totalcount="4" value="??"/>
<sequence id="EBOV|EM_080132|KR817236|SLE|Kailahun|2014-06-24_I"  taxon="EBOV|EM_080132|KR817236|SLE|Kailahun|2014-06-24_I"  totalcount="4" value="??"/>
<sequence id="EBOV|G3841|KM233107|SLE|Bo|2014-06-17_I"  taxon="EBOV|G3841|KM233107|SLE|Bo|2014-06-17_I"  totalcount="4" value="??"/>
<sequence id="EBOV|G4221.1|KR105219|SLE|x|2014-07-09_I"  taxon="EBOV|G4221.1|KR105219|SLE|x|2014-07-09_I"  totalcount="4" value="??"/>
<sequence id="EBOV|LIBR10054|KR006964|LBR|Bomi|2014-09-23_I"  taxon="EBOV|LIBR10054|KR006964|LBR|Bomi|2014-09-23_I"  totalcount="4" value="??"/>
<sequence id="EBOV|LIBR10209|KT725371|LBR|Montserrado|2014-09-19_I"  taxon="EBOV|LIBR10209|KT725371|LBR|Montserrado|2014-09-19_I"  totalcount="4" value="??"/>
<sequence id="EBOV|LIBR0008|KT725313|LBR|Montserrado|2014-10-31_I"  taxon="EBOV|LIBR0008|KT725313|LBR|Montserrado|2014-10-31_I"  totalcount="4" value="??"/>
<sequence id="EBOV|LIBR10037|KT725311|LBR|x|2014-08-10_I"  taxon="EBOV|LIBR10037|KT725311|LBR|x|2014-08-10_I"  totalcount="4" value="??"/>
<sequence id="EBOV|201403007|KP178538|LBR|x|2014-08-03_I"  taxon="EBOV|201403007|KP178538|LBR|x|2014-08-03_I"  totalcount="4" value="??"/>
<sequence id="EBOV|LIBR0380|KT725290|LBR|Montserrado|2014-11-28_I"  taxon="EBOV|LIBR0380|KT725290|LBR|Montserrado|2014-11-28_I"  totalcount="4" value="??"/>
<sequence id="EBOV|LIBR10271|KT725347|LBR|x|2014-08-26_I"  taxon="EBOV|LIBR10271|KT725347|LBR|x|2014-08-26_I"  totalcount="4" value="??"/>
<sequence id="EBOV|LIBR10237|KT725275|LBR|x|2014-07-11_I"  taxon="EBOV|LIBR10237|KT725275|LBR|x|2014-07-11_I"  totalcount="4" value="??"/>
<sequence id="EBOV|CDC-NIH-3827||LBR|Montserrado|2014-11-23_I"  taxon="EBOV|CDC-NIH-3827||LBR|Montserrado|2014-11-23_I"  totalcount="4" value="??"/>
<sequence id="EBOV|LIBR10022|KT725378|LBR|x|2014-08-16_I"  taxon="EBOV|LIBR10022|KT725378|LBR|x|2014-08-16_I"  totalcount="4" value="??"/>
<sequence id="EBOV|LIBR10279|KT725341|LBR|Montserrado|2014-08-26_I"  taxon="EBOV|LIBR10279|KT725341|LBR|Montserrado|2014-08-26_I"  totalcount="4" value="??"/>
<sequence id="EBOV|LIBR0624|KR006959|LBR|Montserrado|2014-12-22_I"  taxon="EBOV|LIBR0624|KR006959|LBR|Montserrado|2014-12-22_I"  totalcount="4" value="??"/>
<sequence id="EBOV|LIBR0622|KT725288|LBR|Montserrado|2014-12-22_I"  taxon="EBOV|LIBR0622|KT725288|LBR|Montserrado|2014-12-22_I"  totalcount="4" value="??"/>
<sequence id="EBOV|LIBR0333|KR006953|LBR|GrandCapeMount|2014-11-25_I"  taxon="EBOV|LIBR0333|KR006953|LBR|GrandCapeMount|2014-11-25_I"  totalcount="4" value="??"/>
<sequence id="EBOV|LIBR0092|KR006946|LBR|Montserrado|2014-11-08_I"  taxon="EBOV|LIBR0092|KR006946|LBR|Montserrado|2014-11-08_I"  totalcount="4" value="??"/>
<sequence id="EBOV|LIBR10032|KT725267|LBR|x|2014-08-16_I"  taxon="EBOV|LIBR10032|KT725267|LBR|x|2014-08-16_I"  totalcount="4" value="??"/>
<sequence id="EBOV|LIBR10217|KT725323|LBR|x|2014-09-29_I"  taxon="EBOV|LIBR10217|KT725323|LBR|x|2014-09-29_I"  totalcount="4" value="??"/>
<sequence id="EBOV|CDC-NIH-3871||LBR|GrandBassa|2014-11-25_I"  taxon="EBOV|CDC-NIH-3871||LBR|GrandBassa|2014-11-25_I"  totalcount="4" value="??"/>
<sequence id="EBOV|LIBR10132|KT725255|LBR|Margibi|2014-09-08_I"  taxon="EBOV|LIBR10132|KT725255|LBR|Margibi|2014-09-08_I"  totalcount="4" value="??"/>
<sequence id="EBOV|LIBR10212|KT725373|LBR|x|2014-09-19_I"  taxon="EBOV|LIBR10212|KT725373|LBR|x|2014-09-19_I"  totalcount="4" value="??"/>
<sequence id="EBOV|LIBR10020|KT725292|LBR|x|2014-08-18_I"  taxon="EBOV|LIBR10020|KT725292|LBR|x|2014-08-18_I"  totalcount="4" value="??"/>
<sequence id="EBOV|LIBR10077|KT725326|LBR|Margibi|2014-08-26_I"  taxon="EBOV|LIBR10077|KT725326|LBR|Margibi|2014-08-26_I"  totalcount="4" value="??"/>
<sequence id="EBOV|LIBR10202|KT725356|LBR|Montserrado|2014-08-27_I"  taxon="EBOV|LIBR10202|KT725356|LBR|Montserrado|2014-08-27_I"  totalcount="4" value="??"/>
<sequence id="EBOV|LIBR1195|KR006961|LBR|Margibi|2015-02-02_I"  taxon="EBOV|LIBR1195|KR006961|LBR|Margibi|2015-02-02_I"  totalcount="4" value="??"/>
<sequence id="EBOV|LIBR10065|KT725298|LBR|x|2014-09-21_I"  taxon="EBOV|LIBR10065|KT725298|LBR|x|2014-09-21_I"  totalcount="4" value="??"/>
<sequence id="EBOV|LIBR0079|KT725274|LBR|Montserrado|2014-11-07_I"  taxon="EBOV|LIBR0079|KT725274|LBR|Montserrado|2014-11-07_I"  totalcount="4" value="??"/>
<sequence id="EBOV|LIBR10106|KT725337|LBR|Nimba|2014-08-20_I"  taxon="EBOV|LIBR10106|KT725337|LBR|Nimba|2014-08-20_I"  totalcount="4" value="??"/>
<sequence id="EBOV|LIBR10053|KR006963|LBR|x|2014-10-01_I"  taxon="EBOV|LIBR10053|KR006963|LBR|x|2014-10-01_I"  totalcount="4" value="??"/>
<sequence id="EBOV|LIBR10021|KT725335|LBR|x|2014-08-18_I"  taxon="EBOV|LIBR10021|KT725335|LBR|x|2014-08-18_I"  totalcount="4" value="??"/>
<sequence id="EBOV|LIBR10277|KT725369|LBR|Margibi|2014-08-26_I"  taxon="EBOV|LIBR10277|KT725369|LBR|Margibi|2014-08-26_I"  totalcount="4" value="??"/>
<sequence id="EBOV|LIBR0173|KR006950|LBR|Montserrado|2014-11-14_I"  taxon="EBOV|LIBR0173|KR006950|LBR|Montserrado|2014-11-14_I"  totalcount="4" value="??"/>
<sequence id="EBOV|LIBR10060|KT725357|LBR|Montserrado|2014-09-23_I"  taxon="EBOV|LIBR10060|KT725357|LBR|Montserrado|2014-09-23_I"  totalcount="4" value="??"/>
<sequence id="EBOV|CDC-NIH-603||LBR|Montserrado|2014-09-04_I"  taxon="EBOV|CDC-NIH-603||LBR|Montserrado|2014-09-04_I"  totalcount="4" value="??"/>
<sequence id="EBOV|LIBR10139|KT725265|LBR|x|2014-09-09_I"  taxon="EBOV|LIBR10139|KT725265|LBR|x|2014-09-09_I"  totalcount="4" value="??"/>
<sequence id="EBOV|G3810|KM233087|SLE|Kailahun|2014-06-15_I"  taxon="EBOV|G3810|KM233087|SLE|Kailahun|2014-06-15_I"  totalcount="4" value="??"/>
<sequence id="EBOV|20140517|KR653263|SLE|Kailahun|2014-09-05_I"  taxon="EBOV|20140517|KR653263|SLE|Kailahun|2014-09-05_I"  totalcount="4" value="??"/>
<sequence id="EBOV|G3796|KM233078|SLE|Kailahun|2014-06-15_I"  taxon="EBOV|G3796|KM233078|SLE|Kailahun|2014-06-15_I"  totalcount="4" value="??"/>
<sequence id="EBOV|G3677|KM034556|SLE|Kailahun|2014-05-26_I"  taxon="EBOV|G3677|KM034556|SLE|Kailahun|2014-05-26_I"  totalcount="4" value="??"/>
<sequence id="EBOV|G5765.1|KR105326|SLE|Moyamba|2014-09-16_I"  taxon="EBOV|G5765.1|KR105326|SLE|Moyamba|2014-09-16_I"  totalcount="4" value="??"/>
<sequence id="EBOV|G5767.1|KR105327|SLE|x|2014-09-16_I"  taxon="EBOV|G5767.1|KR105327|SLE|x|2014-09-16_I"  totalcount="4" value="??"/>
<sequence id="EBOV|G5844.1|KR105328|SLE|Moyamba|2014-09-21_I"  taxon="EBOV|G5844.1|KR105328|SLE|Moyamba|2014-09-21_I"  totalcount="4" value="??"/>
<sequence id="EBOV|G4416.1|KR105248|SLE|Bo|2014-07-18_I"  taxon="EBOV|G4416.1|KR105248|SLE|Bo|2014-07-18_I"  totalcount="4" value="??"/>
<sequence id="EBOV|DML24708|KT357845|SLE|Kono|2015-01-28_I"  taxon="EBOV|DML24708|KT357845|SLE|Kono|2015-01-28_I"  totalcount="4" value="??"/>
<sequence id="EBOV|PL8172|KU296428|SLE|PortLoko|2015-06-18_I"  taxon="EBOV|PL8172|KU296428|SLE|PortLoko|2015-06-18_I"  totalcount="4" value="??"/>
<sequence id="EBOV|PL7801|KU296327|SLE|PortLoko|2015-06-09_I"  taxon="EBOV|PL7801|KU296327|SLE|PortLoko|2015-06-09_I"  totalcount="4" value="??"/>
<sequence id="EBOV|PL7820|KU296804|SLE|PortLoko|2015-06-09_I"  taxon="EBOV|PL7820|KU296804|SLE|PortLoko|2015-06-09_I"  totalcount="4" value="??"/>
<sequence id="EBOV|PL7053|KU296757|SLE|PortLoko|2015-05-15_I"  taxon="EBOV|PL7053|KU296757|SLE|PortLoko|2015-05-15_I"  totalcount="4" value="??"/>
<sequence id="EBOV|PL8780|KU296404|SLE|PortLoko|2015-07-03_I"  taxon="EBOV|PL8780|KU296404|SLE|PortLoko|2015-07-03_I"  totalcount="4" value="??"/>
<sequence id="EBOV|PL9192|KU296401|SLE|PortLoko|2015-07-13_I"  taxon="EBOV|PL9192|KU296401|SLE|PortLoko|2015-07-13_I"  totalcount="4" value="??"/>
<sequence id="EBOV|15661_EMLK|KU296822|SLE|Kambia|2015-06-28_I"  taxon="EBOV|15661_EMLK|KU296822|SLE|Kambia|2015-06-28_I"  totalcount="4" value="??"/>
<sequence id="EBOV|KT7095|KU296690|SLE|Kambia|2015-07-05_I"  taxon="EBOV|KT7095|KU296690|SLE|Kambia|2015-07-05_I"  totalcount="4" value="??"/>
<sequence id="EBOV|20525_EMLK|KU296487|SLE|Kambia|2015-09-06_I"  taxon="EBOV|20525_EMLK|KU296487|SLE|Kambia|2015-09-06_I"  totalcount="4" value="??"/>
<sequence id="EBOV|19521_EMLK|KU296306|SLE|Kambia|2015-07-05_I"  taxon="EBOV|19521_EMLK|KU296306|SLE|Kambia|2015-07-05_I"  totalcount="4" value="??"/>
<sequence id="EBOV|15314_EMLK|KU296600|SLE|Kambia|2015-06-06_I"  taxon="EBOV|15314_EMLK|KU296600|SLE|Kambia|2015-06-06_I"  totalcount="4" value="??"/>
<sequence id="EBOV|15274_EMLK|KU296337|SLE|Kambia|2015-06-04_I"  taxon="EBOV|15274_EMLK|KU296337|SLE|Kambia|2015-06-04_I"  totalcount="4" value="??"/>
<sequence id="EBOV|PL4865|KU296633|SLE|Kambia|2015-03-16_I"  taxon="EBOV|PL4865|KU296633|SLE|Kambia|2015-03-16_I"  totalcount="4" value="??"/>
<sequence id="EBOV|PL5025|KU296412|SLE|Kambia|2015-03-20_I"  taxon="EBOV|PL5025|KU296412|SLE|Kambia|2015-03-20_I"  totalcount="4" value="??"/>
<sequence id="EBOV|J0099|KP759764|SLE|Kambia|2014-10-28_I"  taxon="EBOV|J0099|KP759764|SLE|Kambia|2014-10-28_I"  totalcount="4" value="??"/>
<sequence id="EBOV|77577_EMLK|KU296533|SLE|WesternUrban|2015-01-03_I"  taxon="EBOV|77577_EMLK|KU296533|SLE|WesternUrban|2015-01-03_I"  totalcount="4" value="??"/>
<sequence id="EBOV|20143964|KR653242|SLE|Bo|2014-11-07_I"  taxon="EBOV|20143964|KR653242|SLE|Bo|2014-11-07_I"  totalcount="4" value="??"/>
<sequence id="EBOV|20142417|KR653254|SLE|Bo|2014-10-19_I"  taxon="EBOV|20142417|KR653254|SLE|Bo|2014-10-19_I"  totalcount="4" value="??"/>
<sequence id="EBOV|20142065|KR653274|SLE|Kenema|2014-10-11_I"  taxon="EBOV|20142065|KR653274|SLE|Kenema|2014-10-11_I"  totalcount="4" value="??"/>
<sequence id="EBOV|20143164|KR653277|SLE|Kenema|2014-10-27_I"  taxon="EBOV|20143164|KR653277|SLE|Kenema|2014-10-27_I"  totalcount="4" value="??"/>
<sequence id="EBOV|J0156|KP759698|SLE|WesternUrban|2014-11-07_I"  taxon="EBOV|J0156|KP759698|SLE|WesternUrban|2014-11-07_I"  totalcount="4" value="??"/>
<sequence id="EBOV|PL2921|KU296506|SLE|Kambia|2015-02-03_I"  taxon="EBOV|PL2921|KU296506|SLE|Kambia|2015-02-03_I"  totalcount="4" value="??"/>
<sequence id="EBOV|G4348.1|KR105241|SLE|Kenema|2014-07-09_I"  taxon="EBOV|G4348.1|KR105241|SLE|Kenema|2014-07-09_I"  totalcount="4" value="??"/>
<sequence id="EBOV|G4252.1|KR105224|SLE|Kailahun|2014-07-11_I"  taxon="EBOV|G4252.1|KR105224|SLE|Kailahun|2014-07-11_I"  totalcount="4" value="??"/>
<sequence id="EBOV|G5640.1|KR105313|SLE|x|2014-09-11_I"  taxon="EBOV|G5640.1|KR105313|SLE|x|2014-09-11_I"  totalcount="4" value="??"/>
<sequence id="EBOV|J0121|KP759669|SLE|WesternUrban|2014-10-29_I"  taxon="EBOV|J0121|KP759669|SLE|WesternUrban|2014-10-29_I"  totalcount="4" value="??"/>
<sequence id="EBOV|DML24720|KT357846|SLE|Kono|2015-01-29_I"  taxon="EBOV|DML24720|KT357846|SLE|Kono|2015-01-29_I"  totalcount="4" value="??"/>
<sequence id="EBOV|DML24504|KT357826|SLE|Kono|2015-01-13_I"  taxon="EBOV|DML24504|KT357826|SLE|Kono|2015-01-13_I"  totalcount="4" value="??"/>
<sequence id="EBOV|DML24706|KT357844|SLE|Kono|2015-01-28_I"  taxon="EBOV|DML24706|KT357844|SLE|Kono|2015-01-28_I"  totalcount="4" value="??"/>
<sequence id="EBOV|DML24608|KT357838|SLE|Kono|2015-01-20_I"  taxon="EBOV|DML24608|KT357838|SLE|Kono|2015-01-20_I"  totalcount="4" value="??"/>
<sequence id="EBOV|DML24573|KT357831|SLE|Kono|2015-01-18_I"  taxon="EBOV|DML24573|KT357831|SLE|Kono|2015-01-18_I"  totalcount="4" value="??"/>
<sequence id="EBOV|DML25123|KT357854|SLE|Kenema|2015-02-18_I"  taxon="EBOV|DML25123|KT357854|SLE|Kenema|2015-02-18_I"  totalcount="4" value="??"/>
<sequence id="EBOV|DML24669|KT357841|SLE|Kono|2015-01-25_I"  taxon="EBOV|DML24669|KT357841|SLE|Kono|2015-01-25_I"  totalcount="4" value="??"/>
<sequence id="EBOV|DML24854|KT357851|SLE|Kono|2015-02-06_I"  taxon="EBOV|DML24854|KT357851|SLE|Kono|2015-02-06_I"  totalcount="4" value="??"/>
<sequence id="EBOV|DML24604|KT357835|SLE|Kono|2015-01-20_I"  taxon="EBOV|DML24604|KT357835|SLE|Kono|2015-01-20_I"  totalcount="4" value="??"/>
<sequence id="EBOV|DML24620|KT357840|SLE|Kono|2015-01-21_I"  taxon="EBOV|DML24620|KT357840|SLE|Kono|2015-01-21_I"  totalcount="4" value="??"/>
<sequence id="EBOV|J0146|KP759610|SLE|WesternUrban|2014-11-07_I"  taxon="EBOV|J0146|KP759610|SLE|WesternUrban|2014-11-07_I"  totalcount="4" value="??"/>
<sequence id="EBOV|473_EMLH|KU296524|SLE|x|2015-01-29_I"  taxon="EBOV|473_EMLH|KU296524|SLE|x|2015-01-29_I"  totalcount="4" value="??"/>
<sequence id="EBOV|MK1040|KU296528|SLE|Bombali|2015-01-11_I"  taxon="EBOV|MK1040|KU296528|SLE|Bombali|2015-01-11_I"  totalcount="4" value="??"/>
<sequence id="EBOV|G5244.1|KR105301|SLE|x|2014-08-22_I"  taxon="EBOV|G5244.1|KR105301|SLE|x|2014-08-22_I"  totalcount="4" value="??"/>
<sequence id="EBOV|20143458|KR653245|SLE|Tonkolili|2014-11-01_I"  taxon="EBOV|20143458|KR653245|SLE|Tonkolili|2014-11-01_I"  totalcount="4" value="??"/>
<sequence id="EBOV|J0134|KP759682|SLE|WesternRural|2014-10-31_I"  taxon="EBOV|J0134|KP759682|SLE|WesternRural|2014-10-31_I"  totalcount="4" value="??"/>
<sequence id="EBOV|J0024|KP759663|SLE|WesternRural|2014-09-29_I"  taxon="EBOV|J0024|KP759663|SLE|WesternRural|2014-09-29_I"  totalcount="4" value="??"/>
<sequence id="EBOV|J0007|KP759631|SLE|WesternRural|2014-09-27_I"  taxon="EBOV|J0007|KP759631|SLE|WesternRural|2014-09-27_I"  totalcount="4" value="??"/>
<sequence id="EBOV|J0150|KP759696|SLE|WesternUrban|2014-11-06_I"  taxon="EBOV|J0150|KP759696|SLE|WesternUrban|2014-11-06_I"  totalcount="4" value="??"/>
<sequence id="EBOV|J0157|KP759699|SLE|WesternUrban|2014-11-06_I"  taxon="EBOV|J0157|KP759699|SLE|WesternUrban|2014-11-06_I"  totalcount="4" value="??"/>
<sequence id="EBOV|G6104.1|KR105349|SLE|Moyamba|2014-09-28_I"  taxon="EBOV|G6104.1|KR105349|SLE|Moyamba|2014-09-28_I"  totalcount="4" value="??"/>
<sequence id="EBOV|MK0889|KU296794|SLE|x|2015-01-06_I"  taxon="EBOV|MK0889|KU296794|SLE|x|2015-01-06_I"  totalcount="4" value="??"/>
<sequence id="EBOV|508_EMLH|KU296304|SLE|WesternUrban|2015-01-31_I"  taxon="EBOV|508_EMLH|KU296304|SLE|WesternUrban|2015-01-31_I"  totalcount="4" value="??"/>
<sequence id="EBOV|J0066|KP759730|SLE|WesternArea|2014-10-10_I"  taxon="EBOV|J0066|KP759730|SLE|WesternArea|2014-10-10_I"  totalcount="4" value="??"/>
<sequence id="EBOV|J0042|KP759711|SLE|WesternRural|2014-10-04_I"  taxon="EBOV|J0042|KP759711|SLE|WesternRural|2014-10-04_I"  totalcount="4" value="??"/>
<sequence id="EBOV|75674_EMLH|KU296350|SLE|WesternUrban|2015-01-13_I"  taxon="EBOV|75674_EMLH|KU296350|SLE|WesternUrban|2015-01-13_I"  totalcount="4" value="??"/>
<sequence id="EBOV|J0135|KP759602|SLE|WesternRural|2014-11-03_I"  taxon="EBOV|J0135|KP759602|SLE|WesternRural|2014-11-03_I"  totalcount="4" value="??"/>
<sequence id="EBOV|J0016|KP759742|SLE|WesternRural|2014-09-30_I"  taxon="EBOV|J0016|KP759742|SLE|WesternRural|2014-09-30_I"  totalcount="4" value="??"/>
<sequence id="EBOV|MK0866|KU296497|SLE|x|2015-01-05_I"  taxon="EBOV|MK0866|KU296497|SLE|x|2015-01-05_I"  totalcount="4" value="??"/>
<sequence id="EBOV|MK0865|KU296500|SLE|x|2015-01-05_I"  taxon="EBOV|MK0865|KU296500|SLE|x|2015-01-05_I"  totalcount="4" value="??"/>
<sequence id="EBOV|PL4804|KU296766|SLE|PortLoko|2015-03-15_I"  taxon="EBOV|PL4804|KU296766|SLE|PortLoko|2015-03-15_I"  totalcount="4" value="??"/>
<sequence id="EBOV|PL5950|KU296559|SLE|PortLoko|2015-04-08_I"  taxon="EBOV|PL5950|KU296559|SLE|PortLoko|2015-04-08_I"  totalcount="4" value="??"/>
<sequence id="EBOV|PL4443|KU296418|SLE|PortLoko|2015-03-07_I"  taxon="EBOV|PL4443|KU296418|SLE|PortLoko|2015-03-07_I"  totalcount="4" value="??"/>
<sequence id="EBOV|PL4813|KU296798|SLE|PortLoko|2015-03-14_I"  taxon="EBOV|PL4813|KU296798|SLE|PortLoko|2015-03-14_I"  totalcount="4" value="??"/>
<sequence id="EBOV|PL5133|KU296489|SLE|PortLoko|2015-03-21_I"  taxon="EBOV|PL5133|KU296489|SLE|PortLoko|2015-03-21_I"  totalcount="4" value="??"/>
<sequence id="EBOV|MK0464|KU296835|SLE|x|2014-12-24_I"  taxon="EBOV|MK0464|KU296835|SLE|x|2014-12-24_I"  totalcount="4" value="??"/>
<sequence id="EBOV|J0171|KP759707|SLE|WesternRural|2014-11-10_I"  taxon="EBOV|J0171|KP759707|SLE|WesternRural|2014-11-10_I"  totalcount="4" value="??"/>
<sequence id="EBOV|J0002|KP759640|SLE|WesternUrban|2014-09-27_I"  taxon="EBOV|J0002|KP759640|SLE|WesternUrban|2014-09-27_I"  totalcount="4" value="??"/>
<sequence id="EBOV|MK1079|KU296815|SLE|Bombali|2015-01-11_I"  taxon="EBOV|MK1079|KU296815|SLE|Bombali|2015-01-11_I"  totalcount="4" value="??"/>
<sequence id="EBOV|20143317|KR653282|SLE|Bombali|2014-10-29_I"  taxon="EBOV|20143317|KR653282|SLE|Bombali|2014-10-29_I"  totalcount="4" value="??"/>
<sequence id="EBOV|G4333.1|KR105236|SLE|Kailahun|2014-07-13_I"  taxon="EBOV|G4333.1|KR105236|SLE|Kailahun|2014-07-13_I"  totalcount="4" value="??"/>
<sequence id="EBOV|G3926.2|KR105208|SLE|Kailahun|2014-06-22_I"  taxon="EBOV|G3926.2|KR105208|SLE|Kailahun|2014-06-22_I"  totalcount="4" value="??"/>
<sequence id="EBOV|G3764|KM233063|SLE|x|2014-06-12_I"  taxon="EBOV|G3764|KM233063|SLE|x|2014-06-12_I"  totalcount="4" value="??"/>
<sequence id="EBOV|G3840|KM233106|SLE|Kailahun|2014-06-17_I"  taxon="EBOV|G3840|KM233106|SLE|Kailahun|2014-06-17_I"  totalcount="4" value="??"/>
<sequence id="EBOV|G3821|KM233095|SLE|Kailahun|2014-06-15_I"  taxon="EBOV|G3821|KM233095|SLE|Kailahun|2014-06-15_I"  totalcount="4" value="??"/>
<sequence id="EBOV|G3809|KM233086|SLE|Kailahun|2014-06-15_I"  taxon="EBOV|G3809|KM233086|SLE|Kailahun|2014-06-15_I"  totalcount="4" value="??"/>
<sequence id="EBOV|EM104|KM233035|SLE|Kailahun|2014-06-02_I"  taxon="EBOV|EM104|KM233035|SLE|Kailahun|2014-06-02_I"  totalcount="4" value="??"/>
<sequence id="EBOV|G3856|KM233113|SLE|Kenema|2014-06-18_I"  taxon="EBOV|G3856|KM233113|SLE|Kenema|2014-06-18_I"  totalcount="4" value="??"/>
<sequence id="EBOV|G4422.1|KR105250|SLE|Kenema|2014-07-19_I"  taxon="EBOV|G4422.1|KR105250|SLE|Kenema|2014-07-19_I"  totalcount="4" value="??"/>
<sequence id="EBOV|G4316.1|KR105231|SLE|Kenema|2014-07-13_I"  taxon="EBOV|G4316.1|KR105231|SLE|Kenema|2014-07-13_I"  totalcount="4" value="??"/>
<sequence id="EBOV|G4406.1|KR105246|SLE|Kono|2014-07-18_I"  taxon="EBOV|G4406.1|KR105246|SLE|Kono|2014-07-18_I"  totalcount="4" value="??"/>
<sequence id="EBOV|G5364.1|KR105305|SLE|x|2014-08-28_I"  taxon="EBOV|G5364.1|KR105305|SLE|x|2014-08-28_I"  totalcount="4" value="??"/>
<sequence id="EBOV|20140038|KR653267|SLE|Tonkolili|2014-08-23_I"  taxon="EBOV|20140038|KR653267|SLE|Tonkolili|2014-08-23_I"  totalcount="4" value="??"/>
<sequence id="EBOV|G4702.1|KR105265|SLE|Kenema|2014-08-03_I"  taxon="EBOV|G4702.1|KR105265|SLE|Kenema|2014-08-03_I"  totalcount="4" value="??"/>
<sequence id="EBOV|G4701.1|KR105264|SLE|Kenema|2014-08-03_I"  taxon="EBOV|G4701.1|KR105264|SLE|Kenema|2014-08-03_I"  totalcount="4" value="??"/>
<sequence id="EBOV|G4324.1|KR105233|SLE|Kenema|2014-07-14_I"  taxon="EBOV|G4324.1|KR105233|SLE|Kenema|2014-07-14_I"  totalcount="4" value="??"/>
<sequence id="EBOV|G4325.1|KR105234|SLE|Kenema|2014-07-14_I"  taxon="EBOV|G4325.1|KR105234|SLE|Kenema|2014-07-14_I"  totalcount="4" value="??"/>
<sequence id="EBOV|G4856.1|KR105273|SLE|Kenema|2014-08-10_I"  taxon="EBOV|G4856.1|KR105273|SLE|Kenema|2014-08-10_I"  totalcount="4" value="??"/>
<sequence id="EBOV|G5370.1|KR105306|SLE|Kenema|2014-08-28_I"  taxon="EBOV|G5370.1|KR105306|SLE|Kenema|2014-08-28_I"  totalcount="4" value="??"/>
<sequence id="EBOV|Makona-UK1.1|KP184503|SLE|Kenema|2014-08-25_I"  taxon="EBOV|Makona-UK1.1|KP184503|SLE|Kenema|2014-08-25_I"  totalcount="4" value="??"/>
<sequence id="EBOV|G4942.1|KR105279|SLE|Moyamba|2014-08-12_I"  taxon="EBOV|G4942.1|KR105279|SLE|Moyamba|2014-08-12_I"  totalcount="4" value="??"/>
<sequence id="EBOV|G4312.2|KR105230|SLE|PortLoko|2014-07-12_I"  taxon="EBOV|G4312.2|KR105230|SLE|PortLoko|2014-07-12_I"  totalcount="4" value="??"/>
<sequence id="EBOV|G4151.1|KR105215|SLE|Kenema|2014-07-06_I"  taxon="EBOV|G4151.1|KR105215|SLE|Kenema|2014-07-06_I"  totalcount="4" value="??"/>
<sequence id="EBOV|G3855.2|KR105203|SLE|Kenema|2014-06-17_I"  taxon="EBOV|G3855.2|KR105203|SLE|Kenema|2014-06-17_I"  totalcount="4" value="??"/>
<sequence id="EBOV|G3798|KM233079|SLE|Kailahun|2014-06-15_I"  taxon="EBOV|G3798|KM233079|SLE|Kailahun|2014-06-15_I"  totalcount="4" value="??"/>
<sequence id="EBOV|G6062.1|KR105343|SLE|Pujehun|2014-09-25_I"  taxon="EBOV|G6062.1|KR105343|SLE|Pujehun|2014-09-25_I"  totalcount="4" value="??"/>
<sequence id="EBOV|20141643|KR653233|SLE|Pujehun|2014-10-04_I"  taxon="EBOV|20141643|KR653233|SLE|Pujehun|2014-10-04_I"  totalcount="4" value="??"/>
<sequence id="EBOV|G4419.1|KR105249|SLE|Kenema|2014-07-19_I"  taxon="EBOV|G4419.1|KR105249|SLE|Kenema|2014-07-19_I"  totalcount="4" value="??"/>
<sequence id="EBOV|G3952.1|KR105211|SLE|Kailahun|2014-06-25_I"  taxon="EBOV|G3952.1|KR105211|SLE|Kailahun|2014-06-25_I"  totalcount="4" value="??"/>
<sequence id="EBOV|G4730.1|KR105268|SLE|Kenema|2014-08-05_I"  taxon="EBOV|G4730.1|KR105268|SLE|Kenema|2014-08-05_I"  totalcount="4" value="??"/>
<sequence id="EBOV|EM_080265|KR817244|SLE|Kailahun|2014-07-12_I"  taxon="EBOV|EM_080265|KR817244|SLE|Kailahun|2014-07-12_I"  totalcount="4" value="??"/>
<sequence id="EBOV|G3829|KM233102|SLE|Kailahun|2014-06-16_I"  taxon="EBOV|G3829|KM233102|SLE|Kailahun|2014-06-16_I"  totalcount="4" value="??"/>
<sequence id="EBOV|G3851.2|KR105202|SLE|Kenema|2014-06-18_I"  taxon="EBOV|G3851.2|KR105202|SLE|Kenema|2014-06-18_I"  totalcount="4" value="??"/>
<sequence id="EBOV|G4334.1|KR105237|SLE|Kenema|2014-07-14_I"  taxon="EBOV|G4334.1|KR105237|SLE|Kenema|2014-07-14_I"  totalcount="4" value="??"/>
<sequence id="EBOV|505|KR534507|GIN|Conakry|2014-07-24_I"  taxon="EBOV|505|KR534507|GIN|Conakry|2014-07-24_I"  totalcount="4" value="??"/>
<sequence id="EBOV|G4423.1|KR105251|SLE|Kailahun|2014-07-19_I"  taxon="EBOV|G4423.1|KR105251|SLE|Kailahun|2014-07-19_I"  totalcount="4" value="??"/>
<sequence id="EBOV|20143938|KR653264|SLE|Koinadugu|2014-11-07_I"  taxon="EBOV|20143938|KR653264|SLE|Koinadugu|2014-11-07_I"  totalcount="4" value="??"/>
<sequence id="EBOV|20143659|KR653256|SLE|Koinadugu|2014-11-03_I"  taxon="EBOV|20143659|KR653256|SLE|Koinadugu|2014-11-03_I"  totalcount="4" value="??"/>
<sequence id="EBOV|G5996.1|KR105337|SLE|x|2014-09-25_I"  taxon="EBOV|G5996.1|KR105337|SLE|x|2014-09-25_I"  totalcount="4" value="??"/>
<sequence id="EBOV|J0036|KP759694|SLE|PortLoko|2014-10-03_I"  taxon="EBOV|J0036|KP759694|SLE|PortLoko|2014-10-03_I"  totalcount="4" value="??"/>
<sequence id="EBOV|MK0879|KU296410|SLE|PortLoko|2015-01-05_I"  taxon="EBOV|MK0879|KU296410|SLE|PortLoko|2015-01-05_I"  totalcount="4" value="??"/>
<sequence id="EBOV|J0110|KP759660|SLE|WesternUrban|2014-10-31_I"  taxon="EBOV|J0110|KP759660|SLE|WesternUrban|2014-10-31_I"  totalcount="4" value="??"/>
<sequence id="EBOV|KT5320|KU296809|SLE|WesternRural|2015-02-24_I"  taxon="EBOV|KT5320|KU296809|SLE|WesternRural|2015-02-24_I"  totalcount="4" value="??"/>
<sequence id="EBOV|KT5734|KU296595|SLE|WesternRural|2015-03-06_I"  taxon="EBOV|KT5734|KU296595|SLE|WesternRural|2015-03-06_I"  totalcount="4" value="??"/>
<sequence id="EBOV|12615_EMLH|KU296521|SLE|WesternRural|2015-03-22_I"  taxon="EBOV|12615_EMLH|KU296521|SLE|WesternRural|2015-03-22_I"  totalcount="4" value="??"/>
<sequence id="EBOV|J0120|KP759599|SLE|WesternRural|2014-10-30_I"  taxon="EBOV|J0120|KP759599|SLE|WesternRural|2014-10-30_I"  totalcount="4" value="??"/>
<sequence id="EBOV|MK0020|KU296551|SLE|Bombali|2014-12-08_I"  taxon="EBOV|MK0020|KU296551|SLE|Bombali|2014-12-08_I"  totalcount="4" value="??"/>
<sequence id="EBOV|MK1156|KU296605|SLE|Bombali|2015-01-15_I"  taxon="EBOV|MK1156|KU296605|SLE|Bombali|2015-01-15_I"  totalcount="4" value="??"/>
<sequence id="EBOV|MK0592|KU296814|SLE|Bombali|2014-12-28_I"  taxon="EBOV|MK0592|KU296814|SLE|Bombali|2014-12-28_I"  totalcount="4" value="??"/>
<sequence id="EBOV|MK0704|KU296663|SLE|Bombali|2014-12-31_I"  taxon="EBOV|MK0704|KU296663|SLE|Bombali|2014-12-31_I"  totalcount="4" value="??"/>
<sequence id="EBOV|J0023|KP759652|SLE|WesternRural|2014-10-01_I"  taxon="EBOV|J0023|KP759652|SLE|WesternRural|2014-10-01_I"  totalcount="4" value="??"/>
<sequence id="EBOV|G5019.1|KR105294|SLE|Kenema|2014-08-16_I"  taxon="EBOV|G5019.1|KR105294|SLE|Kenema|2014-08-16_I"  totalcount="4" value="??"/>
<sequence id="EBOV|DML12458|KT357823|SLE|WesternUrban|2015-03-28_I"  taxon="EBOV|DML12458|KT357823|SLE|WesternUrban|2015-03-28_I"  totalcount="4" value="??"/>
<sequence id="EBOV|J0161|KP759701|SLE|WesternUrban|2014-11-08_I"  taxon="EBOV|J0161|KP759701|SLE|WesternUrban|2014-11-08_I"  totalcount="4" value="??"/>
<sequence id="EBOV|J0139|KP759687|SLE|WesternUrban|2014-10-30_I"  taxon="EBOV|J0139|KP759687|SLE|WesternUrban|2014-10-30_I"  totalcount="4" value="??"/>
<sequence id="EBOV|J0145|KP759693|SLE|WesternRural|2014-11-06_I"  taxon="EBOV|J0145|KP759693|SLE|WesternRural|2014-11-06_I"  totalcount="4" value="??"/>
<sequence id="EBOV|20144820|KR653243|SLE|Moyamba|2014-11-15_I"  taxon="EBOV|20144820|KR653243|SLE|Moyamba|2014-11-15_I"  totalcount="4" value="??"/>
<sequence id="EBOV|J0046|KP759715|SLE|WesternRural|2014-10-07_I"  taxon="EBOV|J0046|KP759715|SLE|WesternRural|2014-10-07_I"  totalcount="4" value="??"/>
<sequence id="EBOV|J0130|KP759679|SLE|PortLoko|2014-11-02_I"  taxon="EBOV|J0130|KP759679|SLE|PortLoko|2014-11-02_I"  totalcount="4" value="??"/>
<sequence id="EBOV|G6089.1|KR105345|SLE|Tonkolili|2014-09-27_I"  taxon="EBOV|G6089.1|KR105345|SLE|Tonkolili|2014-09-27_I"  totalcount="4" value="??"/>
<sequence id="EBOV|J0010|KP759639|SLE|PortLoko|2014-09-28_I"  taxon="EBOV|J0010|KP759639|SLE|PortLoko|2014-09-28_I"  totalcount="4" value="??"/>
<sequence id="EBOV|J0162|KP759622|SLE|Kambia|2014-11-09_I"  taxon="EBOV|J0162|KP759622|SLE|Kambia|2014-11-09_I"  totalcount="4" value="??"/>
<sequence id="EBOV|J0027|KP759678|SLE|Bombali|2014-10-02_I"  taxon="EBOV|J0027|KP759678|SLE|Bombali|2014-10-02_I"  totalcount="4" value="??"/>
<sequence id="EBOV|77585_EMLK|KU296734|SLE|WesternUrban|2015-01-04_I"  taxon="EBOV|77585_EMLK|KU296734|SLE|WesternUrban|2015-01-04_I"  totalcount="4" value="??"/>
<sequence id="EBOV|J0031|KP759607|SLE|PortLoko|2014-10-03_I"  taxon="EBOV|J0031|KP759607|SLE|PortLoko|2014-10-03_I"  totalcount="4" value="??"/>
<sequence id="EBOV|77589_EMLK|KU296403|SLE|WesternUrban|2015-01-04_I"  taxon="EBOV|77589_EMLK|KU296403|SLE|WesternUrban|2015-01-04_I"  totalcount="4" value="??"/>
<sequence id="EBOV|J0107|KP759768|SLE|WesternUrban|2014-10-29_I"  taxon="EBOV|J0107|KP759768|SLE|WesternUrban|2014-10-29_I"  totalcount="4" value="??"/>
<sequence id="EBOV|20143187|KR653298|SLE|Pujehun|2014-10-28_I"  taxon="EBOV|20143187|KR653298|SLE|Pujehun|2014-10-28_I"  totalcount="4" value="??"/>
<sequence id="EBOV|J0026|KP759670|SLE|Bombali|2014-10-02_I"  taxon="EBOV|J0026|KP759670|SLE|Bombali|2014-10-02_I"  totalcount="4" value="??"/>
<sequence id="EBOV|KT2317|KU296735|SLE|PortLoko|2014-12-02_I"  taxon="EBOV|KT2317|KU296735|SLE|PortLoko|2014-12-02_I"  totalcount="4" value="??"/>
<sequence id="EBOV|KT5249|KU296601|SLE|WesternUrban|2015-02-22_I"  taxon="EBOV|KT5249|KU296601|SLE|WesternUrban|2015-02-22_I"  totalcount="4" value="??"/>
<sequence id="EBOV|380_EMLH|KU296377|SLE|x|2015-01-22_I"  taxon="EBOV|380_EMLH|KU296377|SLE|x|2015-01-22_I"  totalcount="4" value="??"/>
<sequence id="EBOV|J0040|KP759629|SLE|WesternArea|2014-10-04_I"  taxon="EBOV|J0040|KP759629|SLE|WesternArea|2014-10-04_I"  totalcount="4" value="??"/>
<sequence id="EBOV|KT4935|KU296467|SLE|WesternRural|2015-02-11_I"  taxon="EBOV|KT4935|KU296467|SLE|WesternRural|2015-02-11_I"  totalcount="4" value="??"/>
<sequence id="EBOV|G5112.1|KR105298|SLE|Kenema|2014-08-19_I"  taxon="EBOV|G5112.1|KR105298|SLE|Kenema|2014-08-19_I"  totalcount="4" value="??"/>
<sequence id="EBOV|509|KR534508|GIN|Conakry|2014-07-24_I"  taxon="EBOV|509|KR534508|GIN|Conakry|2014-07-24_I"  totalcount="4" value="??"/>
<sequence id="EBOV|J0021|KP759756|SLE|Bombali|2014-09-29_I"  taxon="EBOV|J0021|KP759756|SLE|Bombali|2014-09-29_I"  totalcount="4" value="??"/>
<sequence id="EBOV|1104|KR534533|GIN|Dalaba|2014-09-24_I"  taxon="EBOV|1104|KR534533|GIN|Dalaba|2014-09-24_I"  totalcount="4" value="??"/>
<sequence id="EBOV|77549_EMLK|KU296293|SLE||2015-01-01_I"  taxon="EBOV|77549_EMLK|KU296293|SLE||2015-01-01_I"  totalcount="4" value="??"/>
<sequence id="EBOV|J0093|KP759760|SLE|WesternRural|2014-10-24_I"  taxon="EBOV|J0093|KP759760|SLE|WesternRural|2014-10-24_I"  totalcount="4" value="??"/>
<sequence id="EBOV|480_EMLH|KU296491|SLE|x|2015-01-29_I"  taxon="EBOV|480_EMLH|KU296491|SLE|x|2015-01-29_I"  totalcount="4" value="??"/>
<sequence id="EBOV|611_EMLH|KU296619|SLE|x|2015-02-05_I"  taxon="EBOV|611_EMLH|KU296619|SLE|x|2015-02-05_I"  totalcount="4" value="??"/>
<sequence id="EBOV|793_EMLH|KU296492|SLE|x|2015-02-13_I"  taxon="EBOV|793_EMLH|KU296492|SLE|x|2015-02-13_I"  totalcount="4" value="??"/>
<sequence id="EBOV|KT4631|KU296607|SLE|WesternUrban|2015-02-02_I"  taxon="EBOV|KT4631|KU296607|SLE|WesternUrban|2015-02-02_I"  totalcount="4" value="??"/>
<sequence id="EBOV|518_EMLH|KU296747|SLE|x|2015-02-02_I"  taxon="EBOV|518_EMLH|KU296747|SLE|x|2015-02-02_I"  totalcount="4" value="??"/>
<sequence id="EBOV|762_EMLH|KU296728|SLE|x|2015-02-12_I"  taxon="EBOV|762_EMLH|KU296728|SLE|x|2015-02-12_I"  totalcount="4" value="??"/>
<sequence id="EBOV|470_EMLH|KU296662|SLE|x|2015-01-29_I"  taxon="EBOV|470_EMLH|KU296662|SLE|x|2015-01-29_I"  totalcount="4" value="??"/>
<sequence id="EBOV|PL4346|KU296641|SLE|Kambia|2015-03-04_I"  taxon="EBOV|PL4346|KU296641|SLE|Kambia|2015-03-04_I"  totalcount="4" value="??"/>
<sequence id="EBOV|12934_EMLH|KU296790|SLE|WesternUrban|2015-05-04_I"  taxon="EBOV|12934_EMLH|KU296790|SLE|WesternUrban|2015-05-04_I"  totalcount="4" value="??"/>
<sequence id="EBOV|13031_EMLH|KU296665|SLE|WesternUrban|2015-05-18_I"  taxon="EBOV|13031_EMLH|KU296665|SLE|WesternUrban|2015-05-18_I"  totalcount="4" value="??"/>
<sequence id="EBOV|DML13828||SLE|WesternUrban|2015-06-22_I"  taxon="EBOV|DML13828||SLE|WesternUrban|2015-06-22_I"  totalcount="4" value="??"/>
<sequence id="EBOV|13268_EMLH|KU296603|SLE||2015-06-23_I"  taxon="EBOV|13268_EMLH|KU296603|SLE||2015-06-23_I"  totalcount="4" value="??"/>
<sequence id="EBOV|18659R_EMLH|KU296585|SLE|WesternUrban|2015-07-10_I"  taxon="EBOV|18659R_EMLH|KU296585|SLE|WesternUrban|2015-07-10_I"  totalcount="4" value="??"/>
<sequence id="EBOV|18660_EMLH|KU296838|SLE|WesternUrban|2015-07-10_I"  taxon="EBOV|18660_EMLH|KU296838|SLE|WesternUrban|2015-07-10_I"  totalcount="4" value="??"/>
<sequence id="EBOV|18636_EMLH|KU296460|SLE|x|2015-07-08_I"  taxon="EBOV|18636_EMLH|KU296460|SLE|x|2015-07-08_I"  totalcount="4" value="??"/>
<sequence id="EBOV|18687R_EMLH|KU296650|SLE|WesternUrban|2015-07-12_I"  taxon="EBOV|18687R_EMLH|KU296650|SLE|WesternUrban|2015-07-12_I"  totalcount="4" value="??"/>
<sequence id="EBOV|DML14366|KT357859|SLE|WesternUrban|2015-07-11_I"  taxon="EBOV|DML14366|KT357859|SLE|WesternUrban|2015-07-11_I"  totalcount="4" value="??"/>
<sequence id="EBOV|18706_EMLH|KU296599|SLE|x|2015-07-14_I"  taxon="EBOV|18706_EMLH|KU296599|SLE|x|2015-07-14_I"  totalcount="4" value="??"/>
<sequence id="EBOV|DML14077|KT357860|SLE|WesternUrban|2015-06-30_I"  taxon="EBOV|DML14077|KT357860|SLE|WesternUrban|2015-06-30_I"  totalcount="4" value="??"/>
<sequence id="EBOV|MK9396|KU296321|SLE|WesternUrban|2015-07-18_I"  taxon="EBOV|MK9396|KU296321|SLE|WesternUrban|2015-07-18_I"  totalcount="4" value="??"/>
<sequence id="EBOV|12936_EMLH|KU296561|SLE|WesternUrban|2015-05-04_I"  taxon="EBOV|12936_EMLH|KU296561|SLE|WesternUrban|2015-05-04_I"  totalcount="4" value="??"/>
<sequence id="EBOV|PL2668|KU296294|SLE|PortLoko|2015-01-29_I"  taxon="EBOV|PL2668|KU296294|SLE|PortLoko|2015-01-29_I"  totalcount="4" value="??"/>
<sequence id="EBOV|PL5001|KU296514|SLE|PortLoko|2015-03-19_I"  taxon="EBOV|PL5001|KU296514|SLE|PortLoko|2015-03-19_I"  totalcount="4" value="??"/>
<sequence id="EBOV|12257_EMLH|KU296702|SLE|PortLoko|2015-03-01_I"  taxon="EBOV|12257_EMLH|KU296702|SLE|PortLoko|2015-03-01_I"  totalcount="4" value="??"/>
<sequence id="EBOV|14521_EMLK|KU296755|SLE|WesternUrban|2015-02-13_I"  taxon="EBOV|14521_EMLK|KU296755|SLE|WesternUrban|2015-02-13_I"  totalcount="4" value="??"/>
<sequence id="EBOV|12578_EMLH|KU296307|SLE|WesternRural|2015-03-20_I"  taxon="EBOV|12578_EMLH|KU296307|SLE|WesternRural|2015-03-20_I"  totalcount="4" value="??"/>
<sequence id="EBOV|12180_EMLH|KU296310|SLE|WesternUrban|2015-02-22_I"  taxon="EBOV|12180_EMLH|KU296310|SLE|WesternUrban|2015-02-22_I"  totalcount="4" value="??"/>
<sequence id="EBOV|MK2673|KU296749|SLE|Bombali|2015-03-03_I"  taxon="EBOV|MK2673|KU296749|SLE|Bombali|2015-03-03_I"  totalcount="4" value="??"/>
<sequence id="EBOV|MK2717|KU296425|SLE|Bombali|2015-03-04_I"  taxon="EBOV|MK2717|KU296425|SLE|Bombali|2015-03-04_I"  totalcount="4" value="??"/>
<sequence id="EBOV|MK2371|KU296397|SLE|Bombali|2015-02-25_I"  taxon="EBOV|MK2371|KU296397|SLE|Bombali|2015-02-25_I"  totalcount="4" value="??"/>
<sequence id="EBOV|KT5214|KU296338|SLE|x|2015-02-20_I"  taxon="EBOV|KT5214|KU296338|SLE|x|2015-02-20_I"  totalcount="4" value="??"/>
<sequence id="EBOV|MK2570|KU296346|SLE|Bombali|2015-03-01_I"  taxon="EBOV|MK2570|KU296346|SLE|Bombali|2015-03-01_I"  totalcount="4" value="??"/>
<sequence id="EBOV|MK2367|KU296652|SLE|Bombali|2015-02-25_I"  taxon="EBOV|MK2367|KU296652|SLE|Bombali|2015-02-25_I"  totalcount="4" value="??"/>
<sequence id="EBOV|12634_EMLH|KU296653|SLE|WesternUrban|2015-03-24_I"  taxon="EBOV|12634_EMLH|KU296653|SLE|WesternUrban|2015-03-24_I"  totalcount="4" value="??"/>
<sequence id="EBOV|731_EMLH|KU296765|SLE|WesternUrban|2015-02-11_I"  taxon="EBOV|731_EMLH|KU296765|SLE|WesternUrban|2015-02-11_I"  totalcount="4" value="??"/>
<sequence id="EBOV|MK2344|KU296586|SLE|Bombali|2015-02-24_I"  taxon="EBOV|MK2344|KU296586|SLE|Bombali|2015-02-24_I"  totalcount="4" value="??"/>
<sequence id="EBOV|MK2789|KU296613|SLE|Bombali|2015-03-07_I"  taxon="EBOV|MK2789|KU296613|SLE|Bombali|2015-03-07_I"  totalcount="4" value="??"/>
<sequence id="EBOV|MK2405|KU296542|SLE|Bombali|2015-02-25_I"  taxon="EBOV|MK2405|KU296542|SLE|Bombali|2015-02-25_I"  totalcount="4" value="??"/>
<sequence id="EBOV|PL5019|KU296627|SLE|PortLoko|2015-03-19_I"  taxon="EBOV|PL5019|KU296627|SLE|PortLoko|2015-03-19_I"  totalcount="4" value="??"/>
<sequence id="EBOV|PL5179|KU296638|SLE|PortLoko|2015-03-22_I"  taxon="EBOV|PL5179|KU296638|SLE|PortLoko|2015-03-22_I"  totalcount="4" value="??"/>
<sequence id="EBOV|PL5202|KU296396|SLE|PortLoko|2015-03-23_I"  taxon="EBOV|PL5202|KU296396|SLE|PortLoko|2015-03-23_I"  totalcount="4" value="??"/>
<sequence id="EBOV|MK2506|KU296360|SLE|Bombali|2015-02-27_I"  taxon="EBOV|MK2506|KU296360|SLE|Bombali|2015-02-27_I"  totalcount="4" value="??"/>
<sequence id="EBOV|12579_EMLH|KU296548|SLE|WesternRural|2015-03-20_I"  taxon="EBOV|12579_EMLH|KU296548|SLE|WesternRural|2015-03-20_I"  totalcount="4" value="??"/>
<sequence id="EBOV|MK2283|KU296833|SLE|Bombali|2015-02-22_I"  taxon="EBOV|MK2283|KU296833|SLE|Bombali|2015-02-22_I"  totalcount="4" value="??"/>
<sequence id="EBOV|KT5224|KU296383|SLE|x|2015-02-21_I"  taxon="EBOV|KT5224|KU296383|SLE|x|2015-02-21_I"  totalcount="4" value="??"/>
<sequence id="EBOV|MK2710|KU296703|SLE|Bombali|2015-03-05_I"  taxon="EBOV|MK2710|KU296703|SLE|Bombali|2015-03-05_I"  totalcount="4" value="??"/>
<sequence id="EBOV|12242_EMLH|KU296604|SLE|WesternUrban|2015-02-28_I"  taxon="EBOV|12242_EMLH|KU296604|SLE|WesternUrban|2015-02-28_I"  totalcount="4" value="??"/>
<sequence id="EBOV|MK2255|KU296648|SLE|Bombali|2015-02-21_I"  taxon="EBOV|MK2255|KU296648|SLE|Bombali|2015-02-21_I"  totalcount="4" value="??"/>
<sequence id="EBOV|MK2436|KU296626|SLE|Bombali|2015-02-26_I"  taxon="EBOV|MK2436|KU296626|SLE|Bombali|2015-02-26_I"  totalcount="4" value="??"/>
<sequence id="EBOV|77681_EMLK|KU296435|SLE|x|2015-01-08_I"  taxon="EBOV|77681_EMLK|KU296435|SLE|x|2015-01-08_I"  totalcount="4" value="??"/>
<sequence id="EBOV|77670_EMLK|KU296329|SLE||2015-01-08_I"  taxon="EBOV|77670_EMLK|KU296329|SLE||2015-01-08_I"  totalcount="4" value="??"/>
<sequence id="EBOV|77644_EMLK|KU296312|SLE|WesternUrban|2015-01-07_I"  taxon="EBOV|77644_EMLK|KU296312|SLE|WesternUrban|2015-01-07_I"  totalcount="4" value="??"/>
<sequence id="EBOV|77643_EMLK|KU296395|SLE|WesternUrban|2015-01-07_I"  taxon="EBOV|77643_EMLK|KU296395|SLE|WesternUrban|2015-01-07_I"  totalcount="4" value="??"/>
<sequence id="EBOV|12757_EMLH|KU296468|SLE|WesternUrban|2015-04-03_I"  taxon="EBOV|12757_EMLH|KU296468|SLE|WesternUrban|2015-04-03_I"  totalcount="4" value="??"/>
<sequence id="EBOV|634_EMLH|KU296799|SLE|WesternUrban|2015-02-06_I"  taxon="EBOV|634_EMLH|KU296799|SLE|WesternUrban|2015-02-06_I"  totalcount="4" value="??"/>
<sequence id="EBOV|J0124|KP759673|SLE|WesternArea|2014-11-02_I"  taxon="EBOV|J0124|KP759673|SLE|WesternArea|2014-11-02_I"  totalcount="4" value="??"/>
<sequence id="EBOV|J0167|KP759624|SLE|WesternUrban|2014-11-08_I"  taxon="EBOV|J0167|KP759624|SLE|WesternUrban|2014-11-08_I"  totalcount="4" value="??"/>
<sequence id="EBOV|77711_EMLK|KU296644|SLE|WesternUrban|2015-01-10_I"  taxon="EBOV|77711_EMLK|KU296644|SLE|WesternUrban|2015-01-10_I"  totalcount="4" value="??"/>
<sequence id="EBOV|14830_EMLK|KU296345|SLE|Kambia|2015-04-27_I"  taxon="EBOV|14830_EMLK|KU296345|SLE|Kambia|2015-04-27_I"  totalcount="4" value="??"/>
<sequence id="EBOV|PL6086|KU296651|SLE|Kambia|2015-04-12_I"  taxon="EBOV|PL6086|KU296651|SLE|Kambia|2015-04-12_I"  totalcount="4" value="??"/>
<sequence id="EBOV|77667_EMLK|KU296361|SLE||2015-01-08_I"  taxon="EBOV|77667_EMLK|KU296361|SLE||2015-01-08_I"  totalcount="4" value="??"/>
<sequence id="EBOV|J0047|KP759632|SLE|WesternUrban|2014-10-05_I"  taxon="EBOV|J0047|KP759632|SLE|WesternUrban|2014-10-05_I"  totalcount="4" value="??"/>
<sequence id="EBOV|20143031|KR653275|SLE|WesternUrban|2014-10-25_I"  taxon="EBOV|20143031|KR653275|SLE|WesternUrban|2014-10-25_I"  totalcount="4" value="??"/>
<sequence id="EBOV|EM_COY_2015_015972||GIN|Forecariah|2015-04-20_I"  taxon="EBOV|EM_COY_2015_015972||GIN|Forecariah|2015-04-20_I"  totalcount="4" value="??"/>
<sequence id="EBOV|EM-FORE_2015_1160||GIN|Forecariah|2015-07-13_I"  taxon="EBOV|EM-FORE_2015_1160||GIN|Forecariah|2015-07-13_I"  totalcount="4" value="??"/>
<sequence id="EBOV|EM_COY_2015_016278||GIN|Forecariah|2015-05-05_I"  taxon="EBOV|EM_COY_2015_016278||GIN|Forecariah|2015-05-05_I"  totalcount="4" value="??"/>
<sequence id="EBOV|EM_FORE_2015_781||GIN|Forecariah|2015-06-13_I"  taxon="EBOV|EM_FORE_2015_781||GIN|Forecariah|2015-06-13_I"  totalcount="4" value="??"/>
<sequence id="EBOV|EM_COY_2015_022059||GIN|Forecariah|2015-07-02_I"  taxon="EBOV|EM_COY_2015_022059||GIN|Forecariah|2015-07-02_I"  totalcount="4" value="??"/>
<sequence id="EBOV|EM_FORE_2015_1118||GIN|Forecariah|2015-07-02_I"  taxon="EBOV|EM_FORE_2015_1118||GIN|Forecariah|2015-07-02_I"  totalcount="4" value="??"/>
<sequence id="EBOV|EM_FORE_2015_1313||GIN|Forecariah|2015-07-10_I"  taxon="EBOV|EM_FORE_2015_1313||GIN|Forecariah|2015-07-10_I"  totalcount="4" value="??"/>
<sequence id="EBOV|EM-FORE-2015-838||GIN|Forecariah|2015-06-16_I"  taxon="EBOV|EM-FORE-2015-838||GIN|Forecariah|2015-06-16_I"  totalcount="4" value="??"/>
<sequence id="EBOV|EM_FORE_2015_1076||GIN|Forecariah|2015-07-01_I"  taxon="EBOV|EM_FORE_2015_1076||GIN|Forecariah|2015-07-01_I"  totalcount="4" value="??"/>
<sequence id="EBOV|CON-10786||GIN|Conakry|2015-08-17_I"  taxon="EBOV|CON-10786||GIN|Conakry|2015-08-17_I"  totalcount="4" value="??"/>
<sequence id="EBOV|CON-8811||GIN|Dubreka|2015-06-27_I"  taxon="EBOV|CON-8811||GIN|Dubreka|2015-06-27_I"  totalcount="4" value="??"/>
<sequence id="EBOV|EM-FORE-2015-631||GIN|Forecariah|2015-06-02_I"  taxon="EBOV|EM-FORE-2015-631||GIN|Forecariah|2015-06-02_I"  totalcount="4" value="??"/>
<sequence id="EBOV|IPDPFHGINSP_GUI_2015_5038||GIN|Conakry|2015-04-01_I"  taxon="EBOV|IPDPFHGINSP_GUI_2015_5038||GIN|Conakry|2015-04-01_I"  totalcount="4" value="??"/>
<sequence id="EBOV|EM_COY_2015_017238||GIN|Dubreka|2015-05-31_I"  taxon="EBOV|EM_COY_2015_017238||GIN|Dubreka|2015-05-31_I"  totalcount="4" value="??"/>
<sequence id="EBOV|REDC-GUI-2015-00502||GIN|Conakry|2015-07-13_I"  taxon="EBOV|REDC-GUI-2015-00502||GIN|Conakry|2015-07-13_I"  totalcount="4" value="??"/>
<sequence id="EBOV|REDC_GUI_2015_00576||GIN|Conakry|2015-07-17_I"  taxon="EBOV|REDC_GUI_2015_00576||GIN|Conakry|2015-07-17_I"  totalcount="4" value="??"/>
<sequence id="EBOV|EM_COY_2015_023747||GIN|Dubreka|2015-09-09_I"  taxon="EBOV|EM_COY_2015_023747||GIN|Dubreka|2015-09-09_I"  totalcount="4" value="??"/>
<sequence id="EBOV|CON-10512||GIN|Conakry|2015-08-11_I"  taxon="EBOV|CON-10512||GIN|Conakry|2015-08-11_I"  totalcount="4" value="??"/>
<sequence id="EBOV|EM_FORE_2015-2531||GIN|Forecariah|2015-09-26_I"  taxon="EBOV|EM_FORE_2015-2531||GIN|Forecariah|2015-09-26_I"  totalcount="4" value="??"/>
<sequence id="EBOV|EM_FORE_2015_2878||GIN|Forecariah|2015-10-24_I"  taxon="EBOV|EM_FORE_2015_2878||GIN|Forecariah|2015-10-24_I"  totalcount="4" value="??"/>
<sequence id="EBOV|EM_FORE_2015-2547||GIN|Forecariah|2015-09-26_I"  taxon="EBOV|EM_FORE_2015-2547||GIN|Forecariah|2015-09-26_I"  totalcount="4" value="??"/>
<sequence id="EBOV|EM_COY_2015_017666||GIN|Dubreka|2015-06-12_I"  taxon="EBOV|EM_COY_2015_017666||GIN|Dubreka|2015-06-12_I"  totalcount="4" value="??"/>
<sequence id="EBOV|EM_COY_2015_017240||GIN|Dubreka|2015-05-31_I"  taxon="EBOV|EM_COY_2015_017240||GIN|Dubreka|2015-05-31_I"  totalcount="4" value="??"/>
<sequence id="EBOV|PL5428|KU296532|SLE|Kambia|2015-03-27_I"  taxon="EBOV|PL5428|KU296532|SLE|Kambia|2015-03-27_I"  totalcount="4" value="??"/>
<sequence id="EBOV|1105|KR534579|GIN|Conakry|2014-09-24_I"  taxon="EBOV|1105|KR534579|GIN|Conakry|2014-09-24_I"  totalcount="4" value="??"/>
<sequence id="EBOV|1081|KR534532|GIN|Conakry|2014-09-22_I"  taxon="EBOV|1081|KR534532|GIN|Conakry|2014-09-22_I"  totalcount="4" value="??"/>
<sequence id="EBOV|1059|KR534529|GIN|Conakry|2014-09-21_I"  taxon="EBOV|1059|KR534529|GIN|Conakry|2014-09-21_I"  totalcount="4" value="??"/>
<sequence id="EBOV|KT2669|KU296726|SLE|x|2014-12-13_I"  taxon="EBOV|KT2669|KU296726|SLE|x|2014-12-13_I"  totalcount="4" value="??"/>
<sequence id="EBOV|701|KR534519|GIN|Conakry|2014-08-22_I"  taxon="EBOV|701|KR534519|GIN|Conakry|2014-08-22_I"  totalcount="4" value="??"/>
<sequence id="EBOV|G4698.1|KR105263|SLE|Kenema|2014-08-03_I"  taxon="EBOV|G4698.1|KR105263|SLE|Kenema|2014-08-03_I"  totalcount="4" value="??"/>
<sequence id="EBOV|20142260|KR653262|SLE|Bombali|2014-10-14_I"  taxon="EBOV|20142260|KR653262|SLE|Bombali|2014-10-14_I"  totalcount="4" value="??"/>
<sequence id="EBOV|MK0869|KU296534|SLE|Bombali|2015-01-05_I"  taxon="EBOV|MK0869|KU296534|SLE|Bombali|2015-01-05_I"  totalcount="4" value="??"/>
<sequence id="EBOV|MK0388|KU296630|SLE|Bombali|2014-12-22_I"  taxon="EBOV|MK0388|KU296630|SLE|Bombali|2014-12-22_I"  totalcount="4" value="??"/>
<sequence id="EBOV|MK0434|KU296554|SLE|Bombali|2014-12-23_I"  taxon="EBOV|MK0434|KU296554|SLE|Bombali|2014-12-23_I"  totalcount="4" value="??"/>
<sequence id="EBOV|MK0607|KU296335|SLE|x|2014-12-28_I"  taxon="EBOV|MK0607|KU296335|SLE|x|2014-12-28_I"  totalcount="4" value="??"/>
<sequence id="EBOV|MK0431|KU296621|SLE|Bombali|2014-12-23_I"  taxon="EBOV|MK0431|KU296621|SLE|Bombali|2014-12-23_I"  totalcount="4" value="??"/>
<sequence id="EBOV|MK0491|KU296510|SLE|Bombali|2014-12-23_I"  taxon="EBOV|MK0491|KU296510|SLE|Bombali|2014-12-23_I"  totalcount="4" value="??"/>
<sequence id="EBOV|MK0379|KU296480|SLE|Bombali|2014-12-22_I"  taxon="EBOV|MK0379|KU296480|SLE|Bombali|2014-12-22_I"  totalcount="4" value="??"/>
<sequence id="EBOV|MK1202|KU296581|SLE|Bombali|2015-01-17_I"  taxon="EBOV|MK1202|KU296581|SLE|Bombali|2015-01-17_I"  totalcount="4" value="??"/>
<sequence id="EBOV|MK0868|KU296537|SLE|x|2015-01-05_I"  taxon="EBOV|MK0868|KU296537|SLE|x|2015-01-05_I"  totalcount="4" value="??"/>
<sequence id="EBOV|20143107|KR653247|SLE|Bombali|2014-10-25_I"  taxon="EBOV|20143107|KR653247|SLE|Bombali|2014-10-25_I"  totalcount="4" value="??"/>
<sequence id="EBOV|MK0664|KU296761|SLE|x|2014-12-30_I"  taxon="EBOV|MK0664|KU296761|SLE|x|2014-12-30_I"  totalcount="4" value="??"/>
<sequence id="EBOV|20142843|KR653301|SLE|Bombali|2014-10-23_I"  taxon="EBOV|20142843|KR653301|SLE|Bombali|2014-10-23_I"  totalcount="4" value="??"/>
<sequence id="EBOV|KT4054|KU296429|SLE|x|2015-01-13_I"  taxon="EBOV|KT4054|KU296429|SLE|x|2015-01-13_I"  totalcount="4" value="??"/>
<sequence id="EBOV|MK1000|KU296384|SLE|Bombali|2015-01-10_I"  taxon="EBOV|MK1000|KU296384|SLE|Bombali|2015-01-10_I"  totalcount="4" value="??"/>
<sequence id="EBOV|KT4715|KU296707|SLE|x|2015-02-06_I"  taxon="EBOV|KT4715|KU296707|SLE|x|2015-02-06_I"  totalcount="4" value="??"/>
<sequence id="EBOV|J0123|KP759672|SLE|WesternRural|2014-11-01_I"  taxon="EBOV|J0123|KP759672|SLE|WesternRural|2014-11-01_I"  totalcount="4" value="??"/>
<sequence id="EBOV|J0118|KP759598|SLE|WesternRural|2014-10-31_I"  taxon="EBOV|J0118|KP759598|SLE|WesternRural|2014-10-31_I"  totalcount="4" value="??"/>
<sequence id="EBOV|G4994.1|KR105289|SLE|x|2014-08-15_I"  taxon="EBOV|G4994.1|KR105289|SLE|x|2014-08-15_I"  totalcount="4" value="??"/>
<sequence id="EBOV|J0088|KP759648|SLE|PortLoko|2014-10-20_I"  taxon="EBOV|J0088|KP759648|SLE|PortLoko|2014-10-20_I"  totalcount="4" value="??"/>
<sequence id="EBOV|J0074|KP759739|SLE|WesternRural|2014-10-13_I"  taxon="EBOV|J0074|KP759739|SLE|WesternRural|2014-10-13_I"  totalcount="4" value="??"/>
<sequence id="EBOV|J0168|KP759705|SLE|WesternArea|2014-11-11_I"  taxon="EBOV|J0168|KP759705|SLE|WesternArea|2014-11-11_I"  totalcount="4" value="??"/>
<sequence id="EBOV|G5738.1|KR105322|SLE|Moyamba|2014-09-15_I"  taxon="EBOV|G5738.1|KR105322|SLE|Moyamba|2014-09-15_I"  totalcount="4" value="??"/>
<sequence id="EBOV|G5691.1|KR105318|SLE|Kenema|2014-09-14_I"  taxon="EBOV|G5691.1|KR105318|SLE|Kenema|2014-09-14_I"  totalcount="4" value="??"/>
<sequence id="EBOV|J0048|KP759716|SLE|WesternRural|2014-10-05_I"  taxon="EBOV|J0048|KP759716|SLE|WesternRural|2014-10-05_I"  totalcount="4" value="??"/>
<sequence id="EBOV|955|KR534524|GIN|Coyah|2014-09-11_I"  taxon="EBOV|955|KR534524|GIN|Coyah|2014-09-11_I"  totalcount="4" value="??"/>
<sequence id="EBOV|G4748.1|KR105270|SLE|x|2014-08-05_I"  taxon="EBOV|G4748.1|KR105270|SLE|x|2014-08-05_I"  totalcount="4" value="??"/>
<sequence id="EBOV|G5982.1|KR105332|SLE|x|2014-09-25_I"  taxon="EBOV|G5982.1|KR105332|SLE|x|2014-09-25_I"  totalcount="4" value="??"/>
<sequence id="EBOV|J0164|KP759623|SLE|WesternRural|2014-11-09_I"  taxon="EBOV|J0164|KP759623|SLE|WesternRural|2014-11-09_I"  totalcount="4" value="??"/>
<sequence id="EBOV|20140433|KR653246|SLE|Tonkolili|2014-09-03_I"  taxon="EBOV|20140433|KR653246|SLE|Tonkolili|2014-09-03_I"  totalcount="4" value="??"/>
<sequence id="EBOV|75750_EMLH|KU296464|SLE|WesternUrban|2015-01-17_I"  taxon="EBOV|75750_EMLH|KU296464|SLE|WesternUrban|2015-01-17_I"  totalcount="4" value="??"/>
<sequence id="EBOV|375_EMLH|KU296813|SLE|x|2015-01-21_I"  taxon="EBOV|375_EMLH|KU296813|SLE|x|2015-01-21_I"  totalcount="4" value="??"/>
<sequence id="EBOV|20143036|KR653285|SLE|PortLoko|2014-10-24_I"  taxon="EBOV|20143036|KR653285|SLE|PortLoko|2014-10-24_I"  totalcount="4" value="??"/>
<sequence id="EBOV|J0163|KP759702|SLE|PortLoko|2014-11-08_I"  taxon="EBOV|J0163|KP759702|SLE|PortLoko|2014-11-08_I"  totalcount="4" value="??"/>
<sequence id="EBOV|PL4322|KU296677|SLE|PortLoko|2015-03-05_I"  taxon="EBOV|PL4322|KU296677|SLE|PortLoko|2015-03-05_I"  totalcount="4" value="??"/>
<sequence id="EBOV|PL4121|KU296305|SLE|PortLoko|2015-02-28_I"  taxon="EBOV|PL4121|KU296305|SLE|PortLoko|2015-02-28_I"  totalcount="4" value="??"/>
<sequence id="EBOV|PL4125|KU296471|SLE|PortLoko|2015-02-28_I"  taxon="EBOV|PL4125|KU296471|SLE|PortLoko|2015-02-28_I"  totalcount="4" value="??"/>
<sequence id="EBOV|PL4123|KU296752|SLE|PortLoko|2015-02-28_I"  taxon="EBOV|PL4123|KU296752|SLE|PortLoko|2015-02-28_I"  totalcount="4" value="??"/>
<sequence id="EBOV|PL4330|KU296624|SLE|PortLoko|2015-03-05_I"  taxon="EBOV|PL4330|KU296624|SLE|PortLoko|2015-03-05_I"  totalcount="4" value="??"/>
<sequence id="EBOV|362_EMLH|KU296505|SLE|WesternUrban|2015-01-21_I"  taxon="EBOV|362_EMLH|KU296505|SLE|WesternUrban|2015-01-21_I"  totalcount="4" value="??"/>
<sequence id="EBOV|75688_EMLH|KU296672|SLE|WesternRural|2015-01-14_I"  taxon="EBOV|75688_EMLH|KU296672|SLE|WesternRural|2015-01-14_I"  totalcount="4" value="??"/>
<sequence id="EBOV|J0013|KP759643|SLE|PortLoko|2014-09-28_I"  taxon="EBOV|J0013|KP759643|SLE|PortLoko|2014-09-28_I"  totalcount="4" value="??"/>
<sequence id="EBOV|G3752|KM233061|SLE|Kailahun|2014-06-10_I"  taxon="EBOV|G3752|KM233061|SLE|Kailahun|2014-06-10_I"  totalcount="4" value="??"/>
<sequence id="EBOV|G3913.1|KR105206|SLE|Kenema|2014-06-21_I"  taxon="EBOV|G3913.1|KR105206|SLE|Kenema|2014-06-21_I"  totalcount="4" value="??"/>
<sequence id="EBOV|EM113|KM233040|SLE|Kailahun|2014-06-03_I"  taxon="EBOV|EM113|KM233040|SLE|Kailahun|2014-06-03_I"  totalcount="4" value="??"/>
<sequence id="EBOV|EM119|KM233042|SLE|Kailahun|2014-06-03_I"  taxon="EBOV|EM119|KM233042|SLE|Kailahun|2014-06-03_I"  totalcount="4" value="??"/>
<sequence id="EBOV|EM_074439|KR817119|GIN|Nzerekore|2014-08-01_I"  taxon="EBOV|EM_074439|KR817119|GIN|Nzerekore|2014-08-01_I"  totalcount="4" value="??"/>
<sequence id="EBOV|EM_000128|KR817071|GIN|Gueckedou|2014-09-04_I"  taxon="EBOV|EM_000128|KR817071|GIN|Gueckedou|2014-09-04_I"  totalcount="4" value="??"/>
<sequence id="EBOV|EM_000706|KR817079|GIN|Nzerekore|2014-09-21_I"  taxon="EBOV|EM_000706|KR817079|GIN|Nzerekore|2014-09-21_I"  totalcount="4" value="??"/>
<sequence id="EBOV|EM_079388|KR817178|GIN|Macenta|2014-07-30_I"  taxon="EBOV|EM_079388|KR817178|GIN|Macenta|2014-07-30_I"  totalcount="4" value="??"/>
<sequence id="EBOV|EM_076193|KR817143|GIN|Nzerekore|2014-10-18_I"  taxon="EBOV|EM_076193|KR817143|GIN|Nzerekore|2014-10-18_I"  totalcount="4" value="??"/>
<sequence id="EBOV|EM_000027|KR817068|GIN|x|2014-09-01_I"  taxon="EBOV|EM_000027|KR817068|GIN|x|2014-09-01_I"  totalcount="4" value="??"/>
<sequence id="EBOV|G3799|KM233080|SLE|Kailahun|2014-06-15_I"  taxon="EBOV|G3799|KM233080|SLE|Kailahun|2014-06-15_I"  totalcount="4" value="??"/>
<sequence id="EBOV|EM_074392|KR817115|LBR|x|2014-07-25_I"  taxon="EBOV|EM_074392|KR817115|LBR|x|2014-07-25_I"  totalcount="4" value="??"/>
<sequence id="EBOV|EM_074352|KR817111|LBR|Lofa|2014-07-22_I"  taxon="EBOV|EM_074352|KR817111|LBR|Lofa|2014-07-22_I"  totalcount="4" value="??"/>
<sequence id="EBOV|EM_004580|KR817105|GIN|Faranah|2015-01-27_I"  taxon="EBOV|EM_004580|KR817105|GIN|Faranah|2015-01-27_I"  totalcount="4" value="??"/>
<sequence id="EBOV|EM_000968|KR817085|GIN|Macenta|2014-10-01_I"  taxon="EBOV|EM_000968|KR817085|GIN|Macenta|2014-10-01_I"  totalcount="4" value="??"/>
<sequence id="EBOV|EM_074351|KR817110|LBR|Lofa|2014-07-22_I"  taxon="EBOV|EM_074351|KR817110|LBR|Lofa|2014-07-22_I"  totalcount="4" value="??"/>
<sequence id="EBOV|LIBR10144|KT725271|LBR|x|2014-09-20_I"  taxon="EBOV|LIBR10144|KT725271|LBR|x|2014-09-20_I"  totalcount="4" value="??"/>
<sequence id="EBOV|LIBR0286|KR006952|LBR|GrandCapeMount|2014-11-22_I"  taxon="EBOV|LIBR0286|KR006952|LBR|GrandCapeMount|2014-11-22_I"  totalcount="4" value="??"/>
<sequence id="EBOV|LIBR10076|KT725334|LBR|x|2014-09-20_I"  taxon="EBOV|LIBR10076|KT725334|LBR|x|2014-09-20_I"  totalcount="4" value="??"/>
<sequence id="EBOV|LIBR10252|KT725266|LBR|GrandKru|2014-09-15_I"  taxon="EBOV|LIBR10252|KT725266|LBR|GrandKru|2014-09-15_I"  totalcount="4" value="??"/>
<sequence id="EBOV|LIBR0067|KR006943|LBR|Bomi|2014-11-06_I"  taxon="EBOV|LIBR0067|KR006943|LBR|Bomi|2014-11-06_I"  totalcount="4" value="??"/>
<sequence id="EBOV|LIBR10224|KT725302|LBR|Montserrado|2014-09-26_I"  taxon="EBOV|LIBR10224|KT725302|LBR|Montserrado|2014-09-26_I"  totalcount="4" value="??"/>
<sequence id="EBOV|LIBR10040|KT725314|LBR|x|2014-08-04_I"  taxon="EBOV|LIBR10040|KT725314|LBR|x|2014-08-04_I"  totalcount="4" value="??"/>
<sequence id="EBOV|LIBR10042|KT725261|LBR|x|2014-08-04_I"  taxon="EBOV|LIBR10042|KT725261|LBR|x|2014-08-04_I"  totalcount="4" value="??"/>
<sequence id="EBOV|1120|KR534535|GIN|Conakry|2014-09-25_I"  taxon="EBOV|1120|KR534535|GIN|Conakry|2014-09-25_I"  totalcount="4" value="??"/>
<sequence id="EBOV|LIBR10055|KT725340|LBR|Bomi|2014-09-23_I"  taxon="EBOV|LIBR10055|KT725340|LBR|Bomi|2014-09-23_I"  totalcount="4" value="??"/>
<sequence id="EBOV|EM_078683|KR817170|GIN|Kerouane|2014-12-11_I"  taxon="EBOV|EM_078683|KR817170|GIN|Kerouane|2014-12-11_I"  totalcount="4" value="??"/>
<sequence id="EBOV|EM_004059|KR817090|GIN|Kissidougou|2014-12-20_I"  taxon="EBOV|EM_004059|KR817090|GIN|Kissidougou|2014-12-20_I"  totalcount="4" value="??"/>
<sequence id="EBOV|EM_004259|KR817094|GIN|Kissidougou|2014-12-26_I"  taxon="EBOV|EM_004259|KR817094|GIN|Kissidougou|2014-12-26_I"  totalcount="4" value="??"/>
<sequence id="EBOV|EM_078779|KR817177|GIN|Kissidougou|2014-12-18_I"  taxon="EBOV|EM_078779|KR817177|GIN|Kissidougou|2014-12-18_I"  totalcount="4" value="??"/>
<sequence id="EBOV|EM_004422|KR817097|GIN|Kissidougou|2015-01-02_I"  taxon="EBOV|EM_004422|KR817097|GIN|Kissidougou|2015-01-02_I"  totalcount="4" value="??"/>
<sequence id="EBOV|LIBR10050|KT725270|LBR|x|2014-10-01_I"  taxon="EBOV|LIBR10050|KT725270|LBR|x|2014-10-01_I"  totalcount="4" value="??"/>
<sequence id="EBOV|EM_074822|KR817128|LBR|Lofa|2014-08-17_I"  taxon="EBOV|EM_074822|KR817128|LBR|Lofa|2014-08-17_I"  totalcount="4" value="??"/>
<sequence id="EBOV|EM_074821|KR817127|LBR|Lofa|2014-08-17_I"  taxon="EBOV|EM_074821|KR817127|LBR|Lofa|2014-08-17_I"  totalcount="4" value="??"/>
<sequence id="EBOV|Conakry_645|KR534513|GIN|Macenta|2014-08-14_I"  taxon="EBOV|Conakry_645|KR534513|GIN|Macenta|2014-08-14_I"  totalcount="4" value="??"/>
<sequence id="EBOV|EM_078639|KR817166|GIN|Kankan|2014-12-04_I"  taxon="EBOV|EM_078639|KR817166|GIN|Kankan|2014-12-04_I"  totalcount="4" value="??"/>
<sequence id="EBOV|EM_078556|KR817163|GIN|Kankan|2014-12-01_I"  taxon="EBOV|EM_078556|KR817163|GIN|Kankan|2014-12-01_I"  totalcount="4" value="??"/>
<sequence id="EBOV|EM_078656|KR817168|GIN|Kouroussa|2014-12-09_I"  taxon="EBOV|EM_078656|KR817168|GIN|Kouroussa|2014-12-09_I"  totalcount="4" value="??"/>
<sequence id="EBOV|768|KR534588|GIN|Conakry|2014-08-27_I"  taxon="EBOV|768|KR534588|GIN|Conakry|2014-08-27_I"  totalcount="4" value="??"/>
<sequence id="EBOV|EM_075373|KR817132|GIN|Macenta|2014-08-30_I"  taxon="EBOV|EM_075373|KR817132|GIN|Macenta|2014-08-30_I"  totalcount="4" value="??"/>
<sequence id="EBOV|G3807|KM233084|SLE|Kailahun|2014-06-15_I"  taxon="EBOV|G3807|KM233084|SLE|Kailahun|2014-06-15_I"  totalcount="4" value="??"/>
<sequence id="EBOV|G3782|KM233072|SLE|Kailahun|2014-06-14_I"  taxon="EBOV|G3782|KM233072|SLE|Kailahun|2014-06-14_I"  totalcount="4" value="??"/>
<sequence id="EBOV|G3729|KM233054|SLE|Kailahun|2014-06-07_I"  taxon="EBOV|G3729|KM233054|SLE|Kailahun|2014-06-07_I"  totalcount="4" value="??"/>
<sequence id="EBOV|EM098|KM034552|SLE|Kailahun|2014-05-26_I"  taxon="EBOV|EM098|KM034552|SLE|Kailahun|2014-05-26_I"  totalcount="4" value="??"/>
<sequence id="EBOV|1686|KR534572|GIN|Coyah|2014-10-24_I"  taxon="EBOV|1686|KR534572|GIN|Coyah|2014-10-24_I"  totalcount="4" value="??"/>
<sequence id="EBOV|1436|KR534558|GIN|Coyah|2014-10-13_I"  taxon="EBOV|1436|KR534558|GIN|Coyah|2014-10-13_I"  totalcount="4" value="??"/>
<sequence id="EBOV|1320|KR534590|GIN|Coyah|2014-10-07_I"  taxon="EBOV|1320|KR534590|GIN|Coyah|2014-10-07_I"  totalcount="4" value="??"/>
<sequence id="EBOV|1316|KR534546|GIN|Coyah|2014-10-07_I"  taxon="EBOV|1316|KR534546|GIN|Coyah|2014-10-07_I"  totalcount="4" value="??"/>
<sequence id="EBOV|EM_COY_2015_016449||GIN|Forecariah|2015-05-11_I"  taxon="EBOV|EM_COY_2015_016449||GIN|Forecariah|2015-05-11_I"  totalcount="4" value="??"/>
<sequence id="EBOV|PL4432|KU296481|SLE|Kambia|2015-03-07_I"  taxon="EBOV|PL4432|KU296481|SLE|Kambia|2015-03-07_I"  totalcount="4" value="??"/>
<sequence id="EBOV|PL5249|KU296744|SLE|Kambia|2015-03-24_I"  taxon="EBOV|PL5249|KU296744|SLE|Kambia|2015-03-24_I"  totalcount="4" value="??"/>
<sequence id="EBOV|PL5294|KU296764|SLE|Kambia|2015-03-24_I"  taxon="EBOV|PL5294|KU296764|SLE|Kambia|2015-03-24_I"  totalcount="4" value="??"/>
<sequence id="EBOV|EM_COY_2015_016642||GIN|Forecariah|2015-05-17_I"  taxon="EBOV|EM_COY_2015_016642||GIN|Forecariah|2015-05-17_I"  totalcount="4" value="??"/>
<sequence id="EBOV|EM_COY_2015_016293||GIN|Forecariah|2015-05-06_I"  taxon="EBOV|EM_COY_2015_016293||GIN|Forecariah|2015-05-06_I"  totalcount="4" value="??"/>
<sequence id="EBOV|EM_COY_2015_017091||GIN|Boke|2015-05-28_I"  taxon="EBOV|EM_COY_2015_017091||GIN|Boke|2015-05-28_I"  totalcount="4" value="??"/>
<sequence id="EBOV|KG87||GIN|Boke|2015-06-19_I"  taxon="EBOV|KG87||GIN|Boke|2015-06-19_I"  totalcount="4" value="??"/>
<sequence id="EBOV|EM_COY_2015_016743||GIN|Boke|2015-05-19_I"  taxon="EBOV|EM_COY_2015_016743||GIN|Boke|2015-05-19_I"  totalcount="4" value="??"/>
<sequence id="EBOV|EM_079408|KR817181|GIN|Gueckedou|2014-03-31_I"  taxon="EBOV|EM_079408|KR817181|GIN|Gueckedou|2014-03-31_I"  totalcount="4" value="??"/>
<sequence id="EBOV|EM_079464|KR817195|GIN|Macenta|2014-04-04_I"  taxon="EBOV|EM_079464|KR817195|GIN|Macenta|2014-04-04_I"  totalcount="4" value="??"/>
<sequence id="EBOV|EM_079753|KR817214|GIN|Gueckedou|2014-05-22_I"  taxon="EBOV|EM_079753|KR817214|GIN|Gueckedou|2014-05-22_I"  totalcount="4" value="??"/>
<sequence id="EBOV|EM_079685|KR817209|GIN|Gueckedou|2014-05-11_I"  taxon="EBOV|EM_079685|KR817209|GIN|Gueckedou|2014-05-11_I"  totalcount="4" value="??"/>
<sequence id="EBOV|EM_079659|KR817206|GIN|Gueckedou|2014-05-07_I"  taxon="EBOV|EM_079659|KR817206|GIN|Gueckedou|2014-05-07_I"  totalcount="4" value="??"/>
<sequence id="EBOV|EM_079429|KR817190|GIN|Gueckedou|2014-04-02_I"  taxon="EBOV|EM_079429|KR817190|GIN|Gueckedou|2014-04-02_I"  totalcount="4" value="??"/>
<sequence id="EBOV|EM_079421|KR817186|GIN|Macenta|2014-03-30_I"  taxon="EBOV|EM_079421|KR817186|GIN|Macenta|2014-03-30_I"  totalcount="4" value="??"/>
 

</data>
	
	<model spec='PopModelODE' id='sirmodel' evaluator="compiled"
	     popParams='@initValues' modelParams='@rates'>
		
		<definition spec='Definition'>
			beta = max(0.0, a*t + b)
		</definition>
		
		<matrixeq spec='MatrixEquation' type="migration" origin="E" destination="I">
			gamma0*E*(1-p_hr)
		</matrixeq> 
		
		<matrixeq spec='MatrixEquation' type="migration" origin="E" destination="I_hr">
			gamma0*E*p_hr
		</matrixeq> 
		
<!--
		reverse migrations
-->
<!--
		<matrixeq spec='MatrixEquation' type="migration" origin="I" destination="E">
			.00001
		</matrixeq> 
		
		<matrixeq spec='MatrixEquation' type="migration" origin="I_hr" destination="E">
			.00001
		</matrixeq> 
-->
<!--
		/ reverse migrations
-->
		
		<matrixeq spec='MatrixEquation' type="birth"  origin="I" destination="E"> 
			beta*I
		 </matrixeq> 
		
		<matrixeq spec='MatrixEquation' type="birth"  origin="I_hr" destination="E"> 
			beta*I_hr*trr
		 </matrixeq> 
		 
<!--
		 reverse births
-->
<!--
		<matrixeq spec='MatrixEquation' type="birth"  origin="E" destination="I"> 
			.00001
		 </matrixeq> 
		
		<matrixeq spec='MatrixEquation' type="birth"  origin="E" destination="I_hr"> 
			.00001
		 </matrixeq> 
		 
-->
<!--
		 / reverse births 
-->
		
		<matrixeq spec='MatrixEquation' type="death" origin="I">
			gamma1*I
		</matrixeq> 
		
		<matrixeq spec='MatrixEquation' type="death" origin="I_hr">
			gamma1*I_hr
		</matrixeq> 
			
		<matrixeq spec='MatrixEquation' type="nondeme" origin="R"> 
			gamma1*(I + I_hr )
		</matrixeq>
	</model>
	
	<rates spec="ModelParameters" id='rates'>	
<!--
		11.4 day incubation
		5 day infectiousness 
-->
		<param spec='ParamValue' names='gamma0' values='32.01754'/>
		<param spec='ParamValue' names='gamma1' values='73.0'/>
		<param spec='ParamValue' names='p_hr' values='0.10'/>
		<param spec='ParamValue' names='a' values='@a'/>
		<param spec='ParamValue' names='b' values='@b'/>
		<param spec='ParamValue' names='trr' values='@trr'/>
	</rates>
	
<!--
t1="1.8000765516"
-->
	<trajparams id='initValues' spec='TrajectoryParameters' method="classicrk" 
	            integrationSteps="1000" rTol="0.001" aTol="1.0e-6" order="3" t0="0.0" t1="1.95" >
<!--
	<trajparams id='initValues' spec='TrajectoryParameters' method="adams-bashforth" 
	            integrationSteps="1000" rTol="0.0001" aTol="1.0e-10" order="3" t0="0.0" >
-->
	        <initialValue spec="ParamValue" names='E' values='@initI0'  />
			<initialValue spec="ParamValue" names='I' values='1.0'  />
			<initialValue spec="ParamValue" names='I_hr' values='1.0'  />
			<initialValue spec="ParamValue" names='R' values='0.0'  />
	</trajparams>
	
	<!-- Define tree outside state -->
	<init spec="beast.util.TreeParser" id="tree"
			taxa="@sequences" 
			adjustTipHeights="false"
			IsLabelledNewick="true"
			newick="((EBOV|EM_079413|KR817184|GIN|Gueckedou|2014-03-31_I:0.106301,((EBOV|EM_080063|KR817230|GIN|Gueckedou|2014-06-20_I:0.027604,(EBOV|517|KR534509|GIN|Siguiri|2014-07-24_I:0.105845,EBOV|EM_074335|KR817107|x|x|2014-07-18_I:0.089406):0.014911):0.097378,EBOV|EM_079815|KR817217|GIN|Gueckedou|2014-05-28_I:0.061968):0.203238):0.210192,((EBOV|EM_079442|KR817192|GIN|Gueckedou|2014-04-03_I:0.144872,(((EBOV|G3676|KM034554|SLE|Kailahun|2014-05-27_I:0.069597,EBOV|G3683|KM034561|SLE|Kailahun|2014-05-28_I:0.072338):0.013778,(EBOV|EM_080193|KR817239|LBR|x|2014-06-29_I:0.108514,EBOV|EM_080132|KR817236|SLE|Kailahun|2014-06-24_I:0.094815):0.065273):0.14092,((((((EBOV|G3841|KM233107|SLE|Bo|2014-06-17_I:0.093744,(EBOV|G4221.1|KR105219|SLE|x|2014-07-09_I:0.122779,(((EBOV|LIBR10054|KR006964|LBR|Bomi|2014-09-23_I:0.123713,(EBOV|LIBR10209|KT725371|LBR|Montserrado|2014-09-19_I:0.010771,EBOV|LIBR0008|KT725313|LBR|Montserrado|2014-10-31_I:0.12584):0.101983):0.039573,EBOV|LIBR10037|KT725311|LBR|x|2014-08-10_I:0.042737):0.149922,((EBOV|201403007|KP178538|LBR|x|2014-08-03_I:0.152211,(EBOV|LIBR0380|KT725290|LBR|Montserrado|2014-11-28_I:0.429883,EBOV|LIBR10271|KT725347|LBR|x|2014-08-26_I:0.172349):0.042876):0.014255,EBOV|LIBR10237|KT725275|LBR|x|2014-07-11_I:0.103452):0.007016):0.01779):0.03124):0.013572,(((EBOV|CDC-NIH-3827||LBR|Montserrado|2014-11-23_I:0.335885,EBOV|LIBR10022|KT725378|LBR|x|2014-08-16_I:0.064652):0.011157,(EBOV|LIBR10279|KT725341|LBR|Montserrado|2014-08-26_I:0.078304,((EBOV|LIBR0624|KR006959|LBR|Montserrado|2014-12-22_I:0.017396,EBOV|LIBR0622|KT725288|LBR|Montserrado|2014-12-22_I:0.017396):0.108602,EBOV|LIBR0333|KR006953|LBR|GrandCapeMount|2014-11-25_I:0.052026):0.275593):0.024902):0.095454,(EBOV|LIBR0092|KR006946|LBR|Montserrado|2014-11-08_I:0.349049,(EBOV|LIBR10032|KT725267|LBR|x|2014-08-16_I:0.016044,(EBOV|LIBR10217|KT725323|LBR|x|2014-09-29_I:0.023238,EBOV|CDC-NIH-3871||LBR|GrandBassa|2014-11-25_I:0.179403):0.113355):0.102869):0.05235):0.100437):0.007635,(((((EBOV|LIBR10132|KT725255|LBR|Margibi|2014-09-08_I:0.084181,EBOV|LIBR10212|KT725373|LBR|x|2014-09-19_I:0.114319):0.009894,(EBOV|LIBR10020|KT725292|LBR|x|2014-08-18_I:0.007732,EBOV|LIBR10077|KT725326|LBR|Margibi|2014-08-26_I:0.02965):0.028809):0.145822,EBOV|LIBR10202|KT725356|LBR|Montserrado|2014-08-27_I:0.207021):0.046058,((EBOV|LIBR1195|KR006961|LBR|Margibi|2015-02-02_I:0.561782,EBOV|LIBR10065|KT725298|LBR|x|2014-09-21_I:0.194659):0.034744,EBOV|LIBR0079|KT725274|LBR|Montserrado|2014-11-07_I:0.35817):0.092169):0.048343,((EBOV|LIBR10106|KT725337|LBR|Nimba|2014-08-20_I:0.039087,EBOV|LIBR10053|KR006963|LBR|x|2014-10-01_I:0.154155):0.097451,(EBOV|LIBR10021|KT725335|LBR|x|2014-08-18_I:0.127812,(EBOV|LIBR10277|KT725369|LBR|Margibi|2014-08-26_I:0.130079,((EBOV|LIBR0173|KR006950|LBR|Montserrado|2014-11-14_I:0.339441,(EBOV|LIBR10060|KT725357|LBR|Montserrado|2014-09-23_I:0.148753,EBOV|CDC-NIH-603||LBR|Montserrado|2014-09-04_I:0.096698):0.048223):0.00942,EBOV|LIBR10139|KT725265|LBR|x|2014-09-09_I:0.168039):0.000396):0.019651):0.003246):0.145706):0.008049):0.001888,(EBOV|G3810|KM233087|SLE|Kailahun|2014-06-15_I:0.095321,(EBOV|20140517|KR653263|SLE|Kailahun|2014-09-05_I:0.290499,EBOV|G3796|KM233078|SLE|Kailahun|2014-06-15_I:0.065841):0.02948):0.016038):0.004874,EBOV|G3677|KM034556|SLE|Kailahun|2014-05-26_I:0.061439):0.12017,(((((((EBOV|G5765.1|KR105326|SLE|Moyamba|2014-09-16_I:0.080299,EBOV|G5767.1|KR105327|SLE|x|2014-09-16_I:0.0803):0.005864,EBOV|G5844.1|KR105328|SLE|Moyamba|2014-09-21_I:0.099862):0.114961,EBOV|G4416.1|KR105248|SLE|Bo|2014-07-18_I:0.036741):0.127713,(((((((((EBOV|DML24708|KT357845|SLE|Kono|2015-01-28_I:0.036983,(((((EBOV|PL8172|KU296428|SLE|PortLoko|2015-06-18_I:0.27894,EBOV|PL7801|KU296327|SLE|PortLoko|2015-06-09_I:0.254283):0.002982,EBOV|PL7820|KU296804|SLE|PortLoko|2015-06-09_I:0.257265):0.001942,EBOV|PL7053|KU296757|SLE|PortLoko|2015-05-15_I:0.190714):0.000157,(EBOV|PL8780|KU296404|SLE|PortLoko|2015-07-03_I:0.08284,EBOV|PL9192|KU296401|SLE|PortLoko|2015-07-13_I:0.110237):0.242278):0.02131,((EBOV|15661_EMLK|KU296822|SLE|Kambia|2015-06-28_I:0.136275,((EBOV|KT7095|KU296690|SLE|Kambia|2015-07-05_I:0.053821,EBOV|20525_EMLK|KU296487|SLE|Kambia|2015-09-06_I:0.226425):0.006223,EBOV|19521_EMLK|KU296306|SLE|Kambia|2015-07-05_I:0.060044):0.095409):0.006762,(EBOV|15314_EMLK|KU296600|SLE|Kambia|2015-06-06_I:0.026718,EBOV|15274_EMLK|KU296337|SLE|Kambia|2015-06-04_I:0.021238):0.056045):0.189692):0.117953):0.023883,(EBOV|PL4865|KU296633|SLE|Kambia|2015-03-16_I:0.052049,EBOV|PL5025|KU296412|SLE|Kambia|2015-03-20_I:0.063008):0.137584):0.227811,EBOV|J0099|KP759764|SLE|Kambia|2014-10-28_I:0.036622):0.091263,EBOV|77577_EMLK|KU296533|SLE|WesternUrban|2015-01-03_I:0.311446):0.074847,(EBOV|20143964|KR653242|SLE|Bo|2014-11-07_I:0.080892,EBOV|20142417|KR653254|SLE|Bo|2014-10-19_I:0.028837):0.149237):0.222822,(((EBOV|20142065|KR653274|SLE|Kenema|2014-10-11_I:0.037827,EBOV|20143164|KR653277|SLE|Kenema|2014-10-27_I:0.081663):0.084674,EBOV|J0156|KP759698|SLE|WesternUrban|2014-11-07_I:0.196473):0.186258,EBOV|PL2921|KU296506|SLE|Kambia|2015-02-03_I:0.623828):0.070219):0.012749,EBOV|G4348.1|KR105241|SLE|Kenema|2014-07-09_I:0.134193):0.004533,(EBOV|G4252.1|KR105224|SLE|Kailahun|2014-07-11_I:0.114012,EBOV|G5640.1|KR105313|SLE|x|2014-09-11_I:0.283875):0.030193):0.000754,(((((EBOV|J0121|KP759669|SLE|WesternUrban|2014-10-29_I:0.16172,(EBOV|DML24720|KT357846|SLE|Kono|2015-01-29_I:0.253431,(EBOV|DML24504|KT357826|SLE|Kono|2015-01-13_I:0.158296,(((EBOV|DML24706|KT357844|SLE|Kono|2015-01-28_I:0.054992,EBOV|DML24608|KT357838|SLE|Kono|2015-01-20_I:0.033074):0.049729,EBOV|DML24573|KT357831|SLE|Kono|2015-01-18_I:0.077323):0.090418,((EBOV|DML25123|KT357854|SLE|Kenema|2015-02-18_I:0.151062,(EBOV|DML24669|KT357841|SLE|Kono|2015-01-25_I:0.080207,(EBOV|DML24854|KT357851|SLE|Kono|2015-02-06_I:0.066614,EBOV|DML24604|KT357835|SLE|Kono|2015-01-20_I:0.020038):0.046471):0.005102):0.034382,EBOV|DML24620|KT357840|SLE|Kono|2015-01-21_I:0.108732):0.06723):0.004252):0.0513):0.160343):0.010939,(EBOV|J0146|KP759610|SLE|WesternUrban|2014-11-07_I:0.133003,(EBOV|473_EMLH|KU296524|SLE|x|2015-01-29_I:0.099296,EBOV|MK1040|KU296528|SLE|Bombali|2015-01-11_I:0.049981):0.261104):0.064313):0.027501,EBOV|G5244.1|KR105301|SLE|x|2014-08-22_I:0.013859):0.106231,((((EBOV|20143458|KR653245|SLE|Tonkolili|2014-11-01_I:0.208123,EBOV|J0134|KP759682|SLE|WesternRural|2014-10-31_I:0.205383):0.026638,(EBOV|J0024|KP759663|SLE|WesternRural|2014-09-29_I:0.139451,EBOV|J0007|KP759631|SLE|WesternRural|2014-09-27_I:0.133973):0.004898):0.006559,((EBOV|J0150|KP759696|SLE|WesternUrban|2014-11-06_I:0.039645,EBOV|J0157|KP759699|SLE|WesternUrban|2014-11-06_I:0.039645):0.195835,EBOV|G6104.1|KR105349|SLE|Moyamba|2014-09-28_I:0.128632):0.019539):0.071319,(((((EBOV|MK0889|KU296794|SLE|x|2015-01-06_I:0.422156,EBOV|508_EMLH|KU296304|SLE|WesternUrban|2015-01-31_I:0.490649):0.044304,EBOV|J0066|KP759730|SLE|WesternArea|2014-10-10_I:0.225363):0.018432,EBOV|J0042|KP759711|SLE|WesternRural|2014-10-04_I:0.227357):0.00369,(((EBOV|75674_EMLH|KU296350|SLE|WesternUrban|2015-01-13_I:0.229203,EBOV|J0135|KP759602|SLE|WesternRural|2014-11-03_I:0.034682):0.18226,EBOV|J0016|KP759742|SLE|WesternRural|2014-09-30_I:0.123791):0.012336,((EBOV|MK0866|KU296497|SLE|x|2015-01-05_I:0.043176,(EBOV|MK0865|KU296500|SLE|x|2015-01-05_I:0.028863,((EBOV|PL4804|KU296766|SLE|PortLoko|2015-03-15_I:0.159529,((EBOV|PL5950|KU296559|SLE|PortLoko|2015-04-08_I:0.146675,EBOV|PL4443|KU296418|SLE|PortLoko|2015-03-07_I:0.059004):0.007632,EBOV|PL4813|KU296798|SLE|PortLoko|2015-03-14_I:0.085814):0.070974):0.011782,EBOV|PL5133|KU296489|SLE|PortLoko|2015-03-21_I:0.187748):0.046594):0.014313):0.037556,EBOV|MK0464|KU296835|SLE|x|2014-12-24_I:0.047855):0.321149):0.083961):0.002807,((EBOV|J0171|KP759707|SLE|WesternRural|2014-11-10_I:0.148196,EBOV|J0002|KP759640|SLE|WesternUrban|2014-09-27_I:0.027648):0.033452,(EBOV|MK1079|KU296815|SLE|Bombali|2015-01-11_I:0.247881,EBOV|20143317|KR653282|SLE|Bombali|2014-10-29_I:0.045141):0.103629):0.153576):0.002074):0.001971):0.126961,EBOV|G4333.1|KR105236|SLE|Kailahun|2014-07-13_I:0.13746):0.012978):0.000316):0.001692,EBOV|G3926.2|KR105208|SLE|Kailahun|2014-06-22_I:0.094913):0.14272,(((((EBOV|G3764|KM233063|SLE|x|2014-06-12_I:0.051385,EBOV|G3840|KM233106|SLE|Kailahun|2014-06-17_I:0.065084):0.017202,(EBOV|G3821|KM233095|SLE|Kailahun|2014-06-15_I:0.010566,EBOV|G3809|KM233086|SLE|Kailahun|2014-06-15_I:0.010565):0.066241):0.003881,EBOV|EM104|KM233035|SLE|Kailahun|2014-06-02_I:0.045071):0.13739,(((((EBOV|G3856|KM233113|SLE|Kenema|2014-06-18_I:0.006802,(((EBOV|G4422.1|KR105250|SLE|Kenema|2014-07-19_I:0.076612,(EBOV|G4316.1|KR105231|SLE|Kenema|2014-07-13_I:0.058999,(EBOV|G4406.1|KR105246|SLE|Kono|2014-07-18_I:0.012205,(EBOV|G5364.1|KR105305|SLE|x|2014-08-28_I:0.074875,EBOV|20140038|KR653267|SLE|Tonkolili|2014-08-23_I:0.061176):0.049659):0.060493):0.001175):0.002605,(((EBOV|G4702.1|KR105265|SLE|Kenema|2014-08-03_I:0.021706,EBOV|G4701.1|KR105264|SLE|Kenema|2014-08-03_I:0.021706):0.063008,EBOV|G4324.1|KR105233|SLE|Kenema|2014-07-14_I:0.02992):0.001085,EBOV|G4325.1|KR105234|SLE|Kenema|2014-07-14_I:0.031005):0.034513):0.002159,(((EBOV|G4856.1|KR105273|SLE|Kenema|2014-08-10_I:0.068022,EBOV|G5370.1|KR105306|SLE|Kenema|2014-08-28_I:0.117336):0.006494,(EBOV|Makona-UK1.1|KP184503|SLE|Kenema|2014-08-25_I:0.108116,EBOV|G4942.1|KR105279|SLE|Moyamba|2014-08-12_I:0.072501):0.007495):0.029402,EBOV|G4312.2|KR105230|SLE|PortLoko|2014-07-12_I:0.024465):0.037733):0.010357):0.07652,EBOV|G4151.1|KR105215|SLE|Kenema|2014-07-06_I:0.132638):0.003767,(EBOV|G3855.2|KR105203|SLE|Kenema|2014-06-17_I:0.079657,EBOV|G3798|KM233079|SLE|Kailahun|2014-06-15_I:0.074177):0.004693):0.000409,(((EBOV|G6062.1|KR105343|SLE|Pujehun|2014-09-25_I:0.03702,EBOV|20141643|KR653233|SLE|Pujehun|2014-10-04_I:0.061678):0.197298,EBOV|G4419.1|KR105249|SLE|Kenema|2014-07-19_I:0.048018):0.11245,EBOV|G3952.1|KR105211|SLE|Kailahun|2014-06-25_I:0.094715):0.011961):0.138359,(((EBOV|G4730.1|KR105268|SLE|Kenema|2014-08-05_I:0.164364,(EBOV|EM_080265|KR817244|SLE|Kailahun|2014-07-12_I:0.075875,EBOV|G3829|KM233102|SLE|Kailahun|2014-06-16_I:0.004642):0.022735):0.183342,((((EBOV|G3851.2|KR105202|SLE|Kenema|2014-06-18_I:0.031113,EBOV|G4334.1|KR105237|SLE|Kenema|2014-07-14_I:0.102346):0.184791,((((EBOV|505|KR534507|GIN|Conakry|2014-07-24_I:0.111408,EBOV|G4423.1|KR105251|SLE|Kailahun|2014-07-19_I:0.097709):0.004456,((((EBOV|20143938|KR653264|SLE|Koinadugu|2014-11-07_I:0.065059,EBOV|20143659|KR653256|SLE|Koinadugu|2014-11-03_I:0.0541):0.209753,(EBOV|G5996.1|KR105337|SLE|x|2014-09-25_I:0.118654,((EBOV|J0036|KP759694|SLE|PortLoko|2014-10-03_I:0.06093,EBOV|MK0879|KU296410|SLE|PortLoko|2015-01-05_I:0.318463):0.032026,(EBOV|J0110|KP759660|SLE|WesternUrban|2014-10-31_I:0.139606,((EBOV|KT5320|KU296809|SLE|WesternRural|2015-02-24_I:0.056619,(EBOV|KT5734|KU296595|SLE|WesternRural|2015-03-06_I:0.028164,EBOV|12615_EMLH|KU296521|SLE|WesternRural|2015-03-22_I:0.072):0.055852):0.333452,EBOV|J0120|KP759599|SLE|WesternRural|2014-10-30_I:0.069524):0.067342):0.030063):0.047616):0.03835):0.058686,((((EBOV|MK0020|KU296551|SLE|Bombali|2014-12-08_I:0.191676,(EBOV|MK1156|KU296605|SLE|Bombali|2015-01-15_I:0.162752,(EBOV|MK0592|KU296814|SLE|Bombali|2014-12-28_I:0.096083,EBOV|MK0704|KU296663|SLE|Bombali|2014-12-31_I:0.104302):0.017354):0.133034):0.060448,EBOV|J0023|KP759652|SLE|WesternRural|2014-10-01_I:0.065823):0.104565,EBOV|G5019.1|KR105294|SLE|Kenema|2014-08-16_I:0.04436):0.060731,(((((EBOV|DML12458|KT357823|SLE|WesternUrban|2015-03-28_I:0.509054,(EBOV|J0161|KP759701|SLE|WesternUrban|2014-11-08_I:0.122144,EBOV|J0139|KP759687|SLE|WesternUrban|2014-10-30_I:0.097486):0.003349):0.020804,(EBOV|J0145|KP759693|SLE|WesternRural|2014-11-06_I:0.084973,EBOV|20144820|KR653243|SLE|Moyamba|2014-11-15_I:0.109631):0.055843):0.16652,EBOV|J0046|KP759715|SLE|WesternRural|2014-10-07_I:0.225145):0.020838,((EBOV|J0130|KP759679|SLE|PortLoko|2014-11-02_I:0.194735,EBOV|G6089.1|KR105345|SLE|Tonkolili|2014-09-27_I:0.096105):0.020694,EBOV|J0010|KP759639|SLE|PortLoko|2014-09-28_I:0.119539):0.101788):0.000482,((EBOV|J0162|KP759622|SLE|Kambia|2014-11-09_I:0.257366,(EBOV|J0027|KP759678|SLE|Bombali|2014-10-02_I:0.143749,EBOV|77585_EMLK|KU296734|SLE|WesternUrban|2015-01-04_I:0.401284):0.009507):0.007886,EBOV|J0031|KP759607|SLE|PortLoko|2014-10-03_I:0.163882):0.071626):0.001091):0.001008):0.054574,((((EBOV|77589_EMLK|KU296403|SLE|WesternUrban|2015-01-04_I:0.278994,EBOV|J0107|KP759768|SLE|WesternUrban|2014-10-29_I:0.095433):0.13937,(EBOV|20143187|KR653298|SLE|Pujehun|2014-10-28_I:0.227677,(EBOV|J0026|KP759670|SLE|Bombali|2014-10-02_I:0.150053,EBOV|KT2317|KU296735|SLE|PortLoko|2014-12-02_I:0.317176):0.00639):0.004387):0.006363,(((EBOV|KT5249|KU296601|SLE|WesternUrban|2015-02-22_I:0.112853,EBOV|380_EMLH|KU296377|SLE|x|2015-01-22_I:0.027921):0.429376,EBOV|J0040|KP759629|SLE|WesternArea|2014-10-04_I:0.155927):0.012276,EBOV|KT4935|KU296467|SLE|WesternRural|2015-02-11_I:0.524367):0.00447):0.002946,EBOV|G5112.1|KR105298|SLE|Kenema|2014-08-19_I:0.049592):0.119302):0.018203):0.193083,(EBOV|509|KR534508|GIN|Conakry|2014-07-24_I:0.301158,(((EBOV|J0021|KP759756|SLE|Bombali|2014-09-29_I:0.266779,EBOV|1104|KR534533|GIN|Dalaba|2014-09-24_I:0.25308):0.023521,(EBOV|77549_EMLK|KU296293|SLE||2015-01-01_I:0.451893,(((EBOV|J0093|KP759760|SLE|WesternRural|2014-10-24_I:0.082061,((((EBOV|480_EMLH|KU296491|SLE|x|2015-01-29_I:0.084889,EBOV|611_EMLH|KU296619|SLE|x|2015-02-05_I:0.104067):0.008215,(EBOV|793_EMLH|KU296492|SLE|x|2015-02-13_I:0.127837,(EBOV|KT4631|KU296607|SLE|WesternUrban|2015-02-02_I:0.058652,EBOV|518_EMLH|KU296747|SLE|x|2015-02-02_I:0.058652):0.039048):0.006362):0.002333,EBOV|762_EMLH|KU296728|SLE|x|2015-02-12_I:0.133793):0.00106,EBOV|470_EMLH|KU296662|SLE|x|2015-01-29_I:0.096496):0.251317):0.164857,((EBOV|PL4346|KU296641|SLE|Kambia|2015-03-04_I:0.23075,((EBOV|12934_EMLH|KU296790|SLE|WesternUrban|2015-05-04_I:0.327757,(EBOV|13031_EMLH|KU296665|SLE|WesternUrban|2015-05-18_I:0.310008,((EBOV|DML13828||SLE|WesternUrban|2015-06-22_I:0.357447,(((EBOV|13268_EMLH|KU296603|SLE||2015-06-23_I:0.065183,EBOV|18659R_EMLH|KU296585|SLE|WesternUrban|2015-07-10_I:0.111758):0.289571,((EBOV|18660_EMLH|KU296838|SLE|WesternUrban|2015-07-10_I:0.395739,(EBOV|18636_EMLH|KU296460|SLE|x|2015-07-08_I:0.02223,EBOV|18687R_EMLH|KU296650|SLE|WesternUrban|2015-07-12_I:0.033189):0.36803):0.001473,(EBOV|DML14366|KT357859|SLE|WesternUrban|2015-07-11_I:0.080457,EBOV|18706_EMLH|KU296599|SLE|x|2015-07-14_I:0.088676):0.319495):0.004117):0.000246,EBOV|DML14077|KT357860|SLE|WesternUrban|2015-06-30_I:0.374179):0.005187):0.044596,EBOV|MK9396|KU296321|SLE|WesternUrban|2015-07-18_I:0.473276):0.003856):0.056104):0.011495,EBOV|12936_EMLH|KU296561|SLE|WesternUrban|2015-05-04_I:0.339251):0.058622):0.3163,((EBOV|PL2668|KU296294|SLE|PortLoko|2015-01-29_I:0.054561,(EBOV|PL5001|KU296514|SLE|PortLoko|2015-03-19_I:0.151497,EBOV|12257_EMLH|KU296702|SLE|PortLoko|2015-03-01_I:0.102182):0.037311):0.302412,(((((((EBOV|14521_EMLK|KU296755|SLE|WesternUrban|2015-02-13_I:0.04151,EBOV|12578_EMLH|KU296307|SLE|WesternRural|2015-03-20_I:0.137401):0.004089,EBOV|12180_EMLH|KU296310|SLE|WesternUrban|2015-02-22_I:0.070256):0.00652,EBOV|MK2673|KU296749|SLE|Bombali|2015-03-03_I:0.101434):0.014833,((EBOV|MK2717|KU296425|SLE|Bombali|2015-03-04_I:0.081347,(EBOV|MK2371|KU296397|SLE|Bombali|2015-02-25_I:0.059808,EBOV|KT5214|KU296338|SLE|x|2015-02-20_I:0.04611):0.002361):0.000437,EBOV|MK2570|KU296346|SLE|Bombali|2015-03-01_I:0.073565):0.037221):0.018967,(((((EBOV|MK2367|KU296652|SLE|Bombali|2015-02-25_I:0.084716,EBOV|12634_EMLH|KU296653|SLE|WesternUrban|2015-03-24_I:0.158688):0.017777,EBOV|731_EMLH|KU296765|SLE|WesternUrban|2015-02-11_I:0.064137):0.001557,(EBOV|MK2344|KU296586|SLE|Bombali|2015-02-24_I:0.085741,EBOV|MK2789|KU296613|SLE|Bombali|2015-03-07_I:0.115878):0.015569):0.01111,((EBOV|MK2405|KU296542|SLE|Bombali|2015-02-25_I:0.103535,((EBOV|PL5019|KU296627|SLE|PortLoko|2015-03-19_I:0.105264,EBOV|PL5179|KU296638|SLE|PortLoko|2015-03-22_I:0.113483):0.000139,EBOV|PL5202|KU296396|SLE|PortLoko|2015-03-23_I:0.116362):0.058406):0.004472,(((EBOV|MK2506|KU296360|SLE|Bombali|2015-02-27_I:0.0897,((EBOV|12579_EMLH|KU296548|SLE|WesternRural|2015-03-20_I:0.127225,EBOV|MK2283|KU296833|SLE|Bombali|2015-02-22_I:0.055992):0.018475,EBOV|KT5224|KU296383|SLE|x|2015-02-21_I:0.071727):0.001534):0.000972,EBOV|MK2710|KU296703|SLE|Bombali|2015-03-05_I:0.10711):0.001642,(EBOV|12242_EMLH|KU296604|SLE|WesternUrban|2015-02-28_I:0.072313,EBOV|MK2255|KU296648|SLE|Bombali|2015-02-21_I:0.053135):0.022739):0.021174):0.007151):2.9e-05,EBOV|MK2436|KU296626|SLE|Bombali|2015-02-26_I:0.117928):0.003608):0.080907,(EBOV|77681_EMLK|KU296435|SLE|x|2015-01-08_I:0.057374,(EBOV|77670_EMLK|KU296329|SLE||2015-01-08_I:0.041288,EBOV|77644_EMLK|KU296312|SLE|WesternUrban|2015-01-07_I:0.038548):0.016086):0.010823):0.053837,(EBOV|77643_EMLK|KU296395|SLE|WesternUrban|2015-01-07_I:0.089545,(EBOV|12757_EMLH|KU296468|SLE|WesternUrban|2015-04-03_I:0.230772,EBOV|634_EMLH|KU296799|SLE|WesternUrban|2015-02-06_I:0.077348):0.09439):0.029749):0.177405):0.096927):0.058771):0.015743,((EBOV|J0124|KP759673|SLE|WesternArea|2014-11-02_I:0.212172,EBOV|J0167|KP759624|SLE|WesternUrban|2014-11-08_I:0.22861):0.030185,((EBOV|77711_EMLK|KU296644|SLE|WesternUrban|2015-01-10_I:0.076293,((EBOV|14830_EMLK|KU296345|SLE|Kambia|2015-04-27_I:0.106398,EBOV|PL6086|KU296651|SLE|Kambia|2015-04-12_I:0.065301):0.211314,EBOV|77667_EMLK|KU296361|SLE||2015-01-08_I:0.01908):0.051733):0.349353,(EBOV|J0047|KP759632|SLE|WesternUrban|2014-10-05_I:0.021245,EBOV|20143031|KR653275|SLE|WesternUrban|2014-10-25_I:0.076039):0.138648):0.005752):0.044962):0.00019):0.095942):0.194137,((((EBOV|EM_COY_2015_015972||GIN|Forecariah|2015-04-20_I:0.559753,(EBOV|EM-FORE_2015_1160||GIN|Forecariah|2015-07-13_I:0.67925,(EBOV|EM_COY_2015_016278||GIN|Forecariah|2015-05-05_I:0.028216,((EBOV|EM_FORE_2015_781||GIN|Forecariah|2015-06-13_I:0.079486,((((EBOV|EM_COY_2015_022059||GIN|Forecariah|2015-07-02_I:0.078787,EBOV|EM_FORE_2015_1118||GIN|Forecariah|2015-07-02_I:0.078787):0.006701,EBOV|EM_FORE_2015_1313||GIN|Forecariah|2015-07-10_I:0.107405):0.011857,EBOV|EM-FORE-2015-838||GIN|Forecariah|2015-06-16_I:0.053508):0.004959,((EBOV|EM_FORE_2015_1076||GIN|Forecariah|2015-07-01_I:0.081445,EBOV|CON-10786||GIN|Conakry|2015-08-17_I:0.210212):0.008578,EBOV|CON-8811||GIN|Dubreka|2015-06-27_I:0.079064):0.009541):0.029237):0.007524,EBOV|EM-FORE-2015-631||GIN|Forecariah|2015-06-02_I:0.056872):0.048057):0.461992):0.11064):0.060964,((EBOV|IPDPFHGINSP_GUI_2015_5038||GIN|Conakry|2015-04-01_I:0.010731,((EBOV|EM_COY_2015_017238||GIN|Dubreka|2015-05-31_I:0.103714,((((EBOV|REDC-GUI-2015-00502||GIN|Conakry|2015-07-13_I:0.102194,EBOV|REDC_GUI_2015_00576||GIN|Conakry|2015-07-17_I:0.113153):0.014953,EBOV|EM_COY_2015_023747||GIN|Dubreka|2015-09-09_I:0.276052):0.004443,(EBOV|CON-10512||GIN|Conakry|2015-08-11_I:0.065536,((EBOV|EM_FORE_2015-2531||GIN|Forecariah|2015-09-26_I:0.06021,EBOV|EM_FORE_2015_2878||GIN|Forecariah|2015-10-24_I:0.136923):0.008111,EBOV|EM_FORE_2015-2547||GIN|Forecariah|2015-09-26_I:0.068321):0.123242):0.135508):0.067105,EBOV|EM_COY_2015_017666||GIN|Dubreka|2015-06-12_I:0.103763):0.032828):0.011104,EBOV|EM_COY_2015_017240||GIN|Dubreka|2015-05-31_I:0.114819):0.060296):0.206143,EBOV|PL5428|KU296532|SLE|Kambia|2015-03-27_I:0.203175):0.351788):0.343701,EBOV|1105|KR534579|GIN|Conakry|2014-09-24_I:0.394554):0.074188,((EBOV|1081|KR534532|GIN|Conakry|2014-09-22_I:0.193688,(EBOV|1059|KR534529|GIN|Conakry|2014-09-21_I:0.167493,EBOV|KT2669|KU296726|SLE|x|2014-12-13_I:0.39489):0.023456):0.039183,EBOV|701|KR534519|GIN|Conakry|2014-08-22_I:0.147939):0.230392):0.001995):0.000283):0.007789):0.004994,(EBOV|G4698.1|KR105263|SLE|Kenema|2014-08-03_I:0.164617,(((EBOV|20142260|KR653262|SLE|Bombali|2014-10-14_I:0.176299,((EBOV|MK0869|KU296534|SLE|Bombali|2015-01-05_I:0.303712,((EBOV|MK0388|KU296630|SLE|Bombali|2014-12-22_I:0.122264,((EBOV|MK0434|KU296554|SLE|Bombali|2014-12-23_I:0.047715,(EBOV|MK0607|KU296335|SLE|x|2014-12-28_I:0.049778,EBOV|MK0431|KU296621|SLE|Bombali|2014-12-23_I:0.036079):0.011636):0.03245,EBOV|MK0491|KU296510|SLE|Bombali|2014-12-23_I:0.080165):0.044839):0.045665,(EBOV|MK0379|KU296480|SLE|Bombali|2014-12-22_I:0.154002,(EBOV|MK1202|KU296581|SLE|Bombali|2015-01-17_I:0.117037,EBOV|MK0868|KU296537|SLE|x|2015-01-05_I:0.08416):0.108199):0.013927):0.097427):0.046224,((EBOV|20143107|KR653247|SLE|Bombali|2014-10-25_I:0.051652,EBOV|MK0664|KU296761|SLE|x|2014-12-30_I:0.232474):0.011759,EBOV|20142843|KR653301|SLE|Bombali|2014-10-23_I:0.057932):0.089265):0.053761):0.082703,((EBOV|KT4054|KU296429|SLE|x|2015-01-13_I:0.47717,(EBOV|MK1000|KU296384|SLE|Bombali|2015-01-10_I:0.459899,EBOV|KT4715|KU296707|SLE|x|2015-02-06_I:0.533873):0.009051):0.024147,EBOV|J0123|KP759672|SLE|WesternRural|2014-11-01_I:0.301317):0.007001):0.096756,(((((EBOV|J0118|KP759598|SLE|WesternRural|2014-10-31_I:0.271453,(EBOV|G4994.1|KR105289|SLE|x|2014-08-15_I:0.008952,EBOV|J0088|KP759648|SLE|PortLoko|2014-10-20_I:0.189774):0.051542):0.002124,((EBOV|J0074|KP759739|SLE|WesternRural|2014-10-13_I:0.0394,EBOV|J0168|KP759705|SLE|WesternArea|2014-11-11_I:0.118852):0.164717,EBOV|G5738.1|KR105322|SLE|Moyamba|2014-09-15_I:0.127406):0.020144):0.01137,(EBOV|G5691.1|KR105318|SLE|Kenema|2014-09-14_I:0.131435,(EBOV|J0048|KP759716|SLE|WesternRural|2014-10-05_I:0.17448,EBOV|955|KR534524|GIN|Coyah|2014-09-11_I:0.108726):0.014489):0.024744):0.082008,EBOV|G4748.1|KR105270|SLE|x|2014-08-05_I:0.128598):0.031051,(EBOV|G5982.1|KR105332|SLE|x|2014-09-25_I:0.210017,((EBOV|J0164|KP759623|SLE|WesternRural|2014-11-09_I:0.242178,EBOV|20140433|KR653246|SLE|Tonkolili|2014-09-03_I:0.058617):0.03622,((EBOV|75750_EMLH|KU296464|SLE|WesternUrban|2015-01-17_I:0.032165,EBOV|375_EMLH|KU296813|SLE|x|2015-01-21_I:0.043124):0.429591,((EBOV|20143036|KR653285|SLE|PortLoko|2014-10-24_I:0.101017,(EBOV|J0163|KP759702|SLE|PortLoko|2014-11-08_I:0.043755,((EBOV|PL4322|KU296677|SLE|PortLoko|2015-03-05_I:0.079963,((EBOV|PL4121|KU296305|SLE|PortLoko|2015-02-28_I:0.064227,EBOV|PL4125|KU296471|SLE|PortLoko|2015-02-28_I:0.064227):0.000838,(EBOV|PL4123|KU296752|SLE|PortLoko|2015-02-28_I:0.055067,EBOV|PL4330|KU296624|SLE|PortLoko|2015-03-05_I:0.068765):0.009998):0.0012):0.219928,(EBOV|362_EMLH|KU296505|SLE|WesternUrban|2015-01-21_I:0.036413,EBOV|75688_EMLH|KU296672|SLE|WesternRural|2015-01-14_I:0.017235):0.14567):0.064412):0.098357):0.031935,EBOV|J0013|KP759643|SLE|PortLoko|2014-09-28_I:0.061719):0.095928):0.005684):0.054907):0.089357):0.00433):0.006119):0.176721):0.000593):0.000213,EBOV|G3752|KM233061|SLE|Kailahun|2014-06-10_I:0.194199):7e-06,EBOV|G3913.1|KR105206|SLE|Kenema|2014-06-21_I:0.224342):7.5e-05):0.009134,EBOV|EM113|KM233040|SLE|Kailahun|2014-06-03_I:0.184235):0.000526):0.000439):0.000316,EBOV|EM119|KM233042|SLE|Kailahun|2014-06-03_I:0.185517):6.3e-05):0.016766,((((EBOV|EM_074439|KR817119|GIN|Nzerekore|2014-08-01_I:0.015784,(EBOV|EM_000128|KR817071|GIN|Gueckedou|2014-09-04_I:0.081658,EBOV|EM_000706|KR817079|GIN|Nzerekore|2014-09-21_I:0.128234):0.027276):0.211265,(EBOV|EM_079388|KR817178|GIN|Macenta|2014-07-30_I:0.059343,(EBOV|EM_076193|KR817143|GIN|Nzerekore|2014-10-18_I:0.250082,EBOV|EM_000027|KR817068|GIN|x|2014-09-01_I:0.121315):0.028439):0.162226):0.006016,(((EBOV|G3799|KM233080|SLE|Kailahun|2014-06-15_I:0.082378,(((EBOV|EM_074392|KR817115|LBR|x|2014-07-25_I:0.062107,EBOV|EM_074352|KR817111|LBR|Lofa|2014-07-22_I:0.053887):0.007316,((EBOV|EM_004580|KR817105|GIN|Faranah|2015-01-27_I:0.403061,EBOV|EM_000968|KR817085|GIN|Macenta|2014-10-01_I:0.079773):0.160712,EBOV|EM_074351|KR817110|LBR|Lofa|2014-07-22_I:0.045964):0.015239):0.096069,(((((((EBOV|LIBR10144|KT725271|LBR|x|2014-09-20_I:0.037352,EBOV|LIBR0286|KR006952|LBR|GrandCapeMount|2014-11-22_I:0.209954):0.157339,EBOV|LIBR10076|KT725334|LBR|x|2014-09-20_I:0.194691):0.002881,EBOV|LIBR10252|KT725266|LBR|GrandKru|2014-09-15_I:0.183873):0.003513,EBOV|LIBR0067|KR006943|LBR|Bomi|2014-11-06_I:0.329851):0.000221,EBOV|LIBR10224|KT725302|LBR|Montserrado|2014-09-26_I:0.217744):0.00847,(EBOV|LIBR10040|KT725314|LBR|x|2014-08-04_I:0.037484,EBOV|LIBR10042|KT725261|LBR|x|2014-08-04_I:0.037484):0.043525):0.001415,(EBOV|1120|KR534535|GIN|Conakry|2014-09-25_I:0.174678,(((((EBOV|LIBR10055|KT725340|LBR|Bomi|2014-09-23_I:0.088175,(EBOV|EM_078683|KR817170|GIN|Kerouane|2014-12-11_I:0.285958,(EBOV|EM_004059|KR817090|GIN|Kissidougou|2014-12-20_I:0.107635,(EBOV|EM_004259|KR817094|GIN|Kissidougou|2014-12-26_I:0.121635,(EBOV|EM_078779|KR817177|GIN|Kissidougou|2014-12-18_I:0.08525,EBOV|EM_004422|KR817097|GIN|Kissidougou|2015-01-02_I:0.126345):0.014466):0.00244):0.20298):0.018655):0.012801,EBOV|LIBR10050|KT725270|LBR|x|2014-10-01_I:0.122894):0.019078,EBOV|EM_074822|KR817128|LBR|Lofa|2014-08-17_I:0.018685):0.003242,EBOV|EM_074821|KR817127|LBR|Lofa|2014-08-17_I:0.021927):0.043797,(EBOV|Conakry_645|KR534513|GIN|Macenta|2014-08-14_I:0.055004,(((EBOV|EM_078639|KR817166|GIN|Kankan|2014-12-04_I:0.237919,(EBOV|EM_078556|KR817163|GIN|Kankan|2014-12-01_I:0.052536,EBOV|EM_078656|KR817168|GIN|Kouroussa|2014-12-09_I:0.074453):0.177164):0.094757,EBOV|768|KR534588|GIN|Conakry|2014-08-27_I:0.061444):0.026432,EBOV|EM_075373|KR817132|GIN|Macenta|2014-08-30_I:0.096095):0.002745):0.0025):0.002106):0.05021):0.110466):0.026475):0.017303,(EBOV|G3807|KM233084|SLE|Kailahun|2014-06-15_I:0.093195,EBOV|G3782|KM233072|SLE|Kailahun|2014-06-14_I:0.090455):0.006486):0.002182,EBOV|G3729|KM233054|SLE|Kailahun|2014-06-07_I:0.079945):0.002435):0.00773,EBOV|EM098|KM034552|SLE|Kailahun|2014-05-26_I:0.057233):0.123195):0.001183):0.039945):0.068522):0.153489,((((EBOV|1686|KR534572|GIN|Coyah|2014-10-24_I:0.171239,EBOV|1436|KR534558|GIN|Coyah|2014-10-13_I:0.141102):0.00608,((EBOV|1320|KR534590|GIN|Coyah|2014-10-07_I:0.049315,EBOV|1316|KR534546|GIN|Coyah|2014-10-07_I:0.049315):0.003906,(((EBOV|EM_COY_2015_016449||GIN|Forecariah|2015-05-11_I:0.23041,EBOV|PL4432|KU296481|SLE|Kambia|2015-03-07_I:0.052327):0.006028,(EBOV|PL5249|KU296744|SLE|Kambia|2015-03-24_I:0.030401,EBOV|PL5294|KU296764|SLE|Kambia|2015-03-24_I:0.030401):0.074529):0.096839,((EBOV|EM_COY_2015_016642||GIN|Forecariah|2015-05-17_I:0.118183,EBOV|EM_COY_2015_016293||GIN|Forecariah|2015-05-06_I:0.088047):0.152448,(EBOV|EM_COY_2015_017091||GIN|Boke|2015-05-28_I:0.173993,(EBOV|KG87||GIN|Boke|2015-06-19_I:0.149998,EBOV|EM_COY_2015_016743||GIN|Boke|2015-05-19_I:0.065066):0.084269):0.126776):0.079082):0.311725):0.077523):0.574681,(EBOV|EM_079408|KR817181|GIN|Gueckedou|2014-03-31_I:0.104845,(EBOV|EM_079464|KR817195|GIN|Macenta|2014-04-04_I:0.106002,((EBOV|EM_079753|KR817214|GIN|Gueckedou|2014-05-22_I:0.095754,EBOV|EM_079685|KR817209|GIN|Gueckedou|2014-05-11_I:0.065619):0.038344,EBOV|EM_079659|KR817206|GIN|Gueckedou|2014-05-07_I:0.093003):0.10341):0.009802):0.080032):0.089018,(EBOV|EM_079429|KR817190|GIN|Gueckedou|2014-04-02_I:0.11427,EBOV|EM_079421|KR817186|GIN|Macenta|2014-03-30_I:0.106051):0.165104):0.016247):0.026351);">
	</init>
	
	<run id="mcmc" spec="MCMC" chainLength="10">
		<state id="state" storeEvery="100">
			<parameter id="initI0" lower="0.0" upper="140" name="stateNode">16.31705804083015</parameter>
			<parameter id="b" lower="0.0" upper="Infinity" name="stateNode">67.19745324723135</parameter>
			<parameter id="a" lower="-Infinity" upper="Infinity" name="stateNode">-25.050218168022802</parameter>
			<parameter id="trr" lower="-Infinity" upper="Infinity" name="stateNode">6.594857810472015</parameter>
		</state>
	 	
 		<distribution id="posterior" spec="util.CompoundDistribution">
			<distribution id="prior" spec="util.CompoundDistribution">
				<prior id="initI0prior" name="distribution" x="@initI0">
					<LogNormal id="LogNormal:initI0" M="0" S="1" name="distr" />
				</prior>
				<prior id="trrPrior" name="distribution" x="@trr">
					<LogNormal id="LogNormal:trr" M="1" S="1" name="distr" />
				</prior>
				<prior id="bPrior" name="distribution" x="@b">
					<LogNormal id="LogNormal:b" M="4.6" S="1" name="distr" />
				</prior>
				<prior id="aPrior" name="distribution" x="@a">
					<Normal id="Normal:a" mean="0.0" sigma="40.0" name="distr" />
				</prior>
			</distribution>	
			
			<distribution id="likelihood" spec="util.CompoundDistribution">
				 <distribution spec='STreeLikelihoodODE' id = 'stlikelihood'
             	 useStateName='true' 
             	 approxLambda='false' finiteSizeCorrections='false'
             	 solvePL='false'
             	 forgiveY='true'
             	 forgiveAgtY='1.0'
             	 stepSize='.0001'
                 popmodel='@sirmodel'  >
                 
                 <treeIntervals spec="STreeIntervals" tree='@tree'> </treeIntervals>
                 
    			</distribution>
			</distribution>
		</distribution>
		
		<operator id="rwoperator:trr" spec="RealRandomWalkOperator" windowSize="0.1" parameter="@trr" useGaussian='true' weight="1" />
		<operator id="rwoperator:b" spec="RealRandomWalkOperator" windowSize="0.150" parameter="@b" useGaussian='true' weight="1" />
		<operator id="rwoperator:a" spec="RealRandomWalkOperator" windowSize="0.150" parameter="@a" useGaussian='true' weight="1" />
		<operator id="rwoperator:initI0" spec="RealRandomWalkOperator" windowSize="1.50" parameter="@initI0" useGaussian='true' weight="1" />
		
		<logger id="tracelog" fileName="hetseir0.0.log" logEvery="100" model="@posterior" sanitiseHeaders="true" sort="smart">
			<log idref="trr"/>
			<log idref="b"/>
			<log idref="a"/>
			<log idref="initI0"/>
			<log idref="prior"/>
			<log idref="posterior"/>
		</logger>
		<logger id="screenlog" logEvery="1">
			<log idref="trr"/>
			<log idref="b"/>
			<log idref="a"/>
			<log idref="initI0"/>
			<log idref="prior"/>
			<log idref="posterior"/>
		</logger>
		<logger id = "popModelLogger" fileName="hetseir0.0.traj" logEvery="100">
			<log id="trajectoryLogger" spec="TrajectoryLogger" popModel="@sirmodel" pointFrequency="1"></log>
		</logger>
	</run>
</beast>
