<!--
force of infection: max(0, a*t + b )
-->

<beast beautitemplate='Standard' beautistatus='' namespace="phydyn.model:phydyn.distribution:phydyn.loggers:phydyn.operators:beast.core:beast.evolution.alignment:beast.evolution.tree.coalescent:beast.core.util:beast.evolution.nuc:beast.evolution.operators:beast.evolution.sitemodel:beast.evolution.substitutionmodel:beast.evolution.likelihood" version="2.0">

<map name="Uniform">beast.math.distributions.Uniform</map>
<map name="Exponential">beast.math.distributions.Exponential</map>
<map name="LogNormal">beast.math.distributions.LogNormalDistributionModel</map>
<map name="Normal">beast.math.distributions.Normal</map>
<map name="Beta">beast.math.distributions.Beta</map>
<map name="Gamma">beast.math.distributions.Gamma</map>
<map name="LaplaceDistribution">beast.math.distributions.LaplaceDistribution</map>
<map name="prior">beast.math.distributions.Prior</map>
<map name="InverseGamma">beast.math.distributions.InverseGamma </map>


<data id="sequences" name="alignment">
<sequence id="EBOV|020484_EMLK|KU296462|SLE|Kambia|2015-09-04_I"  taxon="EBOV|020484_EMLK|KU296462|SLE|Kambia|2015-09-04_I"  totalcount="4" value="??"/>
<sequence id="EBOV|15314_EMLK|KU296600|SLE|Kambia|2015-06-06_I"  taxon="EBOV|15314_EMLK|KU296600|SLE|Kambia|2015-06-06_I"  totalcount="4" value="??"/>
<sequence id="EBOV|PL6049|KU296743|SLE|Kambia|2015-04-11_I"  taxon="EBOV|PL6049|KU296743|SLE|Kambia|2015-04-11_I"  totalcount="4" value="??"/>
<sequence id="EBOV|PL7551|KU296322|SLE|PortLoko|2015-06-02_I"  taxon="EBOV|PL7551|KU296322|SLE|PortLoko|2015-06-02_I"  totalcount="4" value="??"/>
<sequence id="EBOV|PL8630|KU296325|SLE|PortLoko|2015-06-29_I"  taxon="EBOV|PL8630|KU296325|SLE|PortLoko|2015-06-29_I"  totalcount="4" value="??"/>
<sequence id="EBOV|PL9150|KU296522|SLE|PortLoko|2015-07-12_I"  taxon="EBOV|PL9150|KU296522|SLE|PortLoko|2015-07-12_I"  totalcount="4" value="??"/>
<sequence id="EBOV|PL6656|KU296523|SLE|PortLoko|2015-05-01_I"  taxon="EBOV|PL6656|KU296523|SLE|PortLoko|2015-05-01_I"  totalcount="4" value="??"/>
<sequence id="EBOV|PL7774|KU296589|SLE||2015-06-08_I"  taxon="EBOV|PL7774|KU296589|SLE||2015-06-08_I"  totalcount="4" value="??"/>
<sequence id="EBOV|PL7773|KU296417|SLE|x|2015-06-08_I"  taxon="EBOV|PL7773|KU296417|SLE|x|2015-06-08_I"  totalcount="4" value="??"/>
<sequence id="EBOV|15373_EMLK|KU296802|SLE|Kambia|2015-06-10_I"  taxon="EBOV|15373_EMLK|KU296802|SLE|Kambia|2015-06-10_I"  totalcount="4" value="??"/>
<sequence id="EBOV|PL7429|KU296617|SLE|PortLoko|2015-05-29_I"  taxon="EBOV|PL7429|KU296617|SLE|PortLoko|2015-05-29_I"  totalcount="4" value="??"/>
<sequence id="EBOV|PL7946|KU296667|SLE|PortLoko|2015-06-12_I"  taxon="EBOV|PL7946|KU296667|SLE|PortLoko|2015-06-12_I"  totalcount="4" value="??"/>
<sequence id="EBOV|14743_EML|KU296298|SLE|Kambia|2015-04-19_I"  taxon="EBOV|14743_EML|KU296298|SLE|Kambia|2015-04-19_I"  totalcount="4" value="??"/>
<sequence id="EBOV|PL7053|KU296757|SLE|PortLoko|2015-05-15_I"  taxon="EBOV|PL7053|KU296757|SLE|PortLoko|2015-05-15_I"  totalcount="4" value="??"/>
<sequence id="EBOV|PL5157|KU296421|SLE|PortLoko|2015-03-22_I"  taxon="EBOV|PL5157|KU296421|SLE|PortLoko|2015-03-22_I"  totalcount="4" value="??"/>
<sequence id="EBOV|PL4483|KU296389|SLE|Kambia|2015-03-08_I"  taxon="EBOV|PL4483|KU296389|SLE|Kambia|2015-03-08_I"  totalcount="4" value="??"/>
<sequence id="EBOV|PL4763|KU296503|SLE|Kambia|2015-03-14_I"  taxon="EBOV|PL4763|KU296503|SLE|Kambia|2015-03-14_I"  totalcount="4" value="??"/>
<sequence id="EBOV|KT5022|KU296519|SLE|WesternRural|2015-02-13_I"  taxon="EBOV|KT5022|KU296519|SLE|WesternRural|2015-02-13_I"  totalcount="4" value="??"/>
<sequence id="EBOV|J0137|KP759685|SLE|WesternRural|2014-11-01_I"  taxon="EBOV|J0137|KP759685|SLE|WesternRural|2014-11-01_I"  totalcount="4" value="??"/>
<sequence id="EBOV|J0053|KP759721|SLE|WesternRural|2014-10-06_I"  taxon="EBOV|J0053|KP759721|SLE|WesternRural|2014-10-06_I"  totalcount="4" value="??"/>
<sequence id="EBOV|J0054|KP759722|SLE|WesternRural|2014-10-06_I"  taxon="EBOV|J0054|KP759722|SLE|WesternRural|2014-10-06_I"  totalcount="4" value="??"/>
<sequence id="EBOV|20142407|KR653249|SLE|Tonkolili|2014-10-16_I"  taxon="EBOV|20142407|KR653249|SLE|Tonkolili|2014-10-16_I"  totalcount="4" value="??"/>
<sequence id="EBOV|1283||GIN|Coyah|2014-10-04_I"  taxon="EBOV|1283||GIN|Coyah|2014-10-04_I"  totalcount="4" value="??"/>
<sequence id="EBOV|20140729|KR653286|SLE|Bo|2014-09-10_I"  taxon="EBOV|20140729|KR653286|SLE|Bo|2014-09-10_I"  totalcount="4" value="??"/>
<sequence id="EBOV|G5644.1|KR105314|SLE|x|2014-09-11_I"  taxon="EBOV|G5644.1|KR105314|SLE|x|2014-09-11_I"  totalcount="4" value="??"/>
<sequence id="EBOV|G3724|KM233053|SLE|Kailahun|2014-06-05_I"  taxon="EBOV|G3724|KM233053|SLE|Kailahun|2014-06-05_I"  totalcount="4" value="??"/>
<sequence id="EBOV|G5737.1|KR105321|SLE|Moyamba|2014-09-16_I"  taxon="EBOV|G5737.1|KR105321|SLE|Moyamba|2014-09-16_I"  totalcount="4" value="??"/>
<sequence id="EBOV|G5844.1|KR105328|SLE|Moyamba|2014-09-21_I"  taxon="EBOV|G5844.1|KR105328|SLE|Moyamba|2014-09-21_I"  totalcount="4" value="??"/>
<sequence id="EBOV|G5756.1|KR105324|SLE|x|2014-09-18_I"  taxon="EBOV|G5756.1|KR105324|SLE|x|2014-09-18_I"  totalcount="4" value="??"/>
<sequence id="EBOV|20141061|KR653250|SLE|Moyamba|2014-09-21_I"  taxon="EBOV|20141061|KR653250|SLE|Moyamba|2014-09-21_I"  totalcount="4" value="??"/>
<sequence id="EBOV|G4433.1|KR105254|SLE|Kailahun|2014-07-20_I"  taxon="EBOV|G4433.1|KR105254|SLE|Kailahun|2014-07-20_I"  totalcount="4" value="??"/>
<sequence id="EBOV|G3822|KM233096|SLE|Kailahun|2014-06-15_I"  taxon="EBOV|G3822|KM233096|SLE|Kailahun|2014-06-15_I"  totalcount="4" value="??"/>
<sequence id="EBOV|20140100|KR653241|SLE|Pujehun|2014-08-24_I"  taxon="EBOV|20140100|KR653241|SLE|Pujehun|2014-08-24_I"  totalcount="4" value="??"/>
<sequence id="EBOV|G4151.1|KR105215|SLE|Kenema|2014-07-06_I"  taxon="EBOV|G4151.1|KR105215|SLE|Kenema|2014-07-06_I"  totalcount="4" value="??"/>
<sequence id="EBOV|NM042|KM233116|SLE|Kambia|2014-06-04_I"  taxon="EBOV|NM042|KM233116|SLE|Kambia|2014-06-04_I"  totalcount="4" value="??"/>
<sequence id="EBOV|EM115|KM233041|SLE|Kailahun|2014-06-03_I"  taxon="EBOV|EM115|KM233041|SLE|Kailahun|2014-06-03_I"  totalcount="4" value="??"/>
<sequence id="EBOV|G4299.1|KR105229|SLE|Kailahun|2014-07-12_I"  taxon="EBOV|G4299.1|KR105229|SLE|Kailahun|2014-07-12_I"  totalcount="4" value="??"/>
<sequence id="EBOV|G4252.1|KR105224|SLE|Kailahun|2014-07-11_I"  taxon="EBOV|G4252.1|KR105224|SLE|Kailahun|2014-07-11_I"  totalcount="4" value="??"/>
<sequence id="EBOV|G4133.1|KR105214|SLE|Kailahun|2014-07-04_I"  taxon="EBOV|G4133.1|KR105214|SLE|Kailahun|2014-07-04_I"  totalcount="4" value="??"/>
<sequence id="EBOV|20143164|KR653277|SLE|Kenema|2014-10-27_I"  taxon="EBOV|20143164|KR653277|SLE|Kenema|2014-10-27_I"  totalcount="4" value="??"/>
<sequence id="EBOV|EM106|KM233036|SLE|Kailahun|2014-06-02_I"  taxon="EBOV|EM106|KM233036|SLE|Kailahun|2014-06-02_I"  totalcount="4" value="??"/>
<sequence id="EBOV|G4337.1|KR105238|SLE|Kailahun|2014-07-14_I"  taxon="EBOV|G4337.1|KR105238|SLE|Kailahun|2014-07-14_I"  totalcount="4" value="??"/>
<sequence id="EBOV|EM112|KM233039|SLE|Kailahun|2014-06-03_I"  taxon="EBOV|EM112|KM233039|SLE|Kailahun|2014-06-03_I"  totalcount="4" value="??"/>
<sequence id="EBOV|G3713|KM233050|SLE|Kailahun|2014-06-09_I"  taxon="EBOV|G3713|KM233050|SLE|Kailahun|2014-06-09_I"  totalcount="4" value="??"/>
<sequence id="EBOV|MK1079|KU296815|SLE|Bombali|2015-01-11_I"  taxon="EBOV|MK1079|KU296815|SLE|Bombali|2015-01-11_I"  totalcount="4" value="??"/>
<sequence id="EBOV|20143317|KR653282|SLE|Bombali|2014-10-29_I"  taxon="EBOV|20143317|KR653282|SLE|Bombali|2014-10-29_I"  totalcount="4" value="??"/>
<sequence id="EBOV|J0174|KP759708|SLE|WesternArea|2014-11-11_I"  taxon="EBOV|J0174|KP759708|SLE|WesternArea|2014-11-11_I"  totalcount="4" value="??"/>
<sequence id="EBOV|J0002|KP759640|SLE|WesternUrban|2014-09-27_I"  taxon="EBOV|J0002|KP759640|SLE|WesternUrban|2014-09-27_I"  totalcount="4" value="??"/>
<sequence id="EBOV|J0149|KP759695|SLE|WesternUrban|2014-11-07_I"  taxon="EBOV|J0149|KP759695|SLE|WesternUrban|2014-11-07_I"  totalcount="4" value="??"/>
<sequence id="EBOV|J0173|KP759627|SLE|WesternRural|2014-11-11_I"  taxon="EBOV|J0173|KP759627|SLE|WesternRural|2014-11-11_I"  totalcount="4" value="??"/>
<sequence id="EBOV|J0121|KP759669|SLE|WesternUrban|2014-10-29_I"  taxon="EBOV|J0121|KP759669|SLE|WesternUrban|2014-10-29_I"  totalcount="4" value="??"/>
<sequence id="EBOV|DML24677|KT357842|SLE|Kono|2015-01-25_I"  taxon="EBOV|DML24677|KT357842|SLE|Kono|2015-01-25_I"  totalcount="4" value="??"/>
<sequence id="EBOV|DML24606|KT357837|SLE|Kono|2015-01-20_I"  taxon="EBOV|DML24606|KT357837|SLE|Kono|2015-01-20_I"  totalcount="4" value="??"/>
<sequence id="EBOV|DML24669|KT357841|SLE|Kono|2015-01-25_I"  taxon="EBOV|DML24669|KT357841|SLE|Kono|2015-01-25_I"  totalcount="4" value="??"/>
<sequence id="EBOV|DML24818|KT357848|SLE|Kono|2015-02-03_I"  taxon="EBOV|DML24818|KT357848|SLE|Kono|2015-02-03_I"  totalcount="4" value="??"/>
<sequence id="EBOV|DML24573|KT357831|SLE|Kono|2015-01-18_I"  taxon="EBOV|DML24573|KT357831|SLE|Kono|2015-01-18_I"  totalcount="4" value="??"/>
<sequence id="EBOV|DML24611|KT357839|SLE|Kono|2015-01-21_I"  taxon="EBOV|DML24611|KT357839|SLE|Kono|2015-01-21_I"  totalcount="4" value="??"/>
<sequence id="EBOV|20143458|KR653245|SLE|Tonkolili|2014-11-01_I"  taxon="EBOV|20143458|KR653245|SLE|Tonkolili|2014-11-01_I"  totalcount="4" value="??"/>
<sequence id="EBOV|20141397|KR653288|SLE|Moyamba|2014-09-28_I"  taxon="EBOV|20141397|KR653288|SLE|Moyamba|2014-09-28_I"  totalcount="4" value="??"/>
<sequence id="EBOV|G6104.1|KR105349|SLE|Moyamba|2014-09-28_I"  taxon="EBOV|G6104.1|KR105349|SLE|Moyamba|2014-09-28_I"  totalcount="4" value="??"/>
<sequence id="EBOV|539_EMLH|KU296823|SLE|WesternUrban|2015-02-02_I"  taxon="EBOV|539_EMLH|KU296823|SLE|WesternUrban|2015-02-02_I"  totalcount="4" value="??"/>
<sequence id="EBOV|PL4249|KU296349|SLE|PortLoko|2015-03-03_I"  taxon="EBOV|PL4249|KU296349|SLE|PortLoko|2015-03-03_I"  totalcount="4" value="??"/>
<sequence id="EBOV|MK0888|KU296376|SLE|x|2015-01-06_I"  taxon="EBOV|MK0888|KU296376|SLE|x|2015-01-06_I"  totalcount="4" value="??"/>
<sequence id="EBOV|592_EMLH|KU296447|SLE|x|2015-02-05_I"  taxon="EBOV|592_EMLH|KU296447|SLE|x|2015-02-05_I"  totalcount="4" value="??"/>
<sequence id="EBOV|J0024|KP759663|SLE|WesternRural|2014-09-29_I"  taxon="EBOV|J0024|KP759663|SLE|WesternRural|2014-09-29_I"  totalcount="4" value="??"/>
<sequence id="EBOV|J0001|KP759636|SLE|WesternRural|2014-09-27_I"  taxon="EBOV|J0001|KP759636|SLE|WesternRural|2014-09-27_I"  totalcount="4" value="??"/>
<sequence id="EBOV|J0089|KP759758|SLE|WesternArea|2014-10-23_I"  taxon="EBOV|J0089|KP759758|SLE|WesternArea|2014-10-23_I"  totalcount="4" value="??"/>
<sequence id="EBOV|PL4844|KU296527|SLE|PortLoko|2015-03-16_I"  taxon="EBOV|PL4844|KU296527|SLE|PortLoko|2015-03-16_I"  totalcount="4" value="??"/>
<sequence id="EBOV|PL4119|KU296645|SLE|PortLoko|2015-02-28_I"  taxon="EBOV|PL4119|KU296645|SLE|PortLoko|2015-02-28_I"  totalcount="4" value="??"/>
<sequence id="EBOV|MK0867|KU296748|SLE|x|2015-01-05_I"  taxon="EBOV|MK0867|KU296748|SLE|x|2015-01-05_I"  totalcount="4" value="??"/>
<sequence id="EBOV|PL4283|KU296840|SLE|PortLoko|2015-03-03_I"  taxon="EBOV|PL4283|KU296840|SLE|PortLoko|2015-03-03_I"  totalcount="4" value="??"/>
<sequence id="EBOV|PL4932|KU296547|SLE|PortLoko|2015-03-18_I"  taxon="EBOV|PL4932|KU296547|SLE|PortLoko|2015-03-18_I"  totalcount="4" value="??"/>
<sequence id="EBOV|PL4813|KU296798|SLE|PortLoko|2015-03-14_I"  taxon="EBOV|PL4813|KU296798|SLE|PortLoko|2015-03-14_I"  totalcount="4" value="??"/>
<sequence id="EBOV|PL4886|KU296461|SLE|PortLoko|2015-03-16_I"  taxon="EBOV|PL4886|KU296461|SLE|PortLoko|2015-03-16_I"  totalcount="4" value="??"/>
<sequence id="EBOV|PL4785|KU296688|SLE|PortLoko|2015-03-14_I"  taxon="EBOV|PL4785|KU296688|SLE|PortLoko|2015-03-14_I"  totalcount="4" value="??"/>
<sequence id="EBOV|J0113|KP759662|SLE|WesternUrban|2014-10-30_I"  taxon="EBOV|J0113|KP759662|SLE|WesternUrban|2014-10-30_I"  totalcount="4" value="??"/>
<sequence id="EBOV|G4345.1|KR105239|SLE|Kenema|2014-07-18_I"  taxon="EBOV|G4345.1|KR105239|SLE|Kenema|2014-07-18_I"  totalcount="4" value="??"/>
<sequence id="EBOV|G4701.1|KR105264|SLE|Kenema|2014-08-03_I"  taxon="EBOV|G4701.1|KR105264|SLE|Kenema|2014-08-03_I"  totalcount="4" value="??"/>
<sequence id="EBOV|G4325.1|KR105234|SLE|Kenema|2014-07-14_I"  taxon="EBOV|G4325.1|KR105234|SLE|Kenema|2014-07-14_I"  totalcount="4" value="??"/>
<sequence id="EBOV|G4415.1|KR105247|SLE|Kenema|2014-07-18_I"  taxon="EBOV|G4415.1|KR105247|SLE|Kenema|2014-07-18_I"  totalcount="4" value="??"/>
<sequence id="EBOV|G4316.1|KR105231|SLE|Kenema|2014-07-13_I"  taxon="EBOV|G4316.1|KR105231|SLE|Kenema|2014-07-13_I"  totalcount="4" value="??"/>
<sequence id="EBOV|G3856|KM233113|SLE|Kenema|2014-06-18_I"  taxon="EBOV|G3856|KM233113|SLE|Kenema|2014-06-18_I"  totalcount="4" value="??"/>
<sequence id="EBOV|G4971.1|KR105284|SLE|Kenema|2014-08-14_I"  taxon="EBOV|G4971.1|KR105284|SLE|Kenema|2014-08-14_I"  totalcount="4" value="??"/>
<sequence id="EBOV|20140008|KR653251|SLE|Kenema|2014-08-22_I"  taxon="EBOV|20140008|KR653251|SLE|Kenema|2014-08-22_I"  totalcount="4" value="??"/>
<sequence id="EBOV|Makona-UK1.1|KP184503|SLE|Kenema|2014-08-25_I"  taxon="EBOV|Makona-UK1.1|KP184503|SLE|Kenema|2014-08-25_I"  totalcount="4" value="??"/>
<sequence id="EBOV|J0098|KP759763|SLE|WesternRural|2014-10-28_I"  taxon="EBOV|J0098|KP759763|SLE|WesternRural|2014-10-28_I"  totalcount="4" value="??"/>
<sequence id="EBOV|J0026|KP759670|SLE|Bombali|2014-10-02_I"  taxon="EBOV|J0026|KP759670|SLE|Bombali|2014-10-02_I"  totalcount="4" value="??"/>
<sequence id="EBOV|J0100|KP759655|SLE|Kambia|2014-10-26_I"  taxon="EBOV|J0100|KP759655|SLE|Kambia|2014-10-26_I"  totalcount="4" value="??"/>
<sequence id="EBOV|20143187|KR653298|SLE|Pujehun|2014-10-28_I"  taxon="EBOV|20143187|KR653298|SLE|Pujehun|2014-10-28_I"  totalcount="4" value="??"/>
<sequence id="EBOV|Makona-UK2|KP658432|SLE|WesternArea|2014-12-29_I"  taxon="EBOV|Makona-UK2|KP658432|SLE|WesternArea|2014-12-29_I"  totalcount="4" value="??"/>
<sequence id="EBOV|20141582|KR653230|SLE|Bo|2014-10-04_I"  taxon="EBOV|20141582|KR653230|SLE|Bo|2014-10-04_I"  totalcount="4" value="??"/>
<sequence id="EBOV|20141650|KR653225|SLE|Kenema|2014-10-05_I"  taxon="EBOV|20141650|KR653225|SLE|Kenema|2014-10-05_I"  totalcount="4" value="??"/>
<sequence id="EBOV|20143796|KR653257|SLE|Moyamba|2014-11-05_I"  taxon="EBOV|20143796|KR653257|SLE|Moyamba|2014-11-05_I"  totalcount="4" value="??"/>
<sequence id="EBOV|G5685.1|KR105317|SLE|Kenema|2014-09-13_I"  taxon="EBOV|G5685.1|KR105317|SLE|Kenema|2014-09-13_I"  totalcount="4" value="??"/>
<sequence id="EBOV|G5684.1|KR105316|SLE|Kenema|2014-09-13_I"  taxon="EBOV|G5684.1|KR105316|SLE|Kenema|2014-09-13_I"  totalcount="4" value="??"/>
<sequence id="EBOV|KT5249|KU296601|SLE|WesternUrban|2015-02-22_I"  taxon="EBOV|KT5249|KU296601|SLE|WesternUrban|2015-02-22_I"  totalcount="4" value="??"/>
<sequence id="EBOV|J0107|KP759768|SLE|WesternUrban|2014-10-29_I"  taxon="EBOV|J0107|KP759768|SLE|WesternUrban|2014-10-29_I"  totalcount="4" value="??"/>
<sequence id="EBOV|J0068|KP759732|SLE|WesternRural|2014-10-09_I"  taxon="EBOV|J0068|KP759732|SLE|WesternRural|2014-10-09_I"  totalcount="4" value="??"/>
<sequence id="EBOV|77525_EMLK|KU296820|SLE||2014-12-30_I"  taxon="EBOV|77525_EMLK|KU296820|SLE||2014-12-30_I"  totalcount="4" value="??"/>
<sequence id="EBOV|KT4935|KU296467|SLE|WesternRural|2015-02-11_I"  taxon="EBOV|KT4935|KU296467|SLE|WesternRural|2015-02-11_I"  totalcount="4" value="??"/>
<sequence id="EBOV|J0148|KP759612|SLE|WesternRural|2014-11-06_I"  taxon="EBOV|J0148|KP759612|SLE|WesternRural|2014-11-06_I"  totalcount="4" value="??"/>
<sequence id="EBOV|J0091|KP759759|SLE|WesternArea|2014-10-25_I"  taxon="EBOV|J0091|KP759759|SLE|WesternArea|2014-10-25_I"  totalcount="4" value="??"/>
<sequence id="EBOV|J0170|KP759625|SLE|WesternUrban|2014-11-10_I"  taxon="EBOV|J0170|KP759625|SLE|WesternUrban|2014-11-10_I"  totalcount="4" value="??"/>
<sequence id="EBOV|J0069|KP759733|SLE|WesternRural|2014-10-09_I"  taxon="EBOV|J0069|KP759733|SLE|WesternRural|2014-10-09_I"  totalcount="4" value="??"/>
<sequence id="EBOV|J0108|KP759659|SLE|WesternRural|2014-10-28_I"  taxon="EBOV|J0108|KP759659|SLE|WesternRural|2014-10-28_I"  totalcount="4" value="??"/>
<sequence id="EBOV|MK2367|KU296652|SLE|Bombali|2015-02-25_I"  taxon="EBOV|MK2367|KU296652|SLE|Bombali|2015-02-25_I"  totalcount="4" value="??"/>
<sequence id="EBOV|MK2370|KU296760|SLE|Bombali|2015-02-25_I"  taxon="EBOV|MK2370|KU296760|SLE|Bombali|2015-02-25_I"  totalcount="4" value="??"/>
<sequence id="EBOV|KT5382|KU296657|SLE|WesternRural|2015-02-25_I"  taxon="EBOV|KT5382|KU296657|SLE|WesternRural|2015-02-25_I"  totalcount="4" value="??"/>
<sequence id="EBOV|KT5859|KU296463|SLE|x|2015-03-10_I"  taxon="EBOV|KT5859|KU296463|SLE|x|2015-03-10_I"  totalcount="4" value="??"/>
<sequence id="EBOV|MK2364|KU296719|SLE|Bombali|2015-02-24_I"  taxon="EBOV|MK2364|KU296719|SLE|Bombali|2015-02-24_I"  totalcount="4" value="??"/>
<sequence id="EBOV|MK2334|KU296366|SLE|Bombali|2015-02-23_I"  taxon="EBOV|MK2334|KU296366|SLE|Bombali|2015-02-23_I"  totalcount="4" value="??"/>
<sequence id="EBOV|MK2008|KU296526|SLE|WesternUrban|2015-02-12_I"  taxon="EBOV|MK2008|KU296526|SLE|WesternUrban|2015-02-12_I"  totalcount="4" value="??"/>
<sequence id="EBOV|PL5228|KU296535|SLE|PortLoko|2015-03-23_I"  taxon="EBOV|PL5228|KU296535|SLE|PortLoko|2015-03-23_I"  totalcount="4" value="??"/>
<sequence id="EBOV|PL4570|KU296451|SLE|PortLoko|2015-03-10_I"  taxon="EBOV|PL4570|KU296451|SLE|PortLoko|2015-03-10_I"  totalcount="4" value="??"/>
<sequence id="EBOV|12181_EMLH|KU296783|SLE|WesternUrban|2015-02-23_I"  taxon="EBOV|12181_EMLH|KU296783|SLE|WesternUrban|2015-02-23_I"  totalcount="4" value="??"/>
<sequence id="EBOV|KT5486|KU296680|SLE|x|2015-02-27_I"  taxon="EBOV|KT5486|KU296680|SLE|x|2015-02-27_I"  totalcount="4" value="??"/>
<sequence id="EBOV|MK2788|KU296573|SLE|Bombali|2015-03-07_I"  taxon="EBOV|MK2788|KU296573|SLE|Bombali|2015-03-07_I"  totalcount="4" value="??"/>
<sequence id="EBOV|MK2398|KU296578|SLE|Bombali|2015-02-25_I"  taxon="EBOV|MK2398|KU296578|SLE|Bombali|2015-02-25_I"  totalcount="4" value="??"/>
<sequence id="EBOV|12628_EMLH|KU296692|SLE|WesternRural|2015-03-23_I"  taxon="EBOV|12628_EMLH|KU296692|SLE|WesternRural|2015-03-23_I"  totalcount="4" value="??"/>
<sequence id="EBOV|KT5858|KU296754|SLE||2015-03-10_I"  taxon="EBOV|KT5858|KU296754|SLE||2015-03-10_I"  totalcount="4" value="??"/>
<sequence id="EBOV|MK2724|KU296695|SLE|Bombali|2015-03-05_I"  taxon="EBOV|MK2724|KU296695|SLE|Bombali|2015-03-05_I"  totalcount="4" value="??"/>
<sequence id="EBOV|Goderich1|KT345616|SLE|WesternUrban|2015-02-19_I"  taxon="EBOV|Goderich1|KT345616|SLE|WesternUrban|2015-02-19_I"  totalcount="4" value="??"/>
<sequence id="EBOV|DML12137|KT357819|SLE|WesternUrban|2015-02-28_I"  taxon="EBOV|DML12137|KT357819|SLE|WesternUrban|2015-02-28_I"  totalcount="4" value="??"/>
<sequence id="EBOV|DML12485|KT357824|SLE|WesternUrban|2015-03-31_I"  taxon="EBOV|DML12485|KT357824|SLE|WesternUrban|2015-03-31_I"  totalcount="4" value="??"/>
<sequence id="EBOV|10402_EMLK|KU296635|SLE|WesternUrban|2015-02-10_I"  taxon="EBOV|10402_EMLK|KU296635|SLE|WesternUrban|2015-02-10_I"  totalcount="4" value="??"/>
<sequence id="EBOV|DML12120|KT357817|SLE|WesternUrban|2015-02-27_I"  taxon="EBOV|DML12120|KT357817|SLE|WesternUrban|2015-02-27_I"  totalcount="4" value="??"/>
<sequence id="EBOV|DML12117|KT357816|SLE|WesternUrban|2015-02-26_I"  taxon="EBOV|DML12117|KT357816|SLE|WesternUrban|2015-02-26_I"  totalcount="4" value="??"/>
<sequence id="EBOV|12666_EMLH|KU296803|SLE|WesternRural|2015-03-26_I"  taxon="EBOV|12666_EMLH|KU296803|SLE|WesternRural|2015-03-26_I"  totalcount="4" value="??"/>
<sequence id="EBOV|KT5214|KU296338|SLE|x|2015-02-20_I"  taxon="EBOV|KT5214|KU296338|SLE|x|2015-02-20_I"  totalcount="4" value="??"/>
<sequence id="EBOV|12580_EMLH|KU296574|SLE|WesternRural|2015-03-20_I"  taxon="EBOV|12580_EMLH|KU296574|SLE|WesternRural|2015-03-20_I"  totalcount="4" value="??"/>
<sequence id="EBOV|DML12268|KT357822|SLE|WesternUrban|2015-03-10_I"  taxon="EBOV|DML12268|KT357822|SLE|WesternUrban|2015-03-10_I"  totalcount="4" value="??"/>
<sequence id="EBOV|705_EMLH|KU296683|SLE|x|2015-02-09_I"  taxon="EBOV|705_EMLH|KU296683|SLE|x|2015-02-09_I"  totalcount="4" value="??"/>
<sequence id="EBOV|KT4730|KU296416|SLE|x|2015-02-07_I"  taxon="EBOV|KT4730|KU296416|SLE|x|2015-02-07_I"  totalcount="4" value="??"/>
<sequence id="EBOV|12757_EMLH|KU296468|SLE|WesternUrban|2015-04-03_I"  taxon="EBOV|12757_EMLH|KU296468|SLE|WesternUrban|2015-04-03_I"  totalcount="4" value="??"/>
<sequence id="EBOV|77681_EMLK|KU296435|SLE|x|2015-01-08_I"  taxon="EBOV|77681_EMLK|KU296435|SLE|x|2015-01-08_I"  totalcount="4" value="??"/>
<sequence id="EBOV|DML12239|KT357820|SLE|WesternUrban|2015-03-09_I"  taxon="EBOV|DML12239|KT357820|SLE|WesternUrban|2015-03-09_I"  totalcount="4" value="??"/>
<sequence id="EBOV|PL4346|KU296641|SLE|Kambia|2015-03-04_I"  taxon="EBOV|PL4346|KU296641|SLE|Kambia|2015-03-04_I"  totalcount="4" value="??"/>
<sequence id="EBOV|18648_EMLH|KU296701|SLE|WesternUrban|2015-07-09_I"  taxon="EBOV|18648_EMLH|KU296701|SLE|WesternUrban|2015-07-09_I"  totalcount="4" value="??"/>
<sequence id="EBOV|KT7106||SLE|x|2015-07-19_I"  taxon="EBOV|KT7106||SLE|x|2015-07-19_I"  totalcount="4" value="??"/>
<sequence id="EBOV|PL8486|KU296446|SLE||2015-06-25_I"  taxon="EBOV|PL8486|KU296446|SLE||2015-06-25_I"  totalcount="4" value="??"/>
<sequence id="EBOV|18659R_EMLH|KU296585|SLE|WesternUrban|2015-07-10_I"  taxon="EBOV|18659R_EMLH|KU296585|SLE|WesternUrban|2015-07-10_I"  totalcount="4" value="??"/>
<sequence id="EBOV|18638R_EMLH|KU296348|SLE|WesternUrban|2015-07-08_I"  taxon="EBOV|18638R_EMLH|KU296348|SLE|WesternUrban|2015-07-08_I"  totalcount="4" value="??"/>
<sequence id="EBOV|13275_EMLH|KU296430|SLE|WesternUrban|2015-06-24_I"  taxon="EBOV|13275_EMLH|KU296430|SLE|WesternUrban|2015-06-24_I"  totalcount="4" value="??"/>
<sequence id="EBOV|18538_EMLH|KU296727|SLE||2015-07-04_I"  taxon="EBOV|18538_EMLH|KU296727|SLE||2015-07-04_I"  totalcount="4" value="??"/>
<sequence id="EBOV|DML14077|KT357860|SLE|WesternUrban|2015-06-30_I"  taxon="EBOV|DML14077|KT357860|SLE|WesternUrban|2015-06-30_I"  totalcount="4" value="??"/>
<sequence id="EBOV|MK8878|KU296684|SLE|Tonkolili|2015-07-23_I"  taxon="EBOV|MK8878|KU296684|SLE|Tonkolili|2015-07-23_I"  totalcount="4" value="??"/>
<sequence id="EBOV|MK9396|KU296321|SLE|WesternUrban|2015-07-18_I"  taxon="EBOV|MK9396|KU296321|SLE|WesternUrban|2015-07-18_I"  totalcount="4" value="??"/>
<sequence id="EBOV|12916_EMLH|KU296318|SLE|WesternUrban|2015-04-29_I"  taxon="EBOV|12916_EMLH|KU296318|SLE|WesternUrban|2015-04-29_I"  totalcount="4" value="??"/>
<sequence id="EBOV|77613_EMLK|KU296579|SLE|WesternUrban|2015-01-05_I"  taxon="EBOV|77613_EMLK|KU296579|SLE|WesternUrban|2015-01-05_I"  totalcount="4" value="??"/>
<sequence id="EBOV|J0169|KP759706|SLE|WesternUrban|2014-11-09_I"  taxon="EBOV|J0169|KP759706|SLE|WesternUrban|2014-11-09_I"  totalcount="4" value="??"/>
<sequence id="EBOV|J0075|KP759743|SLE|WesternRural|2014-10-17_I"  taxon="EBOV|J0075|KP759743|SLE|WesternRural|2014-10-17_I"  totalcount="4" value="??"/>
<sequence id="EBOV|J0060|KP759726|SLE|WesternUrban|2014-10-06_I"  taxon="EBOV|J0060|KP759726|SLE|WesternUrban|2014-10-06_I"  totalcount="4" value="??"/>
<sequence id="EBOV|PL4187|KU296567|SLE|PortLoko|2015-03-01_I"  taxon="EBOV|PL4187|KU296567|SLE|PortLoko|2015-03-01_I"  totalcount="4" value="??"/>
<sequence id="EBOV|KT4622|KU296587|SLE|x|2015-02-01_I"  taxon="EBOV|KT4622|KU296587|SLE|x|2015-02-01_I"  totalcount="4" value="??"/>
<sequence id="EBOV|KT5832|KU296493|SLE|x|2015-03-10_I"  taxon="EBOV|KT5832|KU296493|SLE|x|2015-03-10_I"  totalcount="4" value="??"/>
<sequence id="EBOV|PL4679|KU296623|SLE|x|2015-03-12_I"  taxon="EBOV|PL4679|KU296623|SLE|x|2015-03-12_I"  totalcount="4" value="??"/>
<sequence id="EBOV|12257_EMLH|KU296702|SLE|PortLoko|2015-03-01_I"  taxon="EBOV|12257_EMLH|KU296702|SLE|PortLoko|2015-03-01_I"  totalcount="4" value="??"/>
<sequence id="EBOV|12229_EMLH|KU296643|SLE|WesternRural|2015-02-27_I"  taxon="EBOV|12229_EMLH|KU296643|SLE|WesternRural|2015-02-27_I"  totalcount="4" value="??"/>
<sequence id="EBOV|PL4105|KU296694|SLE|PortLoko|2015-02-28_I"  taxon="EBOV|PL4105|KU296694|SLE|PortLoko|2015-02-28_I"  totalcount="4" value="??"/>
<sequence id="EBOV|405_EMLH|KU296805|SLE|x|2015-01-24_I"  taxon="EBOV|405_EMLH|KU296805|SLE|x|2015-01-24_I"  totalcount="4" value="??"/>
<sequence id="EBOV|PL6086|KU296651|SLE|Kambia|2015-04-12_I"  taxon="EBOV|PL6086|KU296651|SLE|Kambia|2015-04-12_I"  totalcount="4" value="??"/>
<sequence id="EBOV|77677_EMLK|KU296558|SLE||2015-01-08_I"  taxon="EBOV|77677_EMLK|KU296558|SLE||2015-01-08_I"  totalcount="4" value="??"/>
<sequence id="EBOV|12161_EMLH|KU296697|SLE|x|2015-02-21_I"  taxon="EBOV|12161_EMLH|KU296697|SLE|x|2015-02-21_I"  totalcount="4" value="??"/>
<sequence id="EBOV|77649_EMLK|KU296380|SLE|WesternUrban|2015-01-07_I"  taxon="EBOV|77649_EMLK|KU296380|SLE|WesternUrban|2015-01-07_I"  totalcount="4" value="??"/>
<sequence id="EBOV|77679_EMLK|KU296512|SLE||2015-01-08_I"  taxon="EBOV|77679_EMLK|KU296512|SLE||2015-01-08_I"  totalcount="4" value="??"/>
<sequence id="EBOV|77716_EMLK|KU296569|SLE|WesternUrban|2015-01-10_I"  taxon="EBOV|77716_EMLK|KU296569|SLE|WesternUrban|2015-01-10_I"  totalcount="4" value="??"/>
<sequence id="EBOV|J0086|KP759646|SLE|WesternRural|2014-10-23_I"  taxon="EBOV|J0086|KP759646|SLE|WesternRural|2014-10-23_I"  totalcount="4" value="??"/>
<sequence id="EBOV|KT4677|KU296608|SLE|WesternRural|2015-02-03_I"  taxon="EBOV|KT4677|KU296608|SLE|WesternRural|2015-02-03_I"  totalcount="4" value="??"/>
<sequence id="EBOV|762_EMLH|KU296728|SLE|x|2015-02-12_I"  taxon="EBOV|762_EMLH|KU296728|SLE|x|2015-02-12_I"  totalcount="4" value="??"/>
<sequence id="EBOV|651_EMLH|KU296457|SLE||2015-02-07_I"  taxon="EBOV|651_EMLH|KU296457|SLE||2015-02-07_I"  totalcount="4" value="??"/>
<sequence id="EBOV|KT4695|KU296549|SLE|WesternRural|2015-02-04_I"  taxon="EBOV|KT4695|KU296549|SLE|WesternRural|2015-02-04_I"  totalcount="4" value="??"/>
<sequence id="EBOV|402_EMLH|KU296495|SLE|WesternRural|2015-01-23_I"  taxon="EBOV|402_EMLH|KU296495|SLE|WesternRural|2015-01-23_I"  totalcount="4" value="??"/>
<sequence id="EBOV|389_EMLH|KU296593|SLE|WesternRural|2015-01-23_I"  taxon="EBOV|389_EMLH|KU296593|SLE|WesternRural|2015-01-23_I"  totalcount="4" value="??"/>
<sequence id="EBOV|J0080|KP759749|SLE|PortLoko|2014-10-18_I"  taxon="EBOV|J0080|KP759749|SLE|PortLoko|2014-10-18_I"  totalcount="4" value="??"/>
<sequence id="EBOV|J0043|KP759712|SLE|WesternArea|2014-10-04_I"  taxon="EBOV|J0043|KP759712|SLE|WesternArea|2014-10-04_I"  totalcount="4" value="??"/>
<sequence id="EBOV|DML25411|KT357857|SLE|Kono|2015-03-10_I"  taxon="EBOV|DML25411|KT357857|SLE|Kono|2015-03-10_I"  totalcount="4" value="??"/>
<sequence id="EBOV|1128|KR534580|GIN|Conakry|2014-09-25_I"  taxon="EBOV|1128|KR534580|GIN|Conakry|2014-09-25_I"  totalcount="4" value="??"/>
<sequence id="EBOV|G5743.1|KR105323|SLE|Kono|2014-09-17_I"  taxon="EBOV|G5743.1|KR105323|SLE|Kono|2014-09-17_I"  totalcount="4" value="??"/>
<sequence id="EBOV|20142843|KR653301|SLE|Bombali|2014-10-23_I"  taxon="EBOV|20142843|KR653301|SLE|Bombali|2014-10-23_I"  totalcount="4" value="??"/>
<sequence id="EBOV|20143107|KR653247|SLE|Bombali|2014-10-25_I"  taxon="EBOV|20143107|KR653247|SLE|Bombali|2014-10-25_I"  totalcount="4" value="??"/>
<sequence id="EBOV|MK0367|KU296770|SLE|Bombali|2014-12-21_I"  taxon="EBOV|MK0367|KU296770|SLE|Bombali|2014-12-21_I"  totalcount="4" value="??"/>
<sequence id="EBOV|MK0868|KU296537|SLE|x|2015-01-05_I"  taxon="EBOV|MK0868|KU296537|SLE|x|2015-01-05_I"  totalcount="4" value="??"/>
<sequence id="EBOV|MK1014|KU296316|SLE|Bombali|2015-01-10_I"  taxon="EBOV|MK1014|KU296316|SLE|Bombali|2015-01-10_I"  totalcount="4" value="??"/>
<sequence id="EBOV|MK0364|KU296453|SLE|Bombali|2014-12-21_I"  taxon="EBOV|MK0364|KU296453|SLE|Bombali|2014-12-21_I"  totalcount="4" value="??"/>
<sequence id="EBOV|MK0491|KU296510|SLE|Bombali|2014-12-23_I"  taxon="EBOV|MK0491|KU296510|SLE|Bombali|2014-12-23_I"  totalcount="4" value="??"/>
<sequence id="EBOV|MK0392|KU296691|SLE|Bombali|2014-12-22_I"  taxon="EBOV|MK0392|KU296691|SLE|Bombali|2014-12-22_I"  totalcount="4" value="??"/>
<sequence id="EBOV|MK0369|KU296413|SLE|Bombali|2014-12-21_I"  taxon="EBOV|MK0369|KU296413|SLE|Bombali|2014-12-21_I"  totalcount="4" value="??"/>
<sequence id="EBOV|MK0379|KU296480|SLE|Bombali|2014-12-22_I"  taxon="EBOV|MK0379|KU296480|SLE|Bombali|2014-12-22_I"  totalcount="4" value="??"/>
<sequence id="EBOV|MK0869|KU296534|SLE|Bombali|2015-01-05_I"  taxon="EBOV|MK0869|KU296534|SLE|Bombali|2015-01-05_I"  totalcount="4" value="??"/>
<sequence id="EBOV|20141232|KR653266|SLE|Tonkolili|2014-09-25_I"  taxon="EBOV|20141232|KR653266|SLE|Tonkolili|2014-09-25_I"  totalcount="4" value="??"/>
<sequence id="EBOV|J0017|KP759747|SLE|Bombali|2014-09-26_I"  taxon="EBOV|J0017|KP759747|SLE|Bombali|2014-09-26_I"  totalcount="4" value="??"/>
<sequence id="EBOV|MK0709|KU296373|SLE|Tonkolili|2014-12-31_I"  taxon="EBOV|MK0709|KU296373|SLE|Tonkolili|2014-12-31_I"  totalcount="4" value="??"/>
<sequence id="EBOV|G5296.1|KR105303|SLE|x|2014-08-25_I"  taxon="EBOV|G5296.1|KR105303|SLE|x|2014-08-25_I"  totalcount="4" value="??"/>
<sequence id="EBOV|MK0375|KU296606|SLE|Bombali|2014-12-22_I"  taxon="EBOV|MK0375|KU296606|SLE|Bombali|2014-12-22_I"  totalcount="4" value="??"/>
<sequence id="EBOV|PL2921|KU296506|SLE|Kambia|2015-02-03_I"  taxon="EBOV|PL2921|KU296506|SLE|Kambia|2015-02-03_I"  totalcount="4" value="??"/>
<sequence id="EBOV|KT4801|KU296722|SLE|x|2015-02-10_I"  taxon="EBOV|KT4801|KU296722|SLE|x|2015-02-10_I"  totalcount="4" value="??"/>
<sequence id="EBOV|20142856|KR653302|SLE|Tonkolili|2014-10-24_I"  taxon="EBOV|20142856|KR653302|SLE|Tonkolili|2014-10-24_I"  totalcount="4" value="??"/>
<sequence id="EBOV|J0160|KP759621|SLE|WesternRural|2014-11-07_I"  taxon="EBOV|J0160|KP759621|SLE|WesternRural|2014-11-07_I"  totalcount="4" value="??"/>
<sequence id="EBOV|20141497|KR653273|SLE|Bombali|2014-10-01_I"  taxon="EBOV|20141497|KR653273|SLE|Bombali|2014-10-01_I"  totalcount="4" value="??"/>
<sequence id="EBOV|20142127|KR653234|SLE|Bombali|2014-10-12_I"  taxon="EBOV|20142127|KR653234|SLE|Bombali|2014-10-12_I"  totalcount="4" value="??"/>
<sequence id="EBOV|678|KR534516|GIN|Conakry|2014-08-19_I"  taxon="EBOV|678|KR534516|GIN|Conakry|2014-08-19_I"  totalcount="4" value="??"/>
<sequence id="EBOV|EM_080265|KR817244|SLE|Kailahun|2014-07-12_I"  taxon="EBOV|EM_080265|KR817244|SLE|Kailahun|2014-07-12_I"  totalcount="4" value="??"/>
<sequence id="EBOV|G4717.1|KR105266|SLE|Kenema|2014-08-04_I"  taxon="EBOV|G4717.1|KR105266|SLE|Kenema|2014-08-04_I"  totalcount="4" value="??"/>
<sequence id="EBOV|G4255.1|KR105226|SLE|Kailahun|2014-07-11_I"  taxon="EBOV|G4255.1|KR105226|SLE|Kailahun|2014-07-11_I"  totalcount="4" value="??"/>
<sequence id="EBOV|G3851|KM233112|SLE|Kenema|2014-06-18_I"  taxon="EBOV|G3851|KM233112|SLE|Kenema|2014-06-18_I"  totalcount="4" value="??"/>
<sequence id="EBOV|G3851.2|KR105202|SLE|Kenema|2014-06-18_I"  taxon="EBOV|G3851.2|KR105202|SLE|Kenema|2014-06-18_I"  totalcount="4" value="??"/>
<sequence id="EBOV|1059|KR534529|GIN|Conakry|2014-09-21_I"  taxon="EBOV|1059|KR534529|GIN|Conakry|2014-09-21_I"  totalcount="4" value="??"/>
<sequence id="EBOV|509|KR534508|GIN|Conakry|2014-07-24_I"  taxon="EBOV|509|KR534508|GIN|Conakry|2014-07-24_I"  totalcount="4" value="??"/>
<sequence id="EBOV|1105|KR534579|GIN|Conakry|2014-09-24_I"  taxon="EBOV|1105|KR534579|GIN|Conakry|2014-09-24_I"  totalcount="4" value="??"/>
<sequence id="EBOV|EM_COY_2015_013795||GIN|Forecariah|2015-03-16_I"  taxon="EBOV|EM_COY_2015_013795||GIN|Forecariah|2015-03-16_I"  totalcount="4" value="??"/>
<sequence id="EBOV|EM_COY_2015_014060||GIN|Dubreka|2015-03-25_I"  taxon="EBOV|EM_COY_2015_014060||GIN|Dubreka|2015-03-25_I"  totalcount="4" value="??"/>
<sequence id="EBOV|EM_COY_2015_017174||GIN|Forecariah|2015-05-30_I"  taxon="EBOV|EM_COY_2015_017174||GIN|Forecariah|2015-05-30_I"  totalcount="4" value="??"/>
<sequence id="EBOV|EM_FORE_2015_695||GIN|Forecariah|2015-06-07_I"  taxon="EBOV|EM_FORE_2015_695||GIN|Forecariah|2015-06-07_I"  totalcount="4" value="??"/>
<sequence id="EBOV|EM_FORE_2015_1118||GIN|Forecariah|2015-07-02_I"  taxon="EBOV|EM_FORE_2015_1118||GIN|Forecariah|2015-07-02_I"  totalcount="4" value="??"/>
<sequence id="EBOV|EM_FORE_2015_1023||GIN|Forecariah|2015-06-29_I"  taxon="EBOV|EM_FORE_2015_1023||GIN|Forecariah|2015-06-29_I"  totalcount="4" value="??"/>
<sequence id="EBOV|EM_FORE_2015_934||GIN|Forecariah|2015-06-23_I"  taxon="EBOV|EM_FORE_2015_934||GIN|Forecariah|2015-06-23_I"  totalcount="4" value="??"/>
<sequence id="EBOV|EM_COY_2015_022059||GIN|Forecariah|2015-07-02_I"  taxon="EBOV|EM_COY_2015_022059||GIN|Forecariah|2015-07-02_I"  totalcount="4" value="??"/>
<sequence id="EBOV|EM_COY_2015_023888||GIN|Dubreka|2015-09-15_I"  taxon="EBOV|EM_COY_2015_023888||GIN|Dubreka|2015-09-15_I"  totalcount="4" value="??"/>
<sequence id="EBOV|REDC-GUI-2015-00502||GIN|Conakry|2015-07-13_I"  taxon="EBOV|REDC-GUI-2015-00502||GIN|Conakry|2015-07-13_I"  totalcount="4" value="??"/>
<sequence id="EBOV|REDC_GUI_2015_01285||GIN|Conakry|2015-08-24_I"  taxon="EBOV|REDC_GUI_2015_01285||GIN|Conakry|2015-08-24_I"  totalcount="4" value="??"/>
<sequence id="EBOV|EM_COY_2015_016456||GIN|Dubreka|2015-05-12_I"  taxon="EBOV|EM_COY_2015_016456||GIN|Dubreka|2015-05-12_I"  totalcount="4" value="??"/>
<sequence id="EBOV|EM_COY_2015_017666||GIN|Dubreka|2015-06-12_I"  taxon="EBOV|EM_COY_2015_017666||GIN|Dubreka|2015-06-12_I"  totalcount="4" value="??"/>
<sequence id="EBOV|EM_COY_2015_017238||GIN|Dubreka|2015-05-31_I"  taxon="EBOV|EM_COY_2015_017238||GIN|Dubreka|2015-05-31_I"  totalcount="4" value="??"/>
<sequence id="EBOV|CON-10193||GIN|Conakry|2015-08-03_I"  taxon="EBOV|CON-10193||GIN|Conakry|2015-08-03_I"  totalcount="4" value="??"/>
<sequence id="EBOV|CON-10512||GIN|Conakry|2015-08-11_I"  taxon="EBOV|CON-10512||GIN|Conakry|2015-08-11_I"  totalcount="4" value="??"/>
<sequence id="EBOV|REDC_GUI_2015_00483||GIN|Conakry|2015-07-12_I"  taxon="EBOV|REDC_GUI_2015_00483||GIN|Conakry|2015-07-12_I"  totalcount="4" value="??"/>
<sequence id="EBOV|EM_COY_2015_016800||GIN|Dubreka|2015-05-20_I"  taxon="EBOV|EM_COY_2015_016800||GIN|Dubreka|2015-05-20_I"  totalcount="4" value="??"/>
<sequence id="EBOV|EM_COY_2015_016617||GIN|Dubreka|2015-05-16_I"  taxon="EBOV|EM_COY_2015_016617||GIN|Dubreka|2015-05-16_I"  totalcount="4" value="??"/>
<sequence id="EBOV|EM_COY_2015_016531||GIN|Dubreka|2015-05-14_I"  taxon="EBOV|EM_COY_2015_016531||GIN|Dubreka|2015-05-14_I"  totalcount="4" value="??"/>
<sequence id="EBOV|REDC_GUI_2015_00589||GIN|Conakry|2015-07-15_I"  taxon="EBOV|REDC_GUI_2015_00589||GIN|Conakry|2015-07-15_I"  totalcount="4" value="??"/>
<sequence id="EBOV|EM_COY_2015_016267||GIN|Dubreka|2015-05-04_I"  taxon="EBOV|EM_COY_2015_016267||GIN|Dubreka|2015-05-04_I"  totalcount="4" value="??"/>
<sequence id="EBOV|1027|KR534577|GIN|Conakry|2014-09-18_I"  taxon="EBOV|1027|KR534577|GIN|Conakry|2014-09-18_I"  totalcount="4" value="??"/>
<sequence id="EBOV|742|KR534587|GIN|Conakry|2014-08-26_I"  taxon="EBOV|742|KR534587|GIN|Conakry|2014-08-26_I"  totalcount="4" value="??"/>
<sequence id="EBOV|J0021|KP759756|SLE|Bombali|2014-09-29_I"  taxon="EBOV|J0021|KP759756|SLE|Bombali|2014-09-29_I"  totalcount="4" value="??"/>
<sequence id="EBOV|G4698.1|KR105263|SLE|Kenema|2014-08-03_I"  taxon="EBOV|G4698.1|KR105263|SLE|Kenema|2014-08-03_I"  totalcount="4" value="??"/>
<sequence id="EBOV|G4431.1|KR105253|SLE|Bo|2014-07-20_I"  taxon="EBOV|G4431.1|KR105253|SLE|Bo|2014-07-20_I"  totalcount="4" value="??"/>
<sequence id="EBOV|J0048|KP759716|SLE|WesternRural|2014-10-05_I"  taxon="EBOV|J0048|KP759716|SLE|WesternRural|2014-10-05_I"  totalcount="4" value="??"/>
<sequence id="EBOV|G4725.1|KR105267|SLE|Moyamba|2014-08-04_I"  taxon="EBOV|G4725.1|KR105267|SLE|Moyamba|2014-08-04_I"  totalcount="4" value="??"/>
<sequence id="EBOV|1571|KR534566|GIN|Forecariah|2014-10-20_I"  taxon="EBOV|1571|KR534566|GIN|Forecariah|2014-10-20_I"  totalcount="4" value="??"/>
<sequence id="EBOV|989|KR534526|GIN|Forecariah|2014-09-15_I"  taxon="EBOV|989|KR534526|GIN|Forecariah|2014-09-15_I"  totalcount="4" value="??"/>
<sequence id="EBOV|J0032|KP759691|SLE|PortLoko|2014-09-30_I"  taxon="EBOV|J0032|KP759691|SLE|PortLoko|2014-09-30_I"  totalcount="4" value="??"/>
<sequence id="EBOV|J0074|KP759739|SLE|WesternRural|2014-10-13_I"  taxon="EBOV|J0074|KP759739|SLE|WesternRural|2014-10-13_I"  totalcount="4" value="??"/>
<sequence id="EBOV|20141282|KR653229|SLE|Kambia|2014-09-23_I"  taxon="EBOV|20141282|KR653229|SLE|Kambia|2014-09-23_I"  totalcount="4" value="??"/>
<sequence id="EBOV|J0085|KP759645|SLE|PortLoko|2014-10-17_I"  taxon="EBOV|J0085|KP759645|SLE|PortLoko|2014-10-17_I"  totalcount="4" value="??"/>
<sequence id="EBOV|G4955.1|KR105281|SLE|x|2014-08-13_I"  taxon="EBOV|G4955.1|KR105281|SLE|x|2014-08-13_I"  totalcount="4" value="??"/>
<sequence id="EBOV|G4994.1|KR105289|SLE|x|2014-08-15_I"  taxon="EBOV|G4994.1|KR105289|SLE|x|2014-08-15_I"  totalcount="4" value="??"/>
<sequence id="EBOV|J0088|KP759648|SLE|PortLoko|2014-10-20_I"  taxon="EBOV|J0088|KP759648|SLE|PortLoko|2014-10-20_I"  totalcount="4" value="??"/>
<sequence id="EBOV|20141288|KR653232|SLE|PortLoko|2014-09-23_I"  taxon="EBOV|20141288|KR653232|SLE|PortLoko|2014-09-23_I"  totalcount="4" value="??"/>
<sequence id="EBOV|J0030|KP759606|SLE|PortLoko|2014-10-03_I"  taxon="EBOV|J0030|KP759606|SLE|PortLoko|2014-10-03_I"  totalcount="4" value="??"/>
<sequence id="EBOV|PL4322|KU296677|SLE|PortLoko|2015-03-05_I"  taxon="EBOV|PL4322|KU296677|SLE|PortLoko|2015-03-05_I"  totalcount="4" value="??"/>
<sequence id="EBOV|PL4121|KU296305|SLE|PortLoko|2015-02-28_I"  taxon="EBOV|PL4121|KU296305|SLE|PortLoko|2015-02-28_I"  totalcount="4" value="??"/>
<sequence id="EBOV|KT5243|KU296736|SLE|x|2015-02-22_I"  taxon="EBOV|KT5243|KU296736|SLE|x|2015-02-22_I"  totalcount="4" value="??"/>
<sequence id="EBOV|J0014|KP759740|SLE|PortLoko|2014-09-29_I"  taxon="EBOV|J0014|KP759740|SLE|PortLoko|2014-09-29_I"  totalcount="4" value="??"/>
<sequence id="EBOV|J0013|KP759643|SLE|PortLoko|2014-09-28_I"  taxon="EBOV|J0013|KP759643|SLE|PortLoko|2014-09-28_I"  totalcount="4" value="??"/>
<sequence id="EBOV|G5982.1|KR105332|SLE|x|2014-09-25_I"  taxon="EBOV|G5982.1|KR105332|SLE|x|2014-09-25_I"  totalcount="4" value="??"/>
<sequence id="EBOV|J0097|KP759762|SLE|WesternRural|2014-10-28_I"  taxon="EBOV|J0097|KP759762|SLE|WesternRural|2014-10-28_I"  totalcount="4" value="??"/>
<sequence id="EBOV|J0158|KP759700|SLE|WesternRural|2014-11-08_I"  taxon="EBOV|J0158|KP759700|SLE|WesternRural|2014-11-08_I"  totalcount="4" value="??"/>
<sequence id="EBOV|MK0879|KU296410|SLE|PortLoko|2015-01-05_I"  taxon="EBOV|MK0879|KU296410|SLE|PortLoko|2015-01-05_I"  totalcount="4" value="??"/>
<sequence id="EBOV|J0084|KP759753|SLE|PortLoko|2014-10-16_I"  taxon="EBOV|J0084|KP759753|SLE|PortLoko|2014-10-16_I"  totalcount="4" value="??"/>
<sequence id="EBOV|J0155|KP759697|SLE|WesternArea|2014-11-07_I"  taxon="EBOV|J0155|KP759697|SLE|WesternArea|2014-11-07_I"  totalcount="4" value="??"/>
<sequence id="EBOV|J0119|KP759667|SLE|WesternUrban|2014-10-30_I"  taxon="EBOV|J0119|KP759667|SLE|WesternUrban|2014-10-30_I"  totalcount="4" value="??"/>
<sequence id="EBOV|MK0574|KU296332|SLE|x|2014-12-28_I"  taxon="EBOV|MK0574|KU296332|SLE|x|2014-12-28_I"  totalcount="4" value="??"/>
<sequence id="EBOV|MK13013|KU296454|SLE|Bombali|2015-09-12_I"  taxon="EBOV|MK13013|KU296454|SLE|Bombali|2015-09-12_I"  totalcount="4" value="??"/>
<sequence id="EBOV|12705_EMLH|KU296490|SLE|WesternUrban|2015-03-29_I"  taxon="EBOV|12705_EMLH|KU296490|SLE|WesternUrban|2015-03-29_I"  totalcount="4" value="??"/>
<sequence id="EBOV|J0161|KP759701|SLE|WesternUrban|2014-11-08_I"  taxon="EBOV|J0161|KP759701|SLE|WesternUrban|2014-11-08_I"  totalcount="4" value="??"/>
<sequence id="EBOV|J0145|KP759693|SLE|WesternRural|2014-11-06_I"  taxon="EBOV|J0145|KP759693|SLE|WesternRural|2014-11-06_I"  totalcount="4" value="??"/>
<sequence id="EBOV|J0125|KP759674|SLE|WesternRural|2014-10-31_I"  taxon="EBOV|J0125|KP759674|SLE|WesternRural|2014-10-31_I"  totalcount="4" value="??"/>
<sequence id="EBOV|J0056|KP759634|SLE|PortLoko|2014-10-08_I"  taxon="EBOV|J0056|KP759634|SLE|PortLoko|2014-10-08_I"  totalcount="4" value="??"/>
<sequence id="EBOV|J0037|KP759615|SLE|PortLoko|2014-10-03_I"  taxon="EBOV|J0037|KP759615|SLE|PortLoko|2014-10-03_I"  totalcount="4" value="??"/>
<sequence id="EBOV|G5019.1|KR105294|SLE|Kenema|2014-08-16_I"  taxon="EBOV|G5019.1|KR105294|SLE|Kenema|2014-08-16_I"  totalcount="4" value="??"/>
<sequence id="EBOV|20142551|KR653226|SLE|Koinadugu|2014-10-23_I"  taxon="EBOV|20142551|KR653226|SLE|Koinadugu|2014-10-23_I"  totalcount="4" value="??"/>
<sequence id="EBOV|J0010|KP759639|SLE|PortLoko|2014-09-28_I"  taxon="EBOV|J0010|KP759639|SLE|PortLoko|2014-09-28_I"  totalcount="4" value="??"/>
<sequence id="EBOV|J0109|KP759594|SLE|WesternUrban|2014-10-31_I"  taxon="EBOV|J0109|KP759594|SLE|WesternUrban|2014-10-31_I"  totalcount="4" value="??"/>
<sequence id="EBOV|MK0864|KU296334|SLE|x|2015-01-05_I"  taxon="EBOV|MK0864|KU296334|SLE|x|2015-01-05_I"  totalcount="4" value="??"/>
<sequence id="EBOV|J0175|KP759709|SLE|WesternArea|2014-11-11_I"  taxon="EBOV|J0175|KP759709|SLE|WesternArea|2014-11-11_I"  totalcount="4" value="??"/>
<sequence id="EBOV|J0131|KP759680|SLE|PortLoko|2014-10-30_I"  taxon="EBOV|J0131|KP759680|SLE|PortLoko|2014-10-30_I"  totalcount="4" value="??"/>
<sequence id="EBOV|EM121|KM233044|SLE|Kailahun|2014-06-04_I"  taxon="EBOV|EM121|KM233044|SLE|Kailahun|2014-06-04_I"  totalcount="4" value="??"/>
<sequence id="EBOV|G4527.2|KR105261|SLE|Kenema|2014-07-26_I"  taxon="EBOV|G4527.2|KR105261|SLE|Kenema|2014-07-26_I"  totalcount="4" value="??"/>
<sequence id="EBOV|LIBR10051|KT725368|LBR|x|2014-10-01_I"  taxon="EBOV|LIBR10051|KT725368|LBR|x|2014-10-01_I"  totalcount="4" value="??"/>
<sequence id="EBOV|LIBR10113|KT725367|LBR|x|2014-08-20_I"  taxon="EBOV|LIBR10113|KT725367|LBR|x|2014-08-20_I"  totalcount="4" value="??"/>
<sequence id="EBOV|EM_004589|KR817106|GIN|Siguiri|2015-01-31_I"  taxon="EBOV|EM_004589|KR817106|GIN|Siguiri|2015-01-31_I"  totalcount="4" value="??"/>
<sequence id="EBOV|LIBR10021|KT725335|LBR|x|2014-08-18_I"  taxon="EBOV|LIBR10021|KT725335|LBR|x|2014-08-18_I"  totalcount="4" value="??"/>
<sequence id="EBOV|LIBR10092|KT725380|LBR|x|2014-08-17_I"  taxon="EBOV|LIBR10092|KT725380|LBR|x|2014-08-17_I"  totalcount="4" value="??"/>
<sequence id="EBOV|LIBR10093|KT725363|LBR|Nimba|2014-08-17_I"  taxon="EBOV|LIBR10093|KT725363|LBR|Nimba|2014-08-17_I"  totalcount="4" value="??"/>
<sequence id="EBOV|LIBR0173|KR006950|LBR|Montserrado|2014-11-14_I"  taxon="EBOV|LIBR0173|KR006950|LBR|Montserrado|2014-11-14_I"  totalcount="4" value="??"/>
<sequence id="EBOV|201403007|KP178538|LBR|x|2014-08-03_I"  taxon="EBOV|201403007|KP178538|LBR|x|2014-08-03_I"  totalcount="4" value="??"/>
<sequence id="EBOV|EM_074785|KR817126|GIN|Macenta|2014-08-16_I"  taxon="EBOV|EM_074785|KR817126|GIN|Macenta|2014-08-16_I"  totalcount="4" value="??"/>
<sequence id="EBOV|EM_000027|KR817068|GIN|x|2014-09-01_I"  taxon="EBOV|EM_000027|KR817068|GIN|x|2014-09-01_I"  totalcount="4" value="??"/>
<sequence id="EBOV|1371|KR534555|GIN|Conakry|2014-10-10_I"  taxon="EBOV|1371|KR534555|GIN|Conakry|2014-10-10_I"  totalcount="4" value="??"/>
<sequence id="EBOV|EM_076951|KR817159|GIN|Lola|2014-11-13_I"  taxon="EBOV|EM_076951|KR817159|GIN|Lola|2014-11-13_I"  totalcount="4" value="??"/>
<sequence id="EBOV|EM_000925|KR817082|GIN|Macenta|2014-09-29_I"  taxon="EBOV|EM_000925|KR817082|GIN|Macenta|2014-09-29_I"  totalcount="4" value="??"/>
<sequence id="EBOV|EM_076534|KR817152|GIN|Macenta|2014-11-01_I"  taxon="EBOV|EM_076534|KR817152|GIN|Macenta|2014-11-01_I"  totalcount="4" value="??"/>
<sequence id="EBOV|LIBR10079|KT725309|LBR|GrandBassa|2014-08-26_I"  taxon="EBOV|LIBR10079|KT725309|LBR|GrandBassa|2014-08-26_I"  totalcount="4" value="??"/>
<sequence id="EBOV|EM_074437|KR817117|GIN|Nzerekore|2014-08-01_I"  taxon="EBOV|EM_074437|KR817117|GIN|Nzerekore|2014-08-01_I"  totalcount="4" value="??"/>
<sequence id="EBOV|EM_000706|KR817079|GIN|Nzerekore|2014-09-21_I"  taxon="EBOV|EM_000706|KR817079|GIN|Nzerekore|2014-09-21_I"  totalcount="4" value="??"/>
<sequence id="EBOV|EM_074436|KR817116|GIN|Nzerekore|2014-08-01_I"  taxon="EBOV|EM_074436|KR817116|GIN|Nzerekore|2014-08-01_I"  totalcount="4" value="??"/>
<sequence id="EBOV|EM_074720|KR817125|LBR|Lofa|2014-08-14_I"  taxon="EBOV|EM_074720|KR817125|LBR|Lofa|2014-08-14_I"  totalcount="4" value="??"/>
<sequence id="EBOV|EM_080065|KR817232|LBR|x|2014-06-20_I"  taxon="EBOV|EM_080065|KR817232|LBR|x|2014-06-20_I"  totalcount="4" value="??"/>
<sequence id="EBOV|G3799|KM233080|SLE|Kailahun|2014-06-15_I"  taxon="EBOV|G3799|KM233080|SLE|Kailahun|2014-06-15_I"  totalcount="4" value="??"/>
<sequence id="EBOV|G4973.1|KR105286|SLE|x|2014-08-12_I"  taxon="EBOV|G4973.1|KR105286|SLE|x|2014-08-12_I"  totalcount="4" value="??"/>
<sequence id="EBOV|20140517|KR653263|SLE|Kailahun|2014-09-05_I"  taxon="EBOV|20140517|KR653263|SLE|Kailahun|2014-09-05_I"  totalcount="4" value="??"/>
<sequence id="EBOV|G3788|KM233075|SLE|Kailahun|2014-06-14_I"  taxon="EBOV|G3788|KM233075|SLE|Kailahun|2014-06-14_I"  totalcount="4" value="??"/>
<sequence id="EBOV|G3972.1|KR105212|SLE|x|2014-06-24_I"  taxon="EBOV|G3972.1|KR105212|SLE|x|2014-06-24_I"  totalcount="4" value="??"/>
<sequence id="EBOV|LIBR0605|KR006958|LBR|Montserrado|2014-12-20_I"  taxon="EBOV|LIBR0605|KR006958|LBR|Montserrado|2014-12-20_I"  totalcount="4" value="??"/>
<sequence id="EBOV|CDC-NIH-3762||LBR|Montserrado|2014-11-19_I"  taxon="EBOV|CDC-NIH-3762||LBR|Montserrado|2014-11-19_I"  totalcount="4" value="??"/>
<sequence id="EBOV|LIBR10112|KT725365|LBR|RiverGee|2014-08-20_I"  taxon="EBOV|LIBR10112|KT725365|LBR|RiverGee|2014-08-20_I"  totalcount="4" value="??"/>
<sequence id="EBOV|LIBR0279|KT725280|LBR|x|2014-11-22_I"  taxon="EBOV|LIBR0279|KT725280|LBR|x|2014-11-22_I"  totalcount="4" value="??"/>
<sequence id="EBOV|G3807|KM233084|SLE|Kailahun|2014-06-15_I"  taxon="EBOV|G3807|KM233084|SLE|Kailahun|2014-06-15_I"  totalcount="4" value="??"/>
<sequence id="EBOV|G3786|KM233073|SLE|Kailahun|2014-06-14_I"  taxon="EBOV|G3786|KM233073|SLE|Kailahun|2014-06-14_I"  totalcount="4" value="??"/>
<sequence id="EBOV|LIBR1413|KR006962|LBR|Montserrado|2015-02-14_I"  taxon="EBOV|LIBR1413|KR006962|LBR|Montserrado|2015-02-14_I"  totalcount="4" value="??"/>
<sequence id="EBOV|LIBR0993|KR006960|LBR|Montserrado|2015-01-20_I"  taxon="EBOV|LIBR0993|KR006960|LBR|Montserrado|2015-01-20_I"  totalcount="4" value="??"/>
<sequence id="EBOV|CDC-NIH-1650||LBR|Margibi|2014-09-27_I"  taxon="EBOV|CDC-NIH-1650||LBR|Margibi|2014-09-27_I"  totalcount="4" value="??"/>
<sequence id="EBOV|LIBR10237|KT725275|LBR|x|2014-07-11_I"  taxon="EBOV|LIBR10237|KT725275|LBR|x|2014-07-11_I"  totalcount="4" value="??"/>
<sequence id="EBOV|CDC-NIH-3827||LBR|Montserrado|2014-11-23_I"  taxon="EBOV|CDC-NIH-3827||LBR|Montserrado|2014-11-23_I"  totalcount="4" value="??"/>
<sequence id="EBOV|LIBR10014|KT725390|LBR|Montserrado|2014-08-19_I"  taxon="EBOV|LIBR10014|KT725390|LBR|Montserrado|2014-08-19_I"  totalcount="4" value="??"/>
<sequence id="EBOV|LIBR10218|KT725284|LBR|x|2014-09-29_I"  taxon="EBOV|LIBR10218|KT725284|LBR|x|2014-09-29_I"  totalcount="4" value="??"/>
<sequence id="EBOV|LIBR0159|KT725327|LBR|Montserrado|2014-11-13_I"  taxon="EBOV|LIBR0159|KT725327|LBR|Montserrado|2014-11-13_I"  totalcount="4" value="??"/>
<sequence id="EBOV|LIBR10249|KT725388|LBR|x|2014-07-04_I"  taxon="EBOV|LIBR10249|KT725388|LBR|x|2014-07-04_I"  totalcount="4" value="??"/>
<sequence id="EBOV|LIBR10270|KT725256|LBR|x|2014-08-26_I"  taxon="EBOV|LIBR10270|KT725256|LBR|x|2014-08-26_I"  totalcount="4" value="??"/>
<sequence id="EBOV|LIBR10172|KT725289|LBR|x|2014-09-01_I"  taxon="EBOV|LIBR10172|KT725289|LBR|x|2014-09-01_I"  totalcount="4" value="??"/>
<sequence id="EBOV|LIBR0160|KT725370|LBR|Montserrado|2014-11-13_I"  taxon="EBOV|LIBR0160|KT725370|LBR|Montserrado|2014-11-13_I"  totalcount="4" value="??"/>
<sequence id="EBOV|LIBR0073|KR006944|LBR|GrandBassa|2014-11-06_I"  taxon="EBOV|LIBR0073|KR006944|LBR|GrandBassa|2014-11-06_I"  totalcount="4" value="??"/>
<sequence id="EBOV|LIBR0059|KR006941|LBR|RiverCess|2014-11-05_I"  taxon="EBOV|LIBR0059|KR006941|LBR|RiverCess|2014-11-05_I"  totalcount="4" value="??"/>
<sequence id="EBOV|LIBR10253|KT725282|LBR|Margibi|2014-09-16_I"  taxon="EBOV|LIBR10253|KT725282|LBR|Margibi|2014-09-16_I"  totalcount="4" value="??"/>
<sequence id="EBOV|LIBR11177|KT725358|LBR|Margibi|2014-10-05_I"  taxon="EBOV|LIBR11177|KT725358|LBR|Margibi|2014-10-05_I"  totalcount="4" value="??"/>
<sequence id="EBOV|LIBR10077|KT725326|LBR|Margibi|2014-08-26_I"  taxon="EBOV|LIBR10077|KT725326|LBR|Margibi|2014-08-26_I"  totalcount="4" value="??"/>
<sequence id="EBOV|LIBR10132|KT725255|LBR|Margibi|2014-09-08_I"  taxon="EBOV|LIBR10132|KT725255|LBR|Margibi|2014-09-08_I"  totalcount="4" value="??"/>
<sequence id="EBOV|LIBR10031|KT725278|LBR|Margibi|2014-08-16_I"  taxon="EBOV|LIBR10031|KT725278|LBR|Margibi|2014-08-16_I"  totalcount="4" value="??"/>
<sequence id="EBOV|G3787|KM233074|SLE|Kailahun|2014-06-14_I"  taxon="EBOV|G3787|KM233074|SLE|Kailahun|2014-06-14_I"  totalcount="4" value="??"/>
<sequence id="EBOV|EM_074349|KR817108|LBR|Lofa|2014-07-22_I"  taxon="EBOV|EM_074349|KR817108|LBR|Lofa|2014-07-22_I"  totalcount="4" value="??"/>
<sequence id="EBOV|EM_004563|KR817104|GIN|Kissidougou|2015-01-25_I"  taxon="EBOV|EM_004563|KR817104|GIN|Kissidougou|2015-01-25_I"  totalcount="4" value="??"/>
<sequence id="EBOV|1205|KR534538|GIN|Conakry|2014-10-02_I"  taxon="EBOV|1205|KR534538|GIN|Conakry|2014-10-02_I"  totalcount="4" value="??"/>
<sequence id="EBOV|EM_075931|KR817138|GIN|Beyla|2014-10-10_I"  taxon="EBOV|EM_075931|KR817138|GIN|Beyla|2014-10-10_I"  totalcount="4" value="??"/>
<sequence id="EBOV|Makona-Mali-DPR1|KP260799|GIN|x|2014-10-23_I"  taxon="EBOV|Makona-Mali-DPR1|KP260799|GIN|x|2014-10-23_I"  totalcount="4" value="??"/>
<sequence id="EBOV|EM_076335|KR817147|GIN|Kerouane|2014-10-23_I"  taxon="EBOV|EM_076335|KR817147|GIN|Kerouane|2014-10-23_I"  totalcount="4" value="??"/>
<sequence id="EBOV|EM_078656|KR817168|GIN|Kouroussa|2014-12-09_I"  taxon="EBOV|EM_078656|KR817168|GIN|Kouroussa|2014-12-09_I"  totalcount="4" value="??"/>
<sequence id="EBOV|EM_078556|KR817163|GIN|Kankan|2014-12-01_I"  taxon="EBOV|EM_078556|KR817163|GIN|Kankan|2014-12-01_I"  totalcount="4" value="??"/>
<sequence id="EBOV|1454|KR534560|GIN|Conakry|2014-10-14_I"  taxon="EBOV|1454|KR534560|GIN|Conakry|2014-10-14_I"  totalcount="4" value="??"/>
<sequence id="EBOV|1394|KR534557|GIN|Coyah|2014-10-11_I"  taxon="EBOV|1394|KR534557|GIN|Coyah|2014-10-11_I"  totalcount="4" value="??"/>
<sequence id="EBOV|EM_078670|KR817169|GIN|Kankan|2014-12-11_I"  taxon="EBOV|EM_078670|KR817169|GIN|Kankan|2014-12-11_I"  totalcount="4" value="??"/>
<sequence id="EBOV|LIBR10062|KT725359|LBR|x|2014-09-23_I"  taxon="EBOV|LIBR10062|KT725359|LBR|x|2014-09-23_I"  totalcount="4" value="??"/>
<sequence id="EBOV|EM_075447|KR817134|GIN|Macenta|2014-08-31_I"  taxon="EBOV|EM_075447|KR817134|GIN|Macenta|2014-08-31_I"  totalcount="4" value="??"/>
<sequence id="EBOV|EM_075373|KR817132|GIN|Macenta|2014-08-30_I"  taxon="EBOV|EM_075373|KR817132|GIN|Macenta|2014-08-30_I"  totalcount="4" value="??"/>
<sequence id="EBOV|EM_078779|KR817177|GIN|Kissidougou|2014-12-18_I"  taxon="EBOV|EM_078779|KR817177|GIN|Kissidougou|2014-12-18_I"  totalcount="4" value="??"/>
<sequence id="EBOV|EM_078706|KR817173|GIN|Kissidougou|2014-12-15_I"  taxon="EBOV|EM_078706|KR817173|GIN|Kissidougou|2014-12-15_I"  totalcount="4" value="??"/>
<sequence id="EBOV|EM_004201|KR817093|GIN|Kissidougou|2014-12-24_I"  taxon="EBOV|EM_004201|KR817093|GIN|Kissidougou|2014-12-24_I"  totalcount="4" value="??"/>
<sequence id="EBOV|EM_004422|KR817097|GIN|Kissidougou|2015-01-02_I"  taxon="EBOV|EM_004422|KR817097|GIN|Kissidougou|2015-01-02_I"  totalcount="4" value="??"/>
<sequence id="EBOV|EM_004437|KR817098|GIN|Kissidougou|2015-01-04_I"  taxon="EBOV|EM_004437|KR817098|GIN|Kissidougou|2015-01-04_I"  totalcount="4" value="??"/>
<sequence id="EBOV|EM_076403|KR817149|GIN|Macenta|2014-10-27_I"  taxon="EBOV|EM_076403|KR817149|GIN|Macenta|2014-10-27_I"  totalcount="4" value="??"/>
<sequence id="EBOV|EM_074821|KR817127|LBR|Lofa|2014-08-17_I"  taxon="EBOV|EM_074821|KR817127|LBR|Lofa|2014-08-17_I"  totalcount="4" value="??"/>
<sequence id="EBOV|LIBR10061|KT725376|LBR|Montserrado|2014-09-23_I"  taxon="EBOV|LIBR10061|KT725376|LBR|Montserrado|2014-09-23_I"  totalcount="4" value="??"/>
<sequence id="EBOV|EM_078683|KR817170|GIN|Kerouane|2014-12-11_I"  taxon="EBOV|EM_078683|KR817170|GIN|Kerouane|2014-12-11_I"  totalcount="4" value="??"/>
<sequence id="EBOV|EM_075932|KR817139|GIN|Macenta|2014-10-10_I"  taxon="EBOV|EM_075932|KR817139|GIN|Macenta|2014-10-10_I"  totalcount="4" value="??"/>
<sequence id="EBOV|EM_076615|KR817154|GIN|Macenta|2014-11-03_I"  taxon="EBOV|EM_076615|KR817154|GIN|Macenta|2014-11-03_I"  totalcount="4" value="??"/>
<sequence id="EBOV|Conakry_633|KR534512|GIN|Gueckedou|2014-08-12_I"  taxon="EBOV|Conakry_633|KR534512|GIN|Gueckedou|2014-08-12_I"  totalcount="4" value="??"/>
<sequence id="EBOV|1355|KR534553|GIN|Coyah|2014-10-09_I"  taxon="EBOV|1355|KR534553|GIN|Coyah|2014-10-09_I"  totalcount="4" value="??"/>
<sequence id="EBOV|1568|KR534565|GIN|Forecariah|2014-10-18_I"  taxon="EBOV|1568|KR534565|GIN|Forecariah|2014-10-18_I"  totalcount="4" value="??"/>
<sequence id="EBOV|1321|KR534547|GIN|Coyah|2014-10-07_I"  taxon="EBOV|1321|KR534547|GIN|Coyah|2014-10-07_I"  totalcount="4" value="??"/>
<sequence id="EBOV|1274|KR534542|GIN|Coyah|2014-10-04_I"  taxon="EBOV|1274|KR534542|GIN|Coyah|2014-10-04_I"  totalcount="4" value="??"/>
<sequence id="EBOV|LIBR10130|KT725343|LBR|Montserrado|2014-09-01_I"  taxon="EBOV|LIBR10130|KT725343|LBR|Montserrado|2014-09-01_I"  totalcount="4" value="??"/>
<sequence id="EBOV|LIBR10103|KT725338|LBR|Nimba|2014-08-20_I"  taxon="EBOV|LIBR10103|KT725338|LBR|Nimba|2014-08-20_I"  totalcount="4" value="??"/>
<sequence id="EBOV|LIBR10148|KT725295|LBR|Nimba|2014-09-20_I"  taxon="EBOV|LIBR10148|KT725295|LBR|Nimba|2014-09-20_I"  totalcount="4" value="??"/>
<sequence id="EBOV|LIBR10035|KT725259|LBR|GrandBassa|2014-08-15_I"  taxon="EBOV|LIBR10035|KT725259|LBR|GrandBassa|2014-08-15_I"  totalcount="4" value="??"/>
<sequence id="EBOV|LIBR0503|KR006956|LBR|Sinoe|2014-12-10_I"  taxon="EBOV|LIBR0503|KR006956|LBR|Sinoe|2014-12-10_I"  totalcount="4" value="??"/>
<sequence id="EBOV|LIBR10261|KT725287|LBR|Sinoe|2014-10-14_I"  taxon="EBOV|LIBR10261|KT725287|LBR|Sinoe|2014-10-14_I"  totalcount="4" value="??"/>
<sequence id="EBOV|CDC-NIH-3878||LBR|Montserrado|2014-11-25_I"  taxon="EBOV|CDC-NIH-3878||LBR|Montserrado|2014-11-25_I"  totalcount="4" value="??"/>
<sequence id="EBOV|CDC-NIH-2984||LBR|Montserrado|2014-10-23_I"  taxon="EBOV|CDC-NIH-2984||LBR|Montserrado|2014-10-23_I"  totalcount="4" value="??"/>
<sequence id="EBOV|LIBR10110|KT725387|LBR|x|2014-08-20_I"  taxon="EBOV|LIBR10110|KT725387|LBR|x|2014-08-20_I"  totalcount="4" value="??"/>
<sequence id="EBOV|EM_080132|KR817236|SLE|Kailahun|2014-06-24_I"  taxon="EBOV|EM_080132|KR817236|SLE|Kailahun|2014-06-24_I"  totalcount="4" value="??"/>
<sequence id="EBOV|EM_080213|KR817240|LBR|x|2014-07-03_I"  taxon="EBOV|EM_080213|KR817240|LBR|x|2014-07-03_I"  totalcount="4" value="??"/>
<sequence id="EBOV|EM_000934|KR817083|GIN|Gueckedou|2014-09-29_I"  taxon="EBOV|EM_000934|KR817083|GIN|Gueckedou|2014-09-29_I"  totalcount="4" value="??"/>
<sequence id="EBOV|EM_079542|KR817199|GIN|Gueckedou|2014-04-12_I"  taxon="EBOV|EM_079542|KR817199|GIN|Gueckedou|2014-04-12_I"  totalcount="4" value="??"/>
<sequence id="EBOV|EM_079424|KR817189|GIN|Macenta|2014-03-27_I"  taxon="EBOV|EM_079424|KR817189|GIN|Macenta|2014-03-27_I"  totalcount="4" value="??"/>
<sequence id="EBOV|EM_079421|KR817186|GIN|Macenta|2014-03-30_I"  taxon="EBOV|EM_079421|KR817186|GIN|Macenta|2014-03-30_I"  totalcount="4" value="??"/>
<sequence id="EBOV|EM_079464|KR817195|GIN|Macenta|2014-04-04_I"  taxon="EBOV|EM_079464|KR817195|GIN|Macenta|2014-04-04_I"  totalcount="4" value="??"/>
<sequence id="EBOV|EM_079405|KR817180|GIN|Gueckedou|2014-03-28_I"  taxon="EBOV|EM_079405|KR817180|GIN|Gueckedou|2014-03-28_I"  totalcount="4" value="??"/>
<sequence id="EBOV|EM_079578|KR817201|GIN|Gueckedou|2014-04-18_I"  taxon="EBOV|EM_079578|KR817201|GIN|Gueckedou|2014-04-18_I"  totalcount="4" value="??"/>
<sequence id="EBOV|EM_079514|KR817197|GIN|Gueckedou|2014-04-10_I"  taxon="EBOV|EM_079514|KR817197|GIN|Gueckedou|2014-04-10_I"  totalcount="4" value="??"/>
<sequence id="EBOV|EM_079622|KR817203|GIN|Gueckedou|2014-04-28_I"  taxon="EBOV|EM_079622|KR817203|GIN|Gueckedou|2014-04-28_I"  totalcount="4" value="??"/>
<sequence id="EBOV|EM_079915|KR817226|GIN|Gueckedou|2014-06-10_I"  taxon="EBOV|EM_079915|KR817226|GIN|Gueckedou|2014-06-10_I"  totalcount="4" value="??"/>
<sequence id="EBOV|EM_079772|KR817215|GIN|Gueckedou|2014-05-24_I"  taxon="EBOV|EM_079772|KR817215|GIN|Gueckedou|2014-05-24_I"  totalcount="4" value="??"/>
<sequence id="EBOV|EM_079630|KR817204|GIN|Gueckedou|2014-05-01_I"  taxon="EBOV|EM_079630|KR817204|GIN|Gueckedou|2014-05-01_I"  totalcount="4" value="??"/>
<sequence id="EBOV|PL5294|KU296764|SLE|Kambia|2015-03-24_I"  taxon="EBOV|PL5294|KU296764|SLE|Kambia|2015-03-24_I"  totalcount="4" value="??"/>
<sequence id="EBOV|1341||GIN|Coyah|2014-10-08_I"  taxon="EBOV|1341||GIN|Coyah|2014-10-08_I"  totalcount="4" value="??"/>
<sequence id="EBOV|1551|KR534562|GIN|Conakry|2014-10-18_I"  taxon="EBOV|1551|KR534562|GIN|Conakry|2014-10-18_I"  totalcount="4" value="??"/>
<sequence id="EBOV|EM_COY_2015_016642||GIN|Forecariah|2015-05-17_I"  taxon="EBOV|EM_COY_2015_016642||GIN|Forecariah|2015-05-17_I"  totalcount="4" value="??"/>
<sequence id="EBOV|EM_FORE_2015_875||GIN|Forecariah|2015-06-17_I"  taxon="EBOV|EM_FORE_2015_875||GIN|Forecariah|2015-06-17_I"  totalcount="4" value="??"/>
<sequence id="EBOV|EM_COY_2015_016293||GIN|Forecariah|2015-05-06_I"  taxon="EBOV|EM_COY_2015_016293||GIN|Forecariah|2015-05-06_I"  totalcount="4" value="??"/>
<sequence id="EBOV|IPDPFHGINSP_GUI_2015_5117||GIN|Dubreka|2015-04-03_I"  taxon="EBOV|IPDPFHGINSP_GUI_2015_5117||GIN|Dubreka|2015-04-03_I"  totalcount="4" value="??"/>
<sequence id="EBOV|KG91||GIN|Boke|2015-06-20_I"  taxon="EBOV|KG91||GIN|Boke|2015-06-20_I"  totalcount="4" value="??"/>
<sequence id="EBOV|GUI_CTS_2015_0052||GIN|Boke|2015-06-25_I"  taxon="EBOV|GUI_CTS_2015_0052||GIN|Boke|2015-06-25_I"  totalcount="4" value="??"/>
<sequence id="EBOV|KG12||GIN|Boke|2015-05-27_I"  taxon="EBOV|KG12||GIN|Boke|2015-05-27_I"  totalcount="4" value="??"/>
<sequence id="EBOV|1316|KR534546|GIN|Coyah|2014-10-07_I"  taxon="EBOV|1316|KR534546|GIN|Coyah|2014-10-07_I"  totalcount="4" value="??"/>
<sequence id="EBOV|EM_079914|KR817225|GIN|Gueckedou|2014-06-10_I"  taxon="EBOV|EM_079914|KR817225|GIN|Gueckedou|2014-06-10_I"  totalcount="4" value="??"/>
<sequence id="EBOV|531|KR534510|GIN|Kouroussa|2014-07-27_I"  taxon="EBOV|531|KR534510|GIN|Kouroussa|2014-07-27_I"  totalcount="4" value="??"/>
<sequence id="EBOV|EM_074335|KR817107|x|x|2014-07-18_I"  taxon="EBOV|EM_074335|KR817107|x|x|2014-07-18_I"  totalcount="4" value="??"/>
<sequence id="EBOV|EM_080141|KR817237|GIN|Gueckedou|2014-06-25_I"  taxon="EBOV|EM_080141|KR817237|GIN|Gueckedou|2014-06-25_I"  totalcount="4" value="??"/>
<sequence id="EBOV|EM_079911|KR817222|GIN|Gueckedou|2014-06-09_I"  taxon="EBOV|EM_079911|KR817222|GIN|Gueckedou|2014-06-09_I"  totalcount="4" value="??"/>
<sequence id="EBOV|EM_079750|KR817213|GIN|Gueckedou|2014-05-21_I"  taxon="EBOV|EM_079750|KR817213|GIN|Gueckedou|2014-05-21_I"  totalcount="4" value="??"/>
<sequence id="EBOV|EM_079414|KR817185|GIN|Gueckedou|2014-03-31_I"  taxon="EBOV|EM_079414|KR817185|GIN|Gueckedou|2014-03-31_I"  totalcount="4" value="??"/>
 

</data>
	
	<model spec='PopModelODE' id='sirmodel' evaluator="compiled"
	     popParams='@initValues' modelParams='@rates'>
		
		<definition spec='Definition'>
			beta = max(0.0, a*t + b)
		</definition>
		
		<matrixeq spec='MatrixEquation' type="migration" origin="E" destination="I">
			gamma0*E*(1-p_hr)
		</matrixeq> 
		
		<matrixeq spec='MatrixEquation' type="migration" origin="E" destination="I_hr">
			gamma0*E*p_hr
		</matrixeq> 
		
		<matrixeq spec='MatrixEquation' type="birth"  origin="I" destination="E"> 
			beta*I
		 </matrixeq> 
		
		<matrixeq spec='MatrixEquation' type="birth"  origin="I_hr" destination="E"> 
			beta*I_hr*trr
		 </matrixeq> 
		
		<matrixeq spec='MatrixEquation' type="death" origin="I">
			gamma1*I
		</matrixeq> 
		
		<matrixeq spec='MatrixEquation' type="death" origin="I_hr">
			gamma1*I_hr
		</matrixeq> 
			
		<matrixeq spec='MatrixEquation' type="nondeme" origin="R"> 
			gamma1*(I + I_hr )
		</matrixeq>
	</model>
	
	<rates spec="ModelParameters" id='rates'>	
<!--
		11.4 day incubation
		5 day infectiousness 
-->
		<param spec='ParamValue' names='gamma0' values='32.01754'/>
		<param spec='ParamValue' names='gamma1' values='73.0'/>
		<param spec='ParamValue' names='p_hr' values='0.10'/>
		<param spec='ParamValue' names='a' values='@a'/>
		<param spec='ParamValue' names='b' values='@b'/>
		<param spec='ParamValue' names='trr' values='@trr'/>
	</rates>
	
<!--
t1="1.8000765516"
-->
	<trajparams id='initValues' spec='TrajectoryParameters' method="classicrk" 
	            integrationSteps="5000" rTol="0.001" aTol="1.0e-6" order="3" t0="0.0" >
<!--
	<trajparams id='initValues' spec='TrajectoryParameters' method="adams-bashforth" 
	            integrationSteps="1000" rTol="0.0001" aTol="1.0e-10" order="3" t0="0.0" >
-->
	        <initialValue spec="ParamValue" names='E' values='@initI0'  />
			<initialValue spec="ParamValue" names='I' values='1.0'  />
			<initialValue spec="ParamValue" names='I_hr' values='1.0'  />
			<initialValue spec="ParamValue" names='R' values='0.0'  />
	</trajparams>
	
	<!-- Define tree outside state -->
	<init spec="beast.util.TreeParser" id="tree"
			taxa="@sequences" 
			adjustTipHeights="false"
			IsLabelledNewick="true"
			newick="(((((((((((((((((EBOV|020484_EMLK|KU296462|SLE|Kambia|2015-09-04_I:0.428794675,EBOV|15314_EMLK|KU296600|SLE|Kambia|2015-06-06_I:0.1822193326):0.1805866276,EBOV|PL6049|KU296743|SLE|Kambia|2015-04-11_I:0.2093813026):0.01369863014,((EBOV|PL7551|KU296322|SLE|PortLoko|2015-06-02_I:0.2088350487,(((EBOV|PL8630|KU296325|SLE|PortLoko|2015-06-29_I:0.09950387306,EBOV|PL9150|KU296522|SLE|PortLoko|2015-07-12_I:0.1351203114):0.1348581971,((EBOV|PL6656|KU296523|SLE|PortLoko|2015-05-01_I:0.02587850007,(((EBOV|PL7774|KU296589|SLE||2015-06-08_I:0.09764987664,EBOV|PL7773|KU296417|SLE|x|2015-06-08_I:0.09764987664):0.01369863014,EBOV|15373_EMLK|KU296802|SLE|Kambia|2015-06-10_I:0.1031293287):0.01863958233,EBOV|PL7429|KU296617|SLE|PortLoko|2015-05-29_I:0.1025908288):0.01369863014):0.01369863014,EBOV|PL7946|KU296667|SLE|PortLoko|2015-06-12_I:0.1409469932):0.01944247422):0.04844558131,EBOV|14743_EML|KU296298|SLE|Kambia|2015-04-19_I:0.08828710354):0.01369863014):0.0324051817,EBOV|PL7053|KU296757|SLE|PortLoko|2015-05-15_I:0.2056237921):0.1106068256):0.05456491019,(EBOV|PL5157|KU296421|SLE|PortLoko|2015-03-22_I:0.1910276047,(EBOV|PL4483|KU296389|SLE|Kambia|2015-03-08_I:0.1526714403,EBOV|PL4763|KU296503|SLE|Kambia|2015-03-14_I:0.1691097965):0.01369863014):0.01812408756):0.3754854307,((EBOV|KT5022|KU296519|SLE|WesternRural|2015-02-13_I:0.4546305522,(EBOV|J0137|KP759685|SLE|WesternRural|2014-11-01_I:0.1696990453,EBOV|J0053|KP759721|SLE|WesternRural|2014-10-06_I:0.09846616863):0.01369863014):0.01369863014,EBOV|J0054|KP759722|SLE|WesternRural|2014-10-06_I:0.09846616863):0.01493807765):0.145959967,EBOV|20142407|KR653249|SLE|Tonkolili|2014-10-16_I:0.3141587339):0.1114765008,EBOV|1283||GIN|Coyah|2014-10-04_I:0.3927585223):0.1113510667,(((EBOV|20140729|KR653286|SLE|Bo|2014-09-10_I:0.01369863014,EBOV|G5644.1|KR105314|SLE|x|2014-09-11_I:0.01643835616):0.3133064675,EBOV|G3724|KM233053|SLE|Kailahun|2014-06-05_I:0.06125167302):0.01369863014,((((((EBOV|G5737.1|KR105321|SLE|Moyamba|2014-09-16_I:0.01369863014,EBOV|G5844.1|KR105328|SLE|Moyamba|2014-09-21_I:0.02739726027):0.01369863014,EBOV|G5756.1|KR105324|SLE|x|2014-09-18_I:0.02562598365):0.01369863014,EBOV|20141061|KR653250|SLE|Moyamba|2014-09-21_I:0.03384516173):0.1905681195,EBOV|G4433.1|KR105254|SLE|Kailahun|2014-07-20_I:0.07275990034):0.08121593634,EBOV|G3822|KM233096|SLE|Kailahun|2014-06-15_I:0.05808542572):0.04054471127,((EBOV|20140100|KR653241|SLE|Pujehun|2014-08-24_I:0.2273972603,(EBOV|G4151.1|KR105215|SLE|Kenema|2014-07-06_I:0.09315068493,(EBOV|NM042|KM233116|SLE|Kambia|2014-06-04_I:0.01369863014,((EBOV|EM115|KM233041|SLE|Kailahun|2014-06-03_I:0.01369863014,EBOV|G4299.1|KR105229|SLE|Kailahun|2014-07-12_I:0.1205479452):0.01369863014,(EBOV|G4252.1|KR105224|SLE|Kailahun|2014-07-11_I:0.1068493151,(EBOV|G4133.1|KR105214|SLE|Kailahun|2014-07-04_I:0.08767123288,(EBOV|20143164|KR653277|SLE|Kenema|2014-10-27_I:0.402739726,(EBOV|EM106|KM233036|SLE|Kailahun|2014-06-02_I:0.01369863014,EBOV|G4337.1|KR105238|SLE|Kailahun|2014-07-14_I:0.1287671233):0.01369863014):0.01369863014):0.01369863014):0.01369863014):0.01369863014):0.01369863014):0.01369863014):0.01369863014,EBOV|EM112|KM233039|SLE|Kailahun|2014-06-03_I:0.01369863014):0.01369863014):0.01369863014):0.01369863014):0.01369863014,(EBOV|G3713|KM233050|SLE|Kailahun|2014-06-09_I:0.04800228045,(((((EBOV|MK1079|KU296815|SLE|Bombali|2015-01-11_I:0.2182003189,EBOV|20143317|KR653282|SLE|Bombali|2014-10-29_I:0.0154605929):0.2123461422,(EBOV|J0174|KP759708|SLE|WesternArea|2014-11-11_I:0.2035073715,EBOV|J0002|KP759640|SLE|WesternUrban|2014-09-27_I:0.08021970022):0.05991580204):0.01369863014,EBOV|J0149|KP759695|SLE|WesternUrban|2014-11-07_I:0.2524642694):0.01369863014,((((EBOV|J0173|KP759627|SLE|WesternRural|2014-11-11_I:0.05380201217,EBOV|J0121|KP759669|SLE|WesternUrban|2014-10-29_I:0.01818557382):0.1486796665,(((EBOV|DML24677|KT357842|SLE|Kono|2015-01-25_I:0.01369863014,EBOV|DML24606|KT357837|SLE|Kono|2015-01-20_I:0.01369863014):0.03359759399,EBOV|DML24669|KT357841|SLE|Kono|2015-01-25_I:0.06099485427):0.2118112382,((EBOV|DML24818|KT357848|SLE|Kono|2015-02-03_I:0.04383561644,EBOV|DML24573|KT357831|SLE|Kono|2015-01-18_I:0.01369863014):0.06210782436,EBOV|DML24611|KT357839|SLE|Kono|2015-01-21_I:0.08402563258):0.1778215558):0.1351550383):0.04247753304,(EBOV|20143458|KR653245|SLE|Tonkolili|2014-11-01_I:0.1509984296,(EBOV|20141397|KR653288|SLE|Moyamba|2014-09-28_I:0.01369863014,EBOV|G6104.1|KR105349|SLE|Moyamba|2014-09-28_I:0.01369863014):0.04414911452):0.06656352181):0.07741448631,((((((EBOV|539_EMLH|KU296823|SLE|WesternUrban|2015-02-02_I:0.4286802671,(EBOV|PL4249|KU296349|SLE|PortLoko|2015-03-03_I:0.5081323219,EBOV|MK0888|KU296376|SLE|x|2015-01-06_I:0.3547076643):0.01369863014):0.0525975405,EBOV|592_EMLH|KU296447|SLE|x|2015-02-05_I:0.5031956158):0.01369863014,EBOV|J0024|KP759663|SLE|WesternRural|2014-09-29_I:0.1497709583):0.01369863014,EBOV|J0001|KP759636|SLE|WesternRural|2014-09-27_I:0.1442915062):0.01369863014,EBOV|J0089|KP759758|SLE|WesternArea|2014-10-23_I:0.2364398341):0.01369863014,(((EBOV|PL4844|KU296527|SLE|PortLoko|2015-03-16_I:0.06111616229,EBOV|PL4119|KU296645|SLE|PortLoko|2015-02-28_I:0.01728054585):0.1505170914,EBOV|MK0867|KU296748|SLE|x|2015-01-05_I:0.01985243179):0.01369863014,((EBOV|PL4283|KU296840|SLE|PortLoko|2015-03-03_I:0.03724037329,(EBOV|PL4932|KU296547|SLE|PortLoko|2015-03-18_I:0.05179867163,EBOV|PL4813|KU296798|SLE|PortLoko|2015-03-14_I:0.04083976753):0.02653759206):0.01369863014,(EBOV|PL4886|KU296461|SLE|PortLoko|2015-03-16_I:0.06732783379,EBOV|PL4785|KU296688|SLE|PortLoko|2015-03-14_I:0.06184838174):0.01922760799):0.1387764421):0.4395075676):0.01369863014):0.01369863014):0.01369863014,EBOV|J0113|KP759662|SLE|WesternUrban|2014-10-30_I:0.2556179163):0.1091902263):0.1218607332):0.01369863014,((((EBOV|G4345.1|KR105239|SLE|Kenema|2014-07-18_I:0.09920988034,(((EBOV|G4701.1|KR105264|SLE|Kenema|2014-08-03_I:0.05479452055,EBOV|G4325.1|KR105234|SLE|Kenema|2014-07-14_I:0.01369863014):0.0745523461,EBOV|G4415.1|KR105247|SLE|Kenema|2014-07-18_I:0.09920988034):0.01369863014,EBOV|G4316.1|KR105231|SLE|Kenema|2014-07-13_I:0.08551125021):0.01369863014):0.01369863014,EBOV|G3856|KM233113|SLE|Kenema|2014-06-18_I:0.01701809952):0.01369863014,((EBOV|G4971.1|KR105284|SLE|Kenema|2014-08-14_I:0.01369863014,EBOV|20140008|KR653251|SLE|Kenema|2014-08-22_I:0.03561643836):0.03506251906,EBOV|Makona-UK1.1|KP184503|SLE|Kenema|2014-08-25_I:0.0788981355):0.1518185942):0.03845289606,((((((EBOV|J0098|KP759763|SLE|WesternRural|2014-10-28_I:0.1144109047,EBOV|J0026|KP759670|SLE|Bombali|2014-10-02_I:0.04317802799):0.09137271271,(EBOV|J0100|KP759655|SLE|Kambia|2014-10-26_I:0.1979164098,EBOV|20143187|KR653298|SLE|Pujehun|2014-10-28_I:0.2033958619):0.01369863014):0.01369863014,(((EBOV|Makona-UK2|KP658432|SLE|WesternArea|2014-12-29_I:0.3077572461,EBOV|20141582|KR653230|SLE|Bo|2014-10-04_I:0.07214080779):0.03129260399,(EBOV|20141650|KR653225|SLE|Kenema|2014-10-05_I:0.1010143196,(EBOV|20143796|KR653257|SLE|Moyamba|2014-11-05_I:0.1859458265,(EBOV|G5685.1|KR105317|SLE|Kenema|2014-09-13_I:0.01369863014,EBOV|G5684.1|KR105316|SLE|Kenema|2014-09-13_I:0.01369863014):0.02704171686):0.01369863014):0.01369863014):0.04175559918,((EBOV|KT5249|KU296601|SLE|WesternUrban|2015-02-22_I:0.5263315626,((EBOV|J0107|KP759768|SLE|WesternUrban|2014-10-29_I:0.1431321143,EBOV|J0068|KP759732|SLE|WesternRural|2014-10-09_I:0.08833759372):0.01369863014,EBOV|77525_EMLK|KU296820|SLE||2014-12-30_I:0.312995128):0.05169259904):0.01369863014,(((EBOV|KT4935|KU296467|SLE|WesternRural|2015-02-11_I:0.3037946453,EBOV|J0148|KP759612|SLE|WesternRural|2014-11-06_I:0.03804122064):0.06492893616,EBOV|J0091|KP759759|SLE|WesternArea|2014-10-25_I:0.07009344448):0.1274709949,(EBOV|J0170|KP759625|SLE|WesternUrban|2014-11-10_I:0.1493986875,EBOV|J0069|KP759733|SLE|WesternRural|2014-10-09_I:0.06172745458):0.09200136831):0.01369863014):0.01369863014):0.01369863014):0.01369863014,EBOV|J0108|KP759659|SLE|WesternRural|2014-10-28_I:0.2057836174):0.07850282134,(((((((EBOV|MK2367|KU296652|SLE|Bombali|2015-02-25_I:0.08944245752,(EBOV|MK2370|KU296760|SLE|Bombali|2015-02-25_I:0.08944245752,(EBOV|KT5382|KU296657|SLE|WesternRural|2015-02-25_I:0.08944245752,((EBOV|KT5859|KU296463|SLE|x|2015-03-10_I:0.1250588959,(EBOV|MK2364|KU296719|SLE|Bombali|2015-02-24_I:0.08670273149,EBOV|MK2334|KU296366|SLE|Bombali|2015-02-23_I:0.08396300546):0.01369863014):0.01369863014,EBOV|MK2008|KU296526|SLE|WesternUrban|2015-02-12_I:0.05382601916):0.01369863014):0.01369863014):0.01369863014):0.01369863014,(EBOV|PL5228|KU296535|SLE|PortLoko|2015-03-23_I:0.06681554835,EBOV|PL4570|KU296451|SLE|PortLoko|2015-03-10_I:0.03119910999):0.107558416):0.01369863014,(EBOV|12181_EMLH|KU296783|SLE|WesternUrban|2015-02-23_I:0.1317683721,(((EBOV|KT5486|KU296680|SLE|x|2015-02-27_I:0.06176162978,(EBOV|MK2788|KU296573|SLE|Bombali|2015-03-07_I:0.06015734269,(EBOV|MK2398|KU296578|SLE|Bombali|2015-02-25_I:0.01369863014,EBOV|12628_EMLH|KU296692|SLE|WesternRural|2015-03-23_I:0.08493150685):0.01906145228):0.02352209531):0.02940308914,(EBOV|KT5858|KU296754|SLE||2015-03-10_I:0.1076030751,EBOV|MK2724|KU296695|SLE|Bombali|2015-03-05_I:0.09390444495):0.01369863014):0.01706173618,(EBOV|Goderich1|KT345616|SLE|WesternUrban|2015-02-19_I:0.06673335772,((((((EBOV|DML12137|KT357819|SLE|WesternUrban|2015-02-28_I:0.01369863014,EBOV|DML12485|KT357824|SLE|WesternUrban|2015-03-31_I:0.09863013699):0.04931506849,EBOV|10402_EMLK|KU296635|SLE|WesternUrban|2015-02-10_I:0.01369863014):0.01369863014,EBOV|DML12120|KT357817|SLE|WesternUrban|2015-02-27_I:0.06660173298):0.01369863014,EBOV|DML12117|KT357816|SLE|WesternUrban|2015-02-26_I:0.06386200695):0.01369863014,EBOV|12666_EMLH|KU296803|SLE|WesternRural|2015-03-26_I:0.1405743357):0.01369863014,((EBOV|KT5214|KU296338|SLE|x|2015-02-20_I:0.01369863014,EBOV|12580_EMLH|KU296574|SLE|WesternRural|2015-03-20_I:0.0904109589):0.01369863014,EBOV|DML12268|KT357822|SLE|WesternUrban|2015-03-10_I:0.05335860503):0.04742365079):0.01369863014):0.01369863014):0.01369863014):0.03464793697):0.04461817341,((EBOV|705_EMLH|KU296683|SLE|x|2015-02-09_I:0.09655505882,EBOV|KT4730|KU296416|SLE|x|2015-02-07_I:0.09107560677):0.01369863014,EBOV|12757_EMLH|KU296468|SLE|WesternUrban|2015-04-03_I:0.2417605383):0.07586173649):0.01369863014,EBOV|77681_EMLK|KU296435|SLE|x|2015-01-08_I:0.1022810507):0.2407021528,((EBOV|DML12239|KT357820|SLE|WesternUrban|2015-03-09_I:0.4898312769,(((EBOV|PL4346|KU296641|SLE|Kambia|2015-03-04_I:0.05147982905,(((((EBOV|18648_EMLH|KU296701|SLE|WesternUrban|2015-07-09_I:0.1591975477,((EBOV|KT7106||SLE|x|2015-07-19_I:0.186594808,(EBOV|PL8486|KU296446|SLE||2015-06-25_I:0.1208413833,(EBOV|18659R_EMLH|KU296585|SLE|WesternUrban|2015-07-10_I:0.1619372738,EBOV|18638R_EMLH|KU296348|SLE|WesternUrban|2015-07-08_I:0.1564578217):0.01369863014):0.01369863014):0.01369863014,EBOV|13275_EMLH|KU296430|SLE|WesternUrban|2015-06-24_I:0.1181016573):0.01369863014):0.01369863014,(EBOV|18538_EMLH|KU296727|SLE||2015-07-04_I:0.09581560388,EBOV|DML14077|KT357860|SLE|WesternUrban|2015-06-30_I:0.08485669978):0.06338194384):0.01369863014,EBOV|MK8878|KU296684|SLE|Tonkolili|2015-07-23_I:0.1975537121):0.03091798625,EBOV|MK9396|KU296321|SLE|WesternUrban|2015-07-18_I:0.296964849):0.01369863014,EBOV|12916_EMLH|KU296318|SLE|WesternUrban|2015-04-29_I:0.07778676685):0.1134190896):0.2604769427,EBOV|77613_EMLK|KU296579|SLE|WesternUrban|2015-01-05_I:0.1530526621):0.07788240821,EBOV|J0169|KP759706|SLE|WesternUrban|2014-11-09_I:0.07477068677):0.08629346681):0.01369863014,EBOV|J0075|KP759743|SLE|WesternRural|2014-10-17_I:0.09805045495):0.01369863014):0.160809291,(((EBOV|J0060|KP759726|SLE|WesternUrban|2014-10-06_I:0.1839357213,((((EBOV|PL4187|KU296567|SLE|PortLoko|2015-03-01_I:0.07671232877,(EBOV|KT4622|KU296587|SLE|x|2015-02-01_I:0.01369863014,(EBOV|KT5832|KU296493|SLE|x|2015-03-10_I:0.03149750538,EBOV|PL4679|KU296623|SLE|x|2015-03-12_I:0.03697695744):0.08357098777):0.01369863014):0.02224307447,(EBOV|12257_EMLH|KU296702|SLE|PortLoko|2015-03-01_I:0.01369863014,EBOV|12229_EMLH|KU296643|SLE|WesternRural|2015-02-27_I:0.01369863014):0.1071745813):0.05503972395,EBOV|PL4105|KU296694|SLE|PortLoko|2015-02-28_I:0.1786526614):0.3990192859,(((((EBOV|405_EMLH|KU296805|SLE|x|2015-01-24_I:0.08039321237,(EBOV|PL6086|KU296651|SLE|Kambia|2015-04-12_I:0.2575342466,(EBOV|77677_EMLK|KU296558|SLE||2015-01-08_I:0.01369863014,EBOV|12161_EMLH|KU296697|SLE|x|2015-02-21_I:0.1342465753):0.01369863014):0.01369863014):0.01369863014,EBOV|77649_EMLK|KU296380|SLE|WesternUrban|2015-01-07_I:0.0338178699):0.01369863014,EBOV|77679_EMLK|KU296512|SLE||2015-01-08_I:0.04850504956):0.04898974008,EBOV|77716_EMLK|KU296569|SLE|WesternUrban|2015-01-10_I:0.1229623428):0.2051852415,EBOV|J0086|KP759646|SLE|WesternRural|2014-10-23_I:0.1117092282):0.1152777876):0.01369863014):0.03461245618,(((((EBOV|KT4677|KU296608|SLE|WesternRural|2015-02-03_I:0.08833979907,EBOV|762_EMLH|KU296728|SLE|x|2015-02-12_I:0.1129973333):0.01369863014,EBOV|651_EMLH|KU296457|SLE||2015-02-07_I:0.09929870318):0.01369863014,((EBOV|KT4695|KU296549|SLE|WesternRural|2015-02-04_I:0.06490783604,EBOV|402_EMLH|KU296495|SLE|WesternRural|2015-01-23_I:0.03203112371):0.0304809337,EBOV|389_EMLH|KU296593|SLE|WesternRural|2015-01-23_I:0.06251205741):0.02308801563):0.2820933436,(EBOV|J0080|KP759749|SLE|PortLoko|2014-10-18_I:0.04400111643,EBOV|J0043|KP759712|SLE|WesternArea|2014-10-04_I:0.01369863014):0.04988519744):0.1310403521,EBOV|DML25411|KT357857|SLE|Kono|2015-03-10_I:0.624761166):0.02861912793):0.01369863014,(EBOV|1128|KR534580|GIN|Conakry|2014-09-25_I:0.1647824607,EBOV|G5743.1|KR105323|SLE|Kono|2014-09-17_I:0.1428646524):0.03380331267):0.01369863014):0.02268696679):0.186946438,(((((((EBOV|20142843|KR653301|SLE|Bombali|2014-10-23_I:0.02300794629,EBOV|20143107|KR653247|SLE|Bombali|2014-10-25_I:0.02848739834):0.10111123,(EBOV|MK0367|KU296770|SLE|Bombali|2014-12-21_I:0.2330218799,(((EBOV|MK0868|KU296537|SLE|x|2015-01-05_I:0.06793270139,EBOV|MK1014|KU296316|SLE|Bombali|2015-01-10_I:0.08163133153):0.1661376285,(((EBOV|MK0364|KU296453|SLE|Bombali|2014-12-21_I:0.096655748,EBOV|MK0491|KU296510|SLE|Bombali|2014-12-23_I:0.1021352001):0.08560978779,(EBOV|MK0392|KU296691|SLE|Bombali|2014-12-22_I:0.1850052618,EBOV|MK0369|KU296413|SLE|Bombali|2014-12-21_I:0.1822655358):0.01369863014):0.01369863014,EBOV|MK0379|KU296480|SLE|Bombali|2014-12-22_I:0.1957141655):0.01369863014):0.01369863014,EBOV|MK0869|KU296534|SLE|Bombali|2015-01-05_I:0.2741177703):0.01369863014):0.03500432548):0.04072386055,EBOV|20141232|KR653266|SLE|Tonkolili|2014-09-25_I:0.08813070811):0.01369863014,EBOV|J0017|KP759747|SLE|Bombali|2014-09-26_I:0.09087043414):0.07239248496,EBOV|MK0709|KU296373|SLE|Tonkolili|2014-12-31_I:0.4399752479):0.01369863014,(EBOV|G5296.1|KR105303|SLE|x|2014-08-25_I:0.03830392333,((EBOV|MK0375|KU296606|SLE|Bombali|2014-12-22_I:0.3043432763,((EBOV|PL2921|KU296506|SLE|Kambia|2015-02-03_I:0.258330106,EBOV|KT4801|KU296722|SLE|x|2015-02-10_I:0.2775081881):0.1044181788,EBOV|20142856|KR653302|SLE|Tonkolili|2014-10-24_I:0.08329622993):0.05940321074):0.0430593952,((EBOV|J0160|KP759621|SLE|WesternRural|2014-11-07_I:0.1535229314,EBOV|20141497|KR653273|SLE|Bombali|2014-10-01_I:0.05215306834):0.03195535945,EBOV|20142127|KR653234|SLE|Bombali|2014-10-12_I:0.1142454141):0.03863670945):0.0169286491):0.06468502318):0.2339973549,((((EBOV|678|KR534516|GIN|Conakry|2014-08-19_I:0.1698630137,((EBOV|EM_080265|KR817244|SLE|Kailahun|2014-07-12_I:0.06575342466,((EBOV|G4717.1|KR105266|SLE|Kenema|2014-08-04_I:0.1287671233,(EBOV|G4255.1|KR105226|SLE|Kailahun|2014-07-11_I:0.06301369863,(EBOV|G3851|KM233112|SLE|Kenema|2014-06-18_I:0.01369863014,EBOV|G3851.2|KR105202|SLE|Kenema|2014-06-18_I:0.01369863014):0.01369863014):0.01369863014):0.01369863014,EBOV|1059|KR534529|GIN|Conakry|2014-09-21_I:0.2602739726):0.01369863014):0.01369863014,(EBOV|509|KR534508|GIN|Conakry|2014-07-24_I:0.04509213481,(EBOV|1105|KR534579|GIN|Conakry|2014-09-24_I:0.207032637,(((EBOV|EM_COY_2015_013795||GIN|Forecariah|2015-03-16_I:0.1304900392,EBOV|EM_COY_2015_014060||GIN|Dubreka|2015-03-25_I:0.1551475735):0.1225372562,((EBOV|EM_COY_2015_017174||GIN|Forecariah|2015-05-30_I:0.03586993022,(EBOV|EM_FORE_2015_695||GIN|Forecariah|2015-06-07_I:0.05778773844,((EBOV|EM_FORE_2015_1118||GIN|Forecariah|2015-07-02_I:0.06806844627,EBOV|EM_FORE_2015_1023||GIN|Forecariah|2015-06-29_I:0.05984926819):0.05781050901,(EBOV|EM_FORE_2015_934||GIN|Forecariah|2015-06-23_I:0.101221421,EBOV|EM_COY_2015_022059||GIN|Forecariah|2015-07-02_I:0.1258789553):0.01369863014):0.01369863014):0.01369863014):0.3511447474,((EBOV|EM_COY_2015_023888||GIN|Dubreka|2015-09-15_I:0.3633778668,((((((EBOV|REDC-GUI-2015-00502||GIN|Conakry|2015-07-13_I:0.1844617117,EBOV|REDC_GUI_2015_01285||GIN|Conakry|2015-08-24_I:0.2995302049):0.01369863014,EBOV|EM_COY_2015_016456||GIN|Dubreka|2015-05-12_I:0.0181723873):0.01369863014,EBOV|EM_COY_2015_017666||GIN|Dubreka|2015-06-12_I:0.1031038942):0.01369863014,(EBOV|EM_COY_2015_017238||GIN|Dubreka|2015-05-31_I:0.0334636663,(((EBOV|CON-10193||GIN|Conakry|2015-08-03_I:0.03269356467,EBOV|CON-10512||GIN|Conakry|2015-08-11_I:0.05461137289):0.090988341,EBOV|REDC_GUI_2015_00483||GIN|Conakry|2015-07-12_I:0.06340793307):0.09549617652,EBOV|EM_COY_2015_016800||GIN|Dubreka|2015-05-20_I:0.01369863014):0.01369863014):0.0502151364):0.01369863014,(EBOV|EM_COY_2015_016617||GIN|Dubreka|2015-05-16_I:0.01369863014,EBOV|EM_COY_2015_016531||GIN|Dubreka|2015-05-14_I:0.01369863014):0.02365183936):0.01369863014,EBOV|REDC_GUI_2015_00589||GIN|Conakry|2015-07-15_I:0.1935148531):0.01369863014):0.2034968817,EBOV|EM_COY_2015_016267||GIN|Dubreka|2015-05-04_I:0.2783695524):0.07810620512):0.03079811327):0.2510822936,EBOV|1027|KR534577|GIN|Conakry|2014-09-18_I:0.01369863014):0.1768956507):0.01369863014):0.1299536643):0.01369863014):0.01369863014,(EBOV|742|KR534587|GIN|Conakry|2014-08-26_I:0.05559421527,EBOV|J0021|KP759756|SLE|Bombali|2014-09-29_I:0.1487449002):0.1471455108):0.01369863014,((EBOV|G4698.1|KR105263|SLE|Kenema|2014-08-03_I:0.1698199906,EBOV|G4431.1|KR105253|SLE|Bo|2014-07-20_I:0.1314638262):0.01369863014,((((EBOV|J0048|KP759716|SLE|WesternRural|2014-10-05_I:0.1894923856,(EBOV|G4725.1|KR105267|SLE|Moyamba|2014-08-04_I:0.01962937187,EBOV|1571|KR534566|GIN|Forecariah|2014-10-20_I:0.230588276):0.01369863014):0.01369863014,EBOV|989|KR534526|GIN|Forecariah|2014-09-15_I:0.134697865):0.07027407909,(((EBOV|J0032|KP759691|SLE|PortLoko|2014-09-30_I:0.01369863014,EBOV|J0074|KP759739|SLE|WesternRural|2014-10-13_I:0.04931506849):0.2323692044,EBOV|20141282|KR653229|SLE|Kambia|2014-09-23_I:0.2268897523):0.01369863014,((EBOV|J0085|KP759645|SLE|PortLoko|2014-10-17_I:0.2247827489,EBOV|G4955.1|KR105281|SLE|x|2014-08-13_I:0.04670055709):0.06786042812,(EBOV|G4994.1|KR105289|SLE|x|2014-08-15_I:0.01369863014,EBOV|J0088|KP759648|SLE|PortLoko|2014-10-20_I:0.1945205479):0.1063418071):0.01369863014):0.01369863014):0.05525900536,(((EBOV|20141288|KR653232|SLE|PortLoko|2014-09-23_I:0.02979317831,EBOV|J0030|KP759606|SLE|PortLoko|2014-10-03_I:0.05719043858):0.09146868308,((EBOV|PL4322|KU296677|SLE|PortLoko|2015-03-05_I:0.1152042706,EBOV|PL4121|KU296305|SLE|PortLoko|2015-02-28_I:0.1015056405):0.3231946984,(EBOV|KT5243|KU296736|SLE|x|2015-02-22_I:0.4082619828,(EBOV|J0014|KP759740|SLE|PortLoko|2014-09-29_I:0.01369863014,EBOV|J0013|KP759643|SLE|PortLoko|2014-09-28_I:0.01369863014):0.01369863014):0.01369863014):0.09386460112):0.08694872472,EBOV|G5982.1|KR105332|SLE|x|2014-09-25_I:0.2136900382):0.1013354319):0.01369863014):0.03839918752):0.01369863014,(((EBOV|J0097|KP759762|SLE|WesternRural|2014-10-28_I:0.06574271121,EBOV|J0158|KP759700|SLE|WesternRural|2014-11-08_I:0.09587969751):0.09505902053,((EBOV|MK0879|KU296410|SLE|PortLoko|2015-01-05_I:0.2398157441,EBOV|J0084|KP759753|SLE|PortLoko|2014-10-16_I:0.01789793584):0.1100270836,(EBOV|J0155|KP759697|SLE|WesternArea|2014-11-07_I:0.1558265597,EBOV|J0119|KP759667|SLE|WesternUrban|2014-10-30_I:0.1339087514):0.03237243235):0.01369863014):0.1524688998,(((EBOV|MK0574|KU296332|SLE|x|2014-12-28_I:0.3105279336,EBOV|MK13013|KU296454|SLE|Bombali|2015-09-12_I:1.017377249):0.1835646157,((((EBOV|12705_EMLH|KU296490|SLE|WesternUrban|2015-03-29_I:0.3863013699,EBOV|J0161|KP759701|SLE|WesternUrban|2014-11-08_I:0.01369863014):0.1209438069,(EBOV|J0145|KP759693|SLE|WesternRural|2014-11-06_I:0.04241989888,EBOV|J0125|KP759674|SLE|WesternRural|2014-10-31_I:0.02598154272):0.08674308613):0.1257071717,EBOV|J0056|KP759634|SLE|PortLoko|2014-10-08_I:0.1754181019):0.09675663921,EBOV|J0037|KP759615|SLE|PortLoko|2014-10-03_I:0.2584761109):0.01369863014):0.01369863014,((EBOV|G5019.1|KR105294|SLE|Kenema|2014-08-16_I:0.05998616359,EBOV|20142551|KR653226|SLE|Koinadugu|2014-10-23_I:0.2462875335):0.01369863014,(((EBOV|J0010|KP759639|SLE|PortLoko|2014-09-28_I:0.01369863014,EBOV|J0109|KP759594|SLE|WesternUrban|2014-10-31_I:0.104109589):0.01369863014,EBOV|MK0864|KU296334|SLE|x|2015-01-05_I:0.2857711631):0.07083848875,(EBOV|J0175|KP759709|SLE|WesternArea|2014-11-11_I:0.2050850641,EBOV|J0131|KP759680|SLE|PortLoko|2014-10-30_I:0.1722083518):0.01369863014):0.09325726389):0.08068172817):0.01369863014):0.08946909454):0.01369863014):0.01369863014):0.01369863014):0.05753424658):0.01369863014,(EBOV|EM121|KM233044|SLE|Kailahun|2014-06-04_I:0.01369863014,EBOV|G4527.2|KR105261|SLE|Kenema|2014-07-26_I:0.1561643836):0.06497753396):0.01369863014,((EBOV|LIBR10051|KT725368|LBR|x|2014-10-01_I:0.1380859994,EBOV|LIBR10113|KT725367|LBR|x|2014-08-20_I:0.02301750627):0.1669292056,((EBOV|EM_004589|KR817106|GIN|Siguiri|2015-01-31_I:0.4918639923,(EBOV|LIBR10021|KT725335|LBR|x|2014-08-18_I:0.03706947179,(EBOV|LIBR10092|KT725380|LBR|x|2014-08-17_I:0.01369863014,EBOV|LIBR10093|KT725363|LBR|Nimba|2014-08-17_I:0.01369863014):0.02063111562):0.01369863014):0.1336991579,EBOV|LIBR0173|KR006950|LBR|Montserrado|2014-11-14_I:0.4255631502):0.01369863014):0.1343186598):0.01369863014,((EBOV|201403007|KP178538|LBR|x|2014-08-03_I:0.1748494319,((EBOV|EM_074785|KR817126|GIN|Macenta|2014-08-16_I:0.1124150694,EBOV|EM_000027|KR817068|GIN|x|2014-09-01_I:0.1562506858):0.01369863014,(((EBOV|1371|KR534555|GIN|Conakry|2014-10-10_I:0.1016052695,EBOV|EM_076951|KR817159|GIN|Lola|2014-11-13_I:0.1947559545):0.02966364644,EBOV|EM_000925|KR817082|GIN|Macenta|2014-09-29_I:0.1011319297):0.06160171843,EBOV|EM_076534|KR817152|GIN|Macenta|2014-11-01_I:0.253144607):0.08392799662):0.08435217079):0.09560755408,((((EBOV|LIBR10079|KT725309|LBR|GrandBassa|2014-08-26_I:0.08345167675,(EBOV|EM_074437|KR817117|GIN|Nzerekore|2014-08-01_I:0.01369863014,(EBOV|EM_000706|KR817079|GIN|Nzerekore|2014-09-21_I:0.1397260274,EBOV|EM_074436|KR817116|GIN|Nzerekore|2014-08-01_I:0.01369863014):0.01369863014):0.01369863014):0.1284675006,(EBOV|EM_074720|KR817125|LBR|Lofa|2014-08-14_I:0.1834673843,EBOV|EM_080065|KR817232|LBR|x|2014-06-20_I:0.03278245278):0.02171244505):0.09541414298,(((EBOV|G3799|KM233080|SLE|Kailahun|2014-06-15_I:0.09511452026,(EBOV|G4973.1|KR105286|SLE|x|2014-08-12_I:0.2540186299,EBOV|20140517|KR653263|SLE|Kailahun|2014-09-05_I:0.3197720545):0.01369863014):0.01369863014,(((EBOV|G3788|KM233075|SLE|Kailahun|2014-06-14_I:0.0370590574,(EBOV|G3972.1|KR105212|SLE|x|2014-06-24_I:0.02706952811,((EBOV|LIBR0605|KR006958|LBR|Montserrado|2014-12-20_I:0.1325797228,EBOV|CDC-NIH-3762||LBR|Montserrado|2014-11-19_I:0.04764821593):0.3256670946,(EBOV|LIBR10112|KT725365|LBR|RiverGee|2014-08-20_I:0.118958118,EBOV|LIBR0279|KT725280|LBR|x|2014-11-22_I:0.3764923645):0.01369863014):0.05057716357):0.03738678957):0.01369863014,(EBOV|G3807|KM233084|SLE|Kailahun|2014-06-15_I:0.01450210475,EBOV|G3786|KM233073|SLE|Kailahun|2014-06-14_I:0.01369863014):0.0370590574):0.02874731512,((((EBOV|LIBR1413|KR006962|LBR|Montserrado|2015-02-14_I:0.1830597067,EBOV|LIBR0993|KR006960|LBR|Montserrado|2015-01-20_I:0.1145665561):0.3355395855,EBOV|CDC-NIH-1650||LBR|Margibi|2014-09-27_I:0.1350376484):0.1941790826,(EBOV|LIBR10237|KT725275|LBR|x|2014-07-11_I:0.1018194708,(((EBOV|CDC-NIH-3827||LBR|Montserrado|2014-11-23_I:0.4291895719,((((EBOV|LIBR10014|KT725390|LBR|Montserrado|2014-08-19_I:0.01369863014,(EBOV|LIBR10218|KT725284|LBR|x|2014-09-29_I:0.01369863014,EBOV|LIBR0159|KT725327|LBR|Montserrado|2014-11-13_I:0.1369863014):0.1123287671):0.138752202,EBOV|LIBR10249|KT725388|LBR|x|2014-07-04_I:0.02642343488):0.01369863014,EBOV|LIBR10270|KT725256|LBR|x|2014-08-26_I:0.1716289143):0.01369863014,EBOV|LIBR10172|KT725289|LBR|x|2014-09-01_I:0.2017923116):0.01369863014):0.01369863014,EBOV|LIBR0160|KT725370|LBR|Montserrado|2014-11-13_I:0.4017923116):0.01369863014,(EBOV|LIBR0073|KR006944|LBR|GrandBassa|2014-11-06_I:0.08110869261,EBOV|LIBR0059|KR006941|LBR|RiverCess|2014-11-05_I:0.07836896658):0.3152041669):0.01369863014):0.01369863014):0.01369863014,((((EBOV|LIBR10253|KT725282|LBR|Margibi|2014-09-16_I:0.1725569603,EBOV|LIBR11177|KT725358|LBR|Margibi|2014-10-05_I:0.2246117548):0.01369863014,EBOV|LIBR10077|KT725326|LBR|Margibi|2014-08-26_I:0.1150227137):0.01369863014,EBOV|LIBR10132|KT725255|LBR|Margibi|2014-09-08_I:0.150639152):0.01369863014,EBOV|LIBR10031|KT725278|LBR|Margibi|2014-08-16_I:0.09018607185):0.1096877684):0.01369863014):0.02485546894):0.01369863014,EBOV|G3787|KM233074|SLE|Kailahun|2014-06-14_I:0.09237479424):0.01369863014):0.01369863014,(EBOV|EM_074349|KR817108|LBR|Lofa|2014-07-22_I:0.01369863014,EBOV|EM_004563|KR817104|GIN|Kissidougou|2015-01-25_I:0.5260273973):0.1876285626):0.01369863014):0.0911868496):0.01369863014,(((((EBOV|1205|KR534538|GIN|Conakry|2014-10-02_I:0.2505559113,(EBOV|EM_075931|KR817138|GIN|Beyla|2014-10-10_I:0.07257188254,EBOV|Makona-Mali-DPR1|KP260799|GIN|x|2014-10-23_I:0.1081883209):0.199901837):0.01369863014,((EBOV|EM_076335|KR817147|GIN|Kerouane|2014-10-23_I:0.1957493482,(((EBOV|EM_078656|KR817168|GIN|Kouroussa|2014-12-09_I:0.120404806,EBOV|EM_078556|KR817163|GIN|Kankan|2014-12-01_I:0.0984869978):0.1746314205,EBOV|1454|KR534560|GIN|Conakry|2014-10-14_I:0.141611569):0.02649435404,(EBOV|1394|KR534557|GIN|Coyah|2014-10-11_I:0.1175702207,EBOV|EM_078670|KR817169|GIN|Kankan|2014-12-11_I:0.2846935084):0.04231652422):0.01369863014):0.05731267115,((EBOV|LIBR10062|KT725359|LBR|x|2014-09-23_I:0.1358708921,EBOV|EM_075447|KR817134|GIN|Macenta|2014-08-31_I:0.07285719345):0.01369863014,EBOV|EM_075373|KR817132|GIN|Macenta|2014-08-30_I:0.07011746742):0.03201345552):0.05801402946):0.05294057145,(((((EBOV|EM_078779|KR817177|GIN|Kissidougou|2014-12-18_I:0.05410176828,(EBOV|EM_078706|KR817173|GIN|Kissidougou|2014-12-15_I:0.0458825902,(EBOV|EM_004201|KR817093|GIN|Kissidougou|2014-12-24_I:0.07054012444,EBOV|EM_004422|KR817097|GIN|Kissidougou|2015-01-02_I:0.09519765869):0.01369863014):0.01369863014):0.01369863014,EBOV|EM_004437|KR817098|GIN|Kissidougou|2015-01-04_I:0.1089152384):0.08582630594,EBOV|EM_076403|KR817149|GIN|Macenta|2014-10-27_I:0.0385582112):0.183359597,(EBOV|EM_074821|KR817127|LBR|Lofa|2014-08-17_I:0.01369863014,((EBOV|LIBR10061|KT725376|LBR|Montserrado|2014-09-23_I:0.01369863014,EBOV|EM_078683|KR817170|GIN|Kerouane|2014-12-11_I:0.2301369863):0.03030732931,EBOV|EM_075932|KR817139|GIN|Macenta|2014-10-10_I:0.09058130191):0.07106253371):0.01369863014):0.1500718252,EBOV|EM_076615|KR817154|GIN|Macenta|2014-11-03_I:0.3911677156):0.01369863014):0.01369863014,(EBOV|Conakry_633|KR534512|GIN|Gueckedou|2014-08-12_I:0.01369863014,((EBOV|1355|KR534553|GIN|Coyah|2014-10-09_I:0.02959774972,EBOV|1568|KR534565|GIN|Forecariah|2014-10-18_I:0.05425528397):0.08573092998,(EBOV|1321|KR534547|GIN|Coyah|2014-10-07_I:0.1098492276,EBOV|1274|KR534542|GIN|Coyah|2014-10-04_I:0.1016300496):0.01369863014):0.04357542989):0.1774690855):0.01369863014,(EBOV|LIBR10130|KT725343|LBR|Montserrado|2014-09-01_I:0.1519504473,(((((EBOV|LIBR10103|KT725338|LBR|Nimba|2014-08-20_I:0.01369863014,EBOV|LIBR10148|KT725295|LBR|Nimba|2014-09-20_I:0.09863013699):0.01369863014,EBOV|LIBR10035|KT725259|LBR|GrandBassa|2014-08-15_I:0.01369863014):0.04888878294,(EBOV|LIBR0503|KR006956|LBR|Sinoe|2014-12-10_I:0.3094941461,EBOV|LIBR10261|KT725287|LBR|Sinoe|2014-10-14_I:0.1533297625):0.07364121223):0.01369863014,(EBOV|CDC-NIH-3878||LBR|Montserrado|2014-11-25_I:0.1798214262,EBOV|CDC-NIH-2984||LBR|Montserrado|2014-10-23_I:0.08941046725):0.1485194116):0.01369863014,EBOV|LIBR10110|KT725387|LBR|x|2014-08-20_I:0.06258741308):0.0153904315):0.107710419):0.1587413252):0.01369863014,EBOV|EM_080132|KR817236|SLE|Kailahun|2014-06-24_I:0.1924485752):0.01369863014,(EBOV|EM_080213|KR817240|LBR|x|2014-07-03_I:0.1980099951,EBOV|EM_000934|KR817083|GIN|Gueckedou|2014-09-29_I:0.4391058855):0.05398133128):0.203872598,(((EBOV|EM_079542|KR817199|GIN|Gueckedou|2014-04-12_I:0.2687793327,(EBOV|EM_079424|KR817189|GIN|Macenta|2014-03-27_I:0.1159341292,EBOV|EM_079421|KR817186|GIN|Macenta|2014-03-30_I:0.1241533073):0.109009587):0.04194258035,(((EBOV|EM_079464|KR817195|GIN|Macenta|2014-04-04_I:0.09178631335,EBOV|EM_079405|KR817180|GIN|Gueckedou|2014-03-28_I:0.07260823116):0.09692974991,((EBOV|EM_079578|KR817201|GIN|Gueckedou|2014-04-18_I:0.03659003684,EBOV|EM_079514|KR817197|GIN|Gueckedou|2014-04-10_I:0.01467222862):0.1904821908,((EBOV|EM_079622|KR817203|GIN|Gueckedou|2014-04-28_I:0.08375430344,(EBOV|EM_079915|KR817226|GIN|Gueckedou|2014-06-10_I:0.1010099326,EBOV|EM_079772|KR817215|GIN|Gueckedou|2014-05-24_I:0.05443459017):0.10055259):0.04617237232,EBOV|EM_079630|KR817204|GIN|Gueckedou|2014-05-01_I:0.1381458538):0.1245428122):0.01369863014):0.06931265878,((EBOV|PL5294|KU296764|SLE|Kambia|2015-03-24_I:0.601375667,((EBOV|1341||GIN|Coyah|2014-10-08_I:0.1438414204,EBOV|1551|KR534562|GIN|Conakry|2014-10-18_I:0.1712386807):0.01369863014,(((EBOV|EM_COY_2015_016642||GIN|Forecariah|2015-05-17_I:0.0380207911,EBOV|EM_FORE_2015_875||GIN|Forecariah|2015-06-17_I:0.1229522979):0.1785605961,EBOV|EM_COY_2015_016293||GIN|Forecariah|2015-05-06_I:0.1864444009):0.3744486384,(EBOV|IPDPFHGINSP_GUI_2015_5117||GIN|Dubreka|2015-04-03_I:0.09083585762,((EBOV|KG91||GIN|Boke|2015-06-20_I:0.01369863014,EBOV|GUI_CTS_2015_0052||GIN|Boke|2015-06-25_I:0.02739726027):0.1143939428,EBOV|KG12||GIN|Boke|2015-05-27_I:0.06233914833):0.1764419148):0.3796462227):0.171989477):0.01369863014):0.01369863014,EBOV|1316|KR534546|GIN|Coyah|2014-10-07_I:0.1411016944):0.5991188085):0.01707675262):0.01369863014,(((EBOV|EM_079914|KR817225|GIN|Gueckedou|2014-06-10_I:0.06947081754,((EBOV|531|KR534510|GIN|Kouroussa|2014-07-27_I:0.1779491873,EBOV|EM_074335|KR817107|x|x|2014-07-18_I:0.1532916531):0.01369863014,(EBOV|EM_080141|KR817237|GIN|Gueckedou|2014-06-25_I:0.04473308996,EBOV|EM_079911|KR817222|GIN|Gueckedou|2014-06-09_I:0.01369863014):0.04644233803):0.01369863014):0.0852842094,EBOV|EM_079750|KR817213|GIN|Gueckedou|2014-05-21_I:0.1070690132):0.2017563903,EBOV|EM_079414|KR817185|GIN|Gueckedou|2014-03-31_I:0.1690993761):0.1224444547):0.01369863014);">
	</init>
	
	<run id="mcmc" spec="MCMC" chainLength="500000">
		<state id="state" storeEvery="100">
			<parameter id="initI0" lower="0.0" upper="140" name="stateNode">16.31705804083015</parameter>
			<parameter id="b" lower="0.0" upper="Infinity" name="stateNode">67.19745324723135</parameter>
			<parameter id="a" lower="-Infinity" upper="Infinity" name="stateNode">-25.050218168022802</parameter>
			<parameter id="trr" lower="-Infinity" upper="Infinity" name="stateNode">6.594857810472015</parameter>
		</state>
	 	
 		<distribution id="posterior" spec="util.CompoundDistribution">
			<distribution id="prior" spec="util.CompoundDistribution">
				<prior id="initI0prior" name="distribution" x="@initI0">
					<LogNormal id="LogNormal:initI0" M="0" S="1" name="distr" />
				</prior>
				<prior id="trrPrior" name="distribution" x="@trr">
					<LogNormal id="LogNormal:trr" M="1" S="1" name="distr" />
				</prior>
				<prior id="bPrior" name="distribution" x="@b">
					<LogNormal id="LogNormal:b" M="4.6" S="1" name="distr" />
				</prior>
				<prior id="aPrior" name="distribution" x="@a">
					<Normal id="Normal:a" mean="0.0" sigma="40.0" name="distr" />
				</prior>
			</distribution>	
			
			<distribution id="likelihood" spec="util.CompoundDistribution">
				 <distribution spec='STreeLikelihoodODE' id = 'stlikelihood'
             	 useStateName='true' 
             	 approxLambda='false' finiteSizeCorrections='false'
             	 solvePL='false'
             	 forgiveY='true'
             	 forgiveAgtY='1.0'
                 popmodel='@sirmodel'  >
                 
                 <treeIntervals spec="STreeIntervals" tree='@tree'> </treeIntervals>
                 
    			</distribution>
			</distribution>
		</distribution>
		
		<operator id="rwoperator:trr" spec="RealRandomWalkOperator" windowSize="0.0001" parameter="@trr" useGaussian='true' weight="1" />
		<operator id="rwoperator:b" spec="RealRandomWalkOperator" windowSize="0.0000150" parameter="@b" useGaussian='true' weight="1" />
		<operator id="rwoperator:a" spec="RealRandomWalkOperator" windowSize="0.0000150" parameter="@a" useGaussian='true' weight="1" />
		<operator id="rwoperator:initI0" spec="RealRandomWalkOperator" windowSize="0.0000150" parameter="@initI0" useGaussian='true' weight="1" />
		
		<logger id="tracelog" fileName="hetseir0.0.log" logEvery="100" model="@posterior" sanitiseHeaders="true" sort="smart">
			<log idref="trr"/>
			<log idref="b"/>
			<log idref="a"/>
			<log idref="initI0"/>
			<log idref="prior"/>
			<log idref="posterior"/>
		</logger>
		<logger id="screenlog" logEvery="1">
			<log idref="trr"/>
			<log idref="b"/>
			<log idref="a"/>
			<log idref="initI0"/>
			<log idref="prior"/>
			<log idref="posterior"/>
		</logger>
		<logger id = "popModelLogger" fileName="hetseir0.0.traj" logEvery="100">
			<log id="trajectoryLogger" spec="TrajectoryLogger" popModel="@sirmodel" pointFrequency="1"></log>
		</logger>
	</run>
</beast>
