<!-- Simple two-deme model with acute infection -->


<beast version='2.7' namespace='master:master.model:master.conditions:master.outputs:master.beast:beast.base.inference.parameter:master.postprocessors'>
  <run spec='InheritanceTrajectory'
	   samplePopulationSizes="true"
	   verbosity="1"
	   simulationTime="50"
	   >
	   
	<model spec='Model' id='model'>
	  <population spec='Population' id='S' populationName='S'/>
	  <population spec='Population' id='I0' populationName='I0'/>
	  <population spec='Population' id='I1' populationName='I1'/>
	  
	  <reaction spec='Reaction' reactionName="Infection0" rate=".001">
			S:1 + I0:2 -> 2 I0:2
	  </reaction>
	  <reaction spec='Reaction' reactionName="Infection1" rate=".0001">
			S:1 + I1:2 -> I0:2 + I1:2
	  </reaction>
	  <reaction spec='Reaction' reactionName="Progression" rate="1.0">
			I0:1 -> I1:1
	  </reaction>
	  <reaction spec='Reaction' reactionName="Death" rate="0.1111">
			I1 -> 0
	  </reaction>
	  <reaction spec='Reaction' reactionName="Birth" rate=".01">
			S -> S + S
	  </reaction>
	</model>
	
	<initialState spec='InitState'>
	  <populationSize spec='PopulationSize' population='@S' size='999'/>
	  <populationSize spec='PopulationSize' population='@I0' size='1'/>
	  <populationSize spec='PopulationSize' population='@I1' size='0'/>
	  <lineageSeed spec='Individual' population='@I0' time="0"/> 
	</initialState>
	
	
	<inheritancePostProcessor spec='LineageSampler'
      nSamples="200"
      samplingTime="20"
      reverseTime="false"/>
	
	
	<!-- <output spec='NewickOutput' fileName='HIVModel.nwk'/> -->
	<output spec='NexusOutput' fileName='sir2Master.nexus'/>
	<output spec='JsonOutput' fileName='sir2Master.json'/>
  </run>
</beast>

