<?xml version="1.0"?>
<beast namespace="beast.base.core:beast.base.inference:beast.base.util
       :beast.base.evolution:beast.base.evolution.alignment:beast.base.evolution.nuc
       :beast.base.evolution.operator:beast.base.inference.operator:beast.base.inference.distributions
       :beast.base.evolution.branchratemodel:beast.base.evolution.sitemodel:beast.base.evolution.substitutionmodel
       :beast.base.evolution.speciation:beast.base.evolution.tree.coalescent:beast.base.evolution.likelihood
       :phydyn.distribution:phydyn.model:phydyn.evolution.tree.coalescent:phydyn.loggers:phydyn.operators" version="2.7">


<model spec="PopModelODE" id="twodeme"
       popParams='@initValues' modelParams='@rates'  >
   <definitions> 
  	k0 = beta0*S; k1 = beta1*S;
   </definitions> 
   <matrixeqs>
     F(I0,I0) = k0*I0;
     F(I1,I0) = k1*I1;
     G(I0,I1) = gamma0*I0;
     D(I0) = 0;
     D(I1) = gamma1*I1;
     dot(S) = b*S-(beta0*I0+beta1*I1)*S;
   </matrixeqs>
</model>

<rates spec="ModelParameters" id='rates'>
    <param spec="ParamValue" pname="beta0" pvalue="0.001"/>
    <param spec="ParamValue" pname="beta1" pvalue="0.0001"/>
    <param spec="ParamValue" pname="gamma0" pvalue="1.0"/>
    <param spec="ParamValue" pname="gamma1" pvalue="0.1111"/>
    <param spec="ParamValue" pname="b" pvalue="0.01"/>
</rates>  

<trajparams id="initValues" spec="TrajectoryParameters" method="classicrk"
	    integrationSteps="1001"  t0="0" t1="20">
      <initialValue spec="ParamValue" pname="I0" pvalue="1"/>
      <initialValue spec="ParamValue" pname="I1" pvalue="0"/>
      <initialValue spec="ParamValue" pname="S" pvalue="999"/>
</trajparams>
  
<run spec="phydyn.run.XMLGenerator" xmlType="likelihood" model='@twodeme'
     outputFile="sir2Likelihood.xml" treeFile="sir2Master.nwk"
     adjustTipHeights="true" createDateTrait="false" createTypeTrait="false" />

</beast>
