<!-- Basic XML input file -->

<beast version='2.0' namespace='phydyn.model:beast.util:beast.evolution.alignment:beast.evolution.tree'>

	<model spec='PopModelODE' id='themodel' evaluator="compiled"
	     popParams='@initValues' modelParams='@rates'>
		<definition spec='Definition'>N = I0+S</definition>
		<definition spec='Definition'>beta = if (t !> 20) then 10*mod(5,3) else 10*mod(4,3) </definition>
		<matrixeq spec='MatrixEquation' type="birth" origin="I0" destination="I0"> beta </matrixeq> 		
		<matrixeq spec='MatrixEquation' type="nondeme" origin="S"> 
		  -(3^2) - 100*cos(t*PI/10)
		</matrixeq>
	</model>
	
	<rates spec="ModelParameters" id='rates'>	
		<param spec='ParamValue' names='b mu' values='0.07 0.0333'></param>
		<param spec='ParamValue' names='beta0 beta1 beta2' values='10 0.03 0.09'></param>
		<param spec='ParamValue' names='gamma0 gamma1 gamma2' values='1 0.1428 0.64'></param>
	</rates>	

			
	<trajparams id='initValues' spec='TrajectoryParameters' method="adams-bashforth" 
	            integrationSteps="1001" rTol="0.01" aTol="1.0e-4" order="3" t0="0" t1="50">
			<initialValue spec="ParamValue" names='I0 I1' values='1 0.01'  />
			<initialValue spec="ParamValue" names='I2 S' values='0.01 1000.0' />
	</trajparams>
	
	
    <run spec='TrajectoryOut' model='@themodel' file="examples/SIR/trajSIR.csv">   </run>
    
</beast>
